00	0000001
00	0000002
00	0000004
00	0000005
00	0000006
00	0000007
00	0000008
00	0000010
00	0000011
00	0000013
00	0000014
00	0000015
00	0000016
00	0000017
00	0000018
00	0000019
00	0000020
00	0000021
00	0000022
00	0000023
00	0000024
00	0000025
00	0000026
00	0000027
00	0000028
00	0000029
00	0000030
00	0000031
00	0000032
00	0000033
00	0000034
00	0000035
00	0000036
00	0000037
00	0000038
00	0000039
00	0000040
00	0000041
00	0000042
00	0000043
00	0000045
00	0000046
00	0000047
00	0000048
00	0000049
00	0000050
00	0000051
00	0000052
00	0000056
00	0000059
00	0000060
00	0000063
00	0000065
00	0000066
00	0000067
00	0000068
00	0000070
00	0000072
00	0000076
00	0000077
00	0000078
00	0000079
00	0000081
00	0000083
00	0000084
00	0000085
00	0000086
00	0000087
00	0000088
00	0000089
00	0000092
00	0000093
00	0000094
00	0000095
00	0000096
00	0000097
00	0000098
00	0000099
00	0000101
00	0000102
00	0000103
00	0000104
00	0000105
00	0000106
00	0000107
00	0000108
00	0000109
00	0000110
00	0000111
00	0000112
00	0000113
00	0000114
00	0000115
00	0000116
00	0000117
00	0000118
00	0000119
00	0000120
00	0000121
00	0000122
00	0000123
00	0000124
00	0000125
00	0000126
00	0000127
00	0000128
00	0000129
00	0000130
00	0000131
00	0000132
00	0000133
00	0000134
00	0000135
00	0000136
00	0000137
00	0000138
00	0000139
00	0000140
00	0000141
00	0000142
00	0000143
00	0000144
00	0000145
00	0000146
00	0000147
00	0000148
00	0000149
00	0000150
00	0000151
00	0000153
00	0000155
00	0000156
00	0000158
00	0000159
00	0000160
00	0000161
00	0000162
00	0000163
00	0000164
00	0000165
00	0000166
00	0000167
00	0000168
00	0000169
00	0000170
00	0000171
00	0000172
00	0000173
00	0000174
00	0000175
00	0000177
00	0000178
00	0000179
00	0000180
00	0000181
00	0000182
00	0000183
00	0000184
00	0000185
00	0000186
00	0000187
00	0000188
00	0000189
00	0000190
00	0000191
00	0000192
00	0000193
00	0000194
00	0000195
00	0000196
00	0000197
00	0000198
00	0000199
00	0000200
00	0000201
00	0000202
00	0000203
00	0000204
00	0000205
00	0000206
00	0000207
00	0000208
00	0000209
00	0000210
00	0000211
00	0000212
00	0000213
00	0000214
00	0000215
00	0000216
00	0000217
00	0000218
00	0000219
00	0000220
00	0000221
00	0000222
00	0000223
00	0000224
00	0000225
00	0000226
00	0000227
00	0000228
00	0000231
00	0000233
00	0000234
00	0000236
00	0000237
00	0000238
00	0000239
00	0000240
00	0000241
00	0000242
00	0000244
00	0000245
00	0000247
00	0000249
00	0000250
00	0000252
00	0000253
00	0000254
00	0000255
00	0000256
00	0000257
00	0000258
00	0000259
00	0000260
00	0000261
00	0000262
00	0000263
00	0000264
00	0000265
00	0000266
00	0000267
00	0000268
00	0000269
00	0000270
00	0000271
00	0000272
00	0000273
00	0000274
00	0000275
00	0000276
00	0000277
00	0000278
00	0000279
00	0000280
00	0000281
00	0000282
00	0000283
00	0000284
00	0000285
00	0000287
00	0000288
00	0000289
00	0000290
00	0000292
00	0000293
00	0000294
00	0000295
00	0000296
00	0000297
00	0000298
00	0000299
00	0000300
00	0000301
00	0000302
00	0000303
00	0000304
00	0000305
00	0000306
00	0000307
00	0000308
00	0000309
00	0000310
00	0000311
00	0000312
00	0000313
00	0000314
00	0000315
00	0000316
00	0000317
00	0000318
00	0000319
00	0000320
00	0000321
00	0000322
00	0000323
00	0000324
00	0000325
00	0000326
00	0000327
00	0000328
00	0000329
00	0000331
00	0000332
00	0000333
00	0000334
00	0000335
00	0000336
00	0000337
00	0000338
00	0000339
00	0000340
00	0000341
00	0000342
00	0000343
00	0000344
00	0000345
00	0000346
00	0000347
00	0000348
00	0000349
00	0000350
00	0000351
00	0000352
00	0000353
00	0000354
00	0000355
00	0000356
00	0000357
00	0000359
00	0000360
00	0000362
00	0000363
00	0000364
00	0000366
00	0000367
00	0000368
00	0000369
00	0000371
00	0000372
00	0000373
00	0000374
00	0000375
00	0000376
00	0000377
00	0000378
00	0000379
00	0000380
00	0000381
00	0000382
00	0000383
00	0000384
00	0000385
00	0000386
00	0000387
00	0000389
00	0000390
00	0000391
00	0000392
00	0000393
00	0000394
00	0000395
00	0000396
00	0000397
00	0000398
00	0000399
00	0000400
00	0000401
00	0000402
00	0000403
00	0000404
00	0000405
00	0000406
00	0000407
00	0000408
00	0000409
00	0000410
00	0000411
00	0000412
00	0000413
00	0000414
00	0000415
00	0000416
00	0000417
00	0000418
00	0000419
00	0000420
00	0000421
00	0000422
00	0000423
00	0000424
00	0000425
00	0000426
00	0000427
00	0000428
00	0000429
00	0000430
00	0000431
00	0000432
00	0000433
00	0000434
00	0000435
00	0000436
00	0000437
00	0000438
00	0000439
00	0000440
00	0000442
00	0000443
00	0000445
00	0000446
00	0000448
00	0000449
00	0000450
00	0000451
00	0000452
00	0000453
00	0000454
00	0000455
00	0000456
00	0000457
00	0000458
00	0000459
00	0000460
00	0000461
00	0000462
00	0000463
00	0000464
00	0000465
00	0000466
00	0000467
00	0000468
00	0000469
00	0000470
00	0000471
00	0000472
00	0000473
00	0000474
00	0000475
00	0000476
00	0000477
00	0000478
00	0000479
00	0000480
00	0000481
00	0000482
00	0000483
00	0000484
00	0000485
00	0000486
00	0000487
00	0000488
00	0000489
00	0000490
00	0000491
00	0000492
00	0000494
00	0000495
00	0000496
00	0000497
00	0000498
00	0000499
00	0000500
00	0000501
00	0000502
00	0000503
00	0000504
00	0000505
00	0000506
00	0000507
00	0000508
00	0000510
00	0000511
00	0000512
00	0000513
00	0000514
00	0000515
00	0000516
00	0000517
00	0000518
00	0000519
00	0000520
00	0000521
00	0000522
00	0000523
00	0000524
00	0000525
00	0000526
00	0000527
00	0000528
00	0000529
00	0000530
00	0000531
00	0000532
00	0000533
00	0000534
00	0000535
00	0000536
00	0000537
00	0000538
00	0000539
00	0000540
00	0000541
00	0000542
00	0000543
00	0000544
00	0000545
00	0000546
00	0000547
00	0000548
00	0000549
00	0000550
00	0000551
00	0000552
00	0000553
00	0000554
00	0000555
00	0000556
00	0000557
00	0000558
00	0000559
00	0000560
00	0000561
00	0000562
00	0000563
00	0000564
00	0000565
00	0000566
00	0000567
00	0000568
00	0000569
00	0000570
00	0000571
00	0000572
00	0000573
00	0000574
00	0000575
00	0000576
00	0000578
00	0000580
00	0000582
00	0000583
00	0000584
00	0000585
00	0000586
00	0000587
00	0000588
00	0000589
00	0000590
00	0000591
00	0000592
00	0000593
00	0000594
00	0000595
00	0000596
00	0000597
00	0000598
00	0000599
00	0000600
00	0000601
00	0000602
00	0000603
00	0000604
00	0000605
00	0000606
00	0000607
00	0000608
00	0000609
00	0000610
00	0000611
00	0000612
00	0000613
00	0000614
00	0000615
00	0000618
00	0000619
00	0000620
00	0000621
00	0000622
00	0000623
00	0000624
00	0000625
00	0000626
00	0000627
00	0000628
00	0000629
00	0000630
00	0000631
00	0000632
00	0000633
00	0000634
00	0000636
00	0000637
00	0000638
00	0000639
00	0000640
00	0000641
00	0000642
00	0000643
00	0000644
00	0000645
00	0000646
00	0000647
00	0000648
00	0000649
00	0000650
00	0000651
00	0000652
00	0000653
00	0000654
00	0000656
00	0000658
00	0000661
00	0000663
00	0000664
00	0000665
00	0000666
00	0000667
00	0000668
00	0000669
00	0000670
00	0000671
00	0000672
00	0000673
00	0000674
00	0000675
00	0000676
00	0000677
00	0000678
00	0000679
00	0000680
00	0000681
00	0000682
00	0000683
00	0000684
00	0000685
00	0000686
00	0000687
00	0000688
00	0000689
00	0000690
00	0000691
00	0000692
00	0000693
00	0000695
00	0000696
00	0000697
00	0000698
00	0000699
00	0000700
00	0000701
00	0000703
00	0000704
00	0000706
00	0000707
00	0000708
00	0000709
00	0000710
00	0000712
00	0000713
00	0000714
00	0000715
00	0000716
00	0000717
00	0000718
00	0000719
00	0000720
00	0000721
00	0000722
00	0000723
00	0000724
00	0000725
00	0000726
00	0000727
00	0000728
00	0000729
00	0000730
00	0000731
00	0000732
00	0000733
00	0000734
00	0000735
00	0000736
00	0000737
00	0000738
00	0000739
00	0000740
00	0000741
00	0000743
00	0000744
00	0000745
00	0000746
00	0000748
00	0000749
00	0000750
00	0000751
00	0000752
00	0000753
00	0000754
00	0000755
00	0000756
00	0000757
00	0000758
00	0000759
00	0000760
00	0000761
00	0000763
00	0000764
00	0000765
00	0000766
00	0000767
00	0000768
00	0000769
00	0000770
00	0000771
00	0000772
00	0000773
00	0000774
00	0000775
00	0000776
00	0000777
00	0000778
00	0000780
00	0000781
00	0000782
00	0000784
00	0000785
00	0000787
00	0000788
00	0000789
00	0000791
00	0000792
00	0000793
00	0000794
00	0000795
00	0000796
00	0000797
00	0000798
00	0000799
00	0000800
00	0000801
00	0000802
00	0000803
00	0000805
00	0000806
00	0000807
00	0000808
00	0000809
00	0000810
00	0000811
00	0000812
00	0000813
00	0000814
00	0000815
00	0000816
00	0000817
00	0000818
00	0000819
00	0000820
00	0000821
00	0000822
00	0000823
00	0000824
00	0000825
00	0000826
00	0000827
00	0000828
00	0000829
00	0000831
00	0000832
00	0000833
00	0000834
00	0000835
00	0000836
00	0000837
00	0000838
00	0000839
00	0000840
00	0000841
00	0000842
00	0000843
00	0000844
00	0000845
00	0000846
00	0000847
00	0000848
00	0000849
00	0000850
00	0000851
00	0000852
00	0000853
00	0000854
00	0000855
00	0000856
00	0000857
00	0000858
00	0000859
00	0000860
00	0000861
00	0000862
00	0000863
00	0000864
00	0000865
00	0000866
00	0000867
00	0000868
00	0000869
00	0000870
00	0000871
00	0000872
00	0000873
00	0000874
00	0000875
00	0000876
00	0000877
00	0000878
00	0000879
00	0000880
00	0000881
00	0000882
00	0000883
00	0000884
00	0000885
00	0000886
00	0000887
00	0000888
00	0000889
00	0000890
00	0000891
00	0000892
00	0000893
00	0000894
00	0000895
00	0000896
00	0000897
00	0000898
00	0000899
00	0000900
00	0000901
00	0000902
00	0000903
00	0000904
00	0000905
00	0000906
00	0000908
00	0000909
00	0000910
00	0000911
00	0000912
00	0000913
00	0000917
00	0000918
00	0000919
00	0000920
00	0000921
00	0000922
00	0000923
00	0000924
00	0000925
00	0000926
00	0000927
00	0000928
00	0000929
00	0000930
00	0000931
00	0000932
00	0000933
00	0000934
00	0000935
00	0000936
00	0000937
00	0000938
00	0000939
00	0000940
00	0000942
00	0000943
00	0000944
00	0000945
00	0000946
00	0000947
00	0000948
00	0000949
00	0000950
00	0000951
00	0000952
00	0000953
00	0000954
00	0000955
00	0000956
00	0000957
00	0000959
00	0000960
00	0000961
00	0000962
00	0000963
00	0000964
00	0000965
00	0000966
00	0000967
00	0000968
00	0000970
00	0000971
00	0000972
00	0000973
00	0000974
00	0000975
00	0000976
00	0000977
00	0000978
00	0000979
00	0000981
00	0000982
00	0000983
00	0000984
00	0000985
00	0000986
00	0000987
00	0000988
00	0000989
00	0000990
00	0000991
00	0000992
00	0000994
00	0000997
00	0000998
00	0000999
00	0001001
00	0001002
00	0001003
00	0001004
00	0001005
00	0001006
00	0001007
00	0001008
00	0001009
00	0001010
00	0001011
00	0001013
00	0001014
00	0001015
00	0001016
00	0001017
00	0001018
00	0001019
00	0001020
00	0001021
00	0001022
00	0001023
00	0001024
00	0001025
00	0001026
00	0001028
00	0001029
00	0001031
00	0001032
00	0001033
00	0001034
00	0001035
00	0001036
00	0001039
00	0001040
00	0001041
00	0001044
00	0001045
00	0001046
00	0001047
00	0001048
00	0001049
00	0001050
00	0001051
00	0001052
00	0001053
00	0001054
00	0001055
00	0001056
00	0001057
00	0001058
00	0001059
00	0001060
00	0001061
00	0001062
00	0001064
00	0001065
00	0001066
00	0001067
00	0001068
00	0001069
00	0001070
00	0001072
00	0001074
00	0001075
00	0001076
00	0001077
00	0001078
00	0001079
00	0001080
00	0001081
00	0001082
00	0001083
00	0001084
00	0001085
00	0001086
00	0001087
00	0001088
00	0001090
00	0001091
00	0001093
00	0001094
00	0001095
00	0001096
00	0001097
00	0001098
00	0001099
00	0001100
00	0001101
00	0001102
00	0001103
00	0001104
00	0001105
00	0001106
00	0001107
00	0001108
00	0001109
00	0001110
00	0001111
00	0001112
00	0001113
00	0001115
00	0001116
00	0001117
00	0001118
00	0001119
00	0001120
00	0001121
00	0001122
00	0001123
00	0001124
00	0001125
00	0001126
00	0001127
00	0001128
00	0001129
00	0001130
00	0001132
00	0001133
00	0001134
00	0001135
00	0001136
00	0001137
00	0001138
00	0001139
00	0001140
00	0001141
00	0001142
00	0001143
00	0001144
00	0001145
00	0001147
00	0001148
00	0001149
00	0001150
00	0001151
00	0001152
00	0001153
00	0001154
00	0001155
00	0001156
00	0001157
00	0001158
00	0001159
00	0001160
00	0001161
00	0001162
00	0001163
00	0001164
00	0001165
00	0001166
00	0001167
00	0001168
00	0001169
00	0001170
00	0001171
00	0001172
00	0001173
00	0001174
00	0001175
00	0001176
00	0001177
00	0001178
00	0001179
00	0001180
00	0001181
00	0001182
00	0001183
00	0001184
00	0001185
00	0001186
00	0001187
00	0001188
00	0001189
00	0001190
00	0001191
00	0001192
00	0001193
00	0001194
00	0001195
00	0001196
00	0001197
00	0001198
00	0001199
00	0001200
00	0001201
00	0001202
00	0001203
00	0001204
00	0001205
00	0001206
00	0001207
00	0001208
00	0001209
00	0001210
00	0001211
00	0001212
00	0001213
00	0001214
00	0001215
00	0001216
00	0001217
00	0001218
00	0001219
00	0001220
00	0001221
00	0001222
00	0001223
00	0001224
00	0001225
00	0001226
00	0001227
00	0001228
00	0001229
00	0001230
00	0001232
00	0001233
00	0001234
00	0001235
00	0001237
00	0001238
00	0001239
00	0001241
00	0001243
00	0001244
00	0001245
00	0001246
00	0001247
00	0001248
00	0001249
00	0001250
00	0001251
00	0001252
00	0001253
00	0001254
00	0001255
00	0001256
00	0001258
00	0001260
00	0001261
00	0001263
00	0001264
00	0001265
00	0001266
00	0001267
00	0001269
00	0001270
00	0001271
00	0001272
00	0001273
00	0001274
00	0001275
00	0001276
00	0001277
00	0001278
00	0001280
00	0001281
00	0001282
00	0001283
00	0001284
00	0001285
00	0001286
00	0001287
00	0001288
00	0001289
00	0001290
00	0001291
00	0001292
00	0001293
00	0001294
00	0001295
00	0001296
00	0001297
00	0001298
00	0001299
00	0001300
00	0001301
00	0001302
00	0001303
00	0001304
00	0001305
00	0001306
00	0001307
00	0001308
00	0001309
00	0001310
00	0001311
00	0001312
00	0001313
00	0001314
00	0001315
00	0001316
00	0001317
00	0001318
00	0001320
00	0001321
00	0001323
00	0001324
00	0001325
00	0001326
00	0001327
00	0001328
00	0001329
00	0001330
00	0001332
00	0001333
00	0001334
00	0001335
00	0001336
00	0001337
00	0001338
00	0001339
00	0001340
00	0001341
00	0001342
00	0001343
00	0001344
00	0001345
00	0001346
00	0001347
00	0001349
00	0001351
00	0001352
00	0001354
00	0001355
00	0001356
00	0001357
00	0001358
00	0001359
00	0001360
00	0001361
00	0001362
00	0001363
00	0001365
00	0001366
00	0001367
00	0001368
00	0001369
00	0001370
00	0001371
00	0001372
00	0001373
00	0001374
00	0001375
00	0001376
00	0001377
00	0001378
00	0001379
00	0001380
00	0001381
00	0001383
00	0001385
00	0001386
00	0001387
00	0001388
00	0001389
00	0001390
00	0001391
00	0001392
00	0001393
00	0001394
00	0001395
00	0001396
00	0001397
00	0001398
00	0001399
00	0001400
00	0001401
00	0001402
00	0001403
00	0001404
00	0001405
00	0001406
00	0001408
00	0001409
00	0001410
00	0001411
00	0001412
00	0001413
00	0001414
00	0001415
00	0001416
00	0001417
00	0001418
00	0001419
00	0001421
00	0001422
00	0001424
00	0001425
00	0001426
00	0001427
00	0001428
00	0001429
00	0001430
00	0001431
00	0001432
00	0001433
00	0001434
00	0001435
00	0001436
00	0001437
00	0001438
00	0001439
00	0001440
00	0001441
00	0001442
00	0001443
00	0001444
00	0001445
00	0001447
00	0001448
00	0001449
00	0001453
00	0001454
00	0001456
00	0001457
00	0001460
00	0001462
00	0001463
00	0001464
00	0001466
00	0001467
00	0001468
00	0001469
00	0001470
00	0001471
00	0001472
00	0001473
00	0001474
00	0001475
00	0001477
00	0001478
00	0001479
00	0001480
00	0001481
00	0001482
00	0001483
00	0001484
00	0001485
00	0001486
00	0001487
00	0001488
00	0001490
00	0001491
00	0001492
00	0001493
00	0001494
00	0001495
00	0001496
00	0001497
00	0001498
00	0001499
00	0001500
00	0001501
00	0001502
00	0001503
00	0001504
00	0001505
00	0001506
00	0001507
00	0001508
00	0001509
00	0001510
00	0001512
00	0001513
00	0001515
00	0001516
00	0001517
00	0001518
00	0001519
00	0001520
00	0001521
00	0001523
00	0001524
00	0001526
00	0001529
00	0001530
00	0001531
00	0001532
00	0001533
00	0001534
00	0001535
00	0001536
00	0001537
00	0001539
00	0001540
00	0001541
00	0001542
00	0001543
00	0001544
00	0001545
00	0001546
00	0001547
00	0001548
00	0001549
00	0001550
00	0001551
00	0001552
00	0001553
00	0001554
00	0001555
00	0001556
00	0001557
00	0001558
00	0001559
00	0001560
00	0001561
00	0001562
00	0001563
00	0001564
00	0001565
00	0001566
00	0001568
00	0001570
00	0001571
00	0001572
00	0001576
00	0001577
00	0001578
00	0001579
00	0001580
00	0001581
00	0001582
00	0001583
00	0001584
00	0001586
00	0001587
00	0001589
00	0001590
00	0001594
00	0001595
00	0001596
00	0001597
00	0001598
00	0001599
00	0001600
00	0001601
00	0001602
00	0001603
00	0001604
00	0001605
00	0001606
00	0001607
00	0001608
00	0001609
00	0001610
00	0001611
00	0001612
00	0001613
00	0001614
00	0001615
00	0001616
00	0001617
00	0001618
00	0001619
00	0001620
00	0001621
00	0001622
00	0001623
00	0001624
00	0001625
00	0001626
00	0001627
00	0001628
00	0001629
00	0001630
00	0001631
00	0001632
00	0001634
00	0001635
00	0001636
00	0001637
00	0001638
00	0001639
00	0001640
00	0001641
00	0001642
00	0001643
00	0001644
00	0001645
00	0001646
00	0001647
00	0001648
00	0001649
00	0001650
00	0001651
00	0001652
00	0001653
00	0001654
00	0001655
00	0001656
00	0001657
00	0001658
00	0001659
00	0001660
00	0001661
00	0001662
00	0001663
00	0001665
00	0001666
00	0001667
00	0001668
00	0001669
00	0001670
00	0001672
00	0001673
00	0001674
00	0001675
00	0001676
00	0001677
00	0001679
00	0001680
00	0001681
00	0001682
00	0001683
00	0001684
00	0001685
00	0001686
00	0001687
00	0001688
00	0001689
00	0001690
00	0001691
00	0001692
00	0001693
00	0001694
00	0001695
00	0001696
00	0001697
00	0001698
00	0001699
00	0001700
00	0001701
00	0001702
00	0001703
00	0001704
00	0001705
00	0001706
00	0001707
00	0001708
00	0001709
00	0001710
00	0001711
00	0001712
00	0001715
00	0001716
00	0001717
00	0001718
00	0001719
00	0001720
00	0001721
00	0001722
00	0001723
00	0001724
00	0001725
00	0001726
00	0001727
00	0001728
00	0001730
00	0001731
00	0001732
00	0001733
00	0001735
00	0001736
00	0001737
00	0001738
00	0001739
00	0001740
00	0001741
00	0001742
00	0001744
00	0001745
00	0001746
00	0001747
00	0001748
00	0001749
00	0001750
00	0001751
00	0001752
00	0001753
00	0001754
00	0001755
00	0001756
00	0001757
00	0001758
00	0001759
00	0001760
00	0001761
00	0001763
00	0001764
00	0001765
00	0001766
00	0001767
00	0001768
00	0001769
00	0001770
00	0001771
00	0001773
00	0001774
00	0001775
00	0001778
00	0001779
00	0001780
00	0001781
00	0001782
00	0001784
00	0001785
00	0001786
00	0001787
00	0001788
00	0001789
00	0001790
00	0001791
00	0001792
00	0001793
00	0001794
00	0001796
00	0001797
00	0001798
00	0001799
00	0001800
00	0001801
00	0001802
00	0001803
00	0001804
00	0001805
00	0001806
00	0001807
00	0001808
00	0001809
00	0001810
00	0001811
00	0001812
00	0001813
00	0001814
00	0001815
00	0001816
00	0001817
00	0001818
00	0001819
00	0001820
00	0001821
00	0001823
00	0001824
00	0001826
00	0001827
00	0001828
00	0001829
00	0001830
00	0001831
00	0001832
00	0001833
00	0001834
00	0001835
00	0001836
00	0001837
00	0001838
00	0001839
00	0001840
00	0001841
00	0001842
00	0001843
00	0001844
00	0001845
00	0001846
00	0001847
00	0001848
00	0001849
00	0001850
00	0001851
00	0001852
00	0001853
00	0001854
00	0001855
00	0001856
00	0001857
00	0001858
00	0001859
00	0001860
00	0001861
00	0001862
00	0001863
00	0001864
00	0001865
00	0001866
00	0001867
00	0001868
00	0001869
00	0001870
00	0001871
00	0001872
00	0001873
00	0001874
00	0001875
00	0001876
00	0001877
00	0001878
00	0001880
00	0001881
00	0001882
00	0001883
00	0001884
00	0001885
00	0001886
00	0001887
00	0001888
00	0001889
00	0001890
00	0001891
00	0001892
00	0001893
00	0001894
00	0001895
00	0001896
00	0001897
00	0001898
00	0001899
00	0001900
00	0001902
00	0001904
00	0001905
00	0001906
00	0001907
00	0001908
00	0001909
00	0001910
00	0001911
00	0001912
00	0001914
00	0001915
00	0001916
00	0001917
00	0001918
00	0001919
00	0001920
00	0001921
00	0001922
00	0001923
00	0001924
00	0001925
00	0001926
00	0001927
00	0001928
00	0001929
00	0001930
00	0001931
00	0001932
00	0001933
00	0001934
00	0001935
00	0001936
00	0001937
00	0001938
00	0001939
00	0001940
00	0001941
00	0001942
00	0001943
00	0001944
00	0001945
00	0001946
00	0001947
00	0001948
00	0001949
00	0001950
00	0001951
00	0001953
00	0001954
00	0001955
00	0001956
00	0001957
00	0001958
00	0001959
00	0001960
00	0001961
00	0001962
00	0001963
00	0001964
00	0001965
00	0001966
00	0001967
00	0001968
00	0001969
00	0001970
00	0001971
00	0001972
00	0001973
00	0001974
00	0001975
00	0001976
00	0001977
00	0001978
00	0001979
00	0001980
00	0001981
00	0001982
00	0001983
00	0001984
00	0001985
00	0001986
00	0001987
00	0001988
00	0001989
00	0001990
00	0001991
00	0001992
00	0001993
00	0001994
00	0001995
00	0001996
00	0001997
00	0001998
00	0001999
00	0002000
00	0002001
00	0002002
00	0002003
00	0002004
00	0002005
00	0002006
00	0002007
00	0002008
00	0002009
00	0002010
00	0002011
00	0002012
00	0002013
00	0002014
00	0002015
00	0002016
00	0002017
00	0002018
00	0002019
00	0002020
00	0002021
00	0002022
00	0002023
00	0002024
00	0002026
00	0002027
00	0002028
00	0002029
00	0002030
00	0002031
00	0002032
00	0002033
00	0002034
00	0002035
00	0002036
00	0002037
00	0002038
00	0002039
00	0002040
00	0002041
00	0002042
00	0002043
00	0002044
00	0002045
00	0002046
00	0002047
00	0002048
00	0002049
00	0002050
00	0002051
00	0002052
00	0002053
00	0002054
00	0002055
00	0002056
00	0002057
00	0002058
00	0002059
00	0002060
00	0002061
00	0002062
00	0002063
00	0002064
00	0002065
00	0002066
00	0002067
00	0002068
00	0002069
00	0002070
00	0002071
00	0002072
00	0002073
00	0002074
00	0002075
00	0002076
00	0002077
00	0002079
00	0002080
00	0002081
00	0002082
00	0002084
00	0002085
00	0002086
00	0002087
00	0002088
00	0002089
00	0002090
00	0002091
00	0002092
00	0002093
00	0002094
00	0002095
00	0002096
00	0002097
00	0002098
00	0002099
00	0002100
00	0002101
00	0002102
00	0002103
00	0002104
00	0002106
00	0002107
00	0002108
00	0002109
00	0002110
00	0002111
00	0002112
00	0002113
00	0002114
00	0002115
00	0002116
00	0002117
00	0002118
00	0002119
00	0002120
00	0002121
00	0002122
00	0002123
00	0002127
00	0002128
00	0002130
00	0002131
00	0002132
00	0002133
00	0002134
00	0002135
00	0002137
00	0002139
00	0002149
00	0002150
00	0002152
00	0002153
00	0002154
00	0002155
00	0002156
00	0002157
00	0002158
00	0002159
00	0002160
00	0002161
00	0002162
00	0002163
00	0002164
00	0002165
00	0002166
00	0002167
00	0002168
00	0002169
00	0002170
00	0002171
00	0002172
00	0002173
00	0002174
00	0002175
00	0002176
00	0002177
00	0002178
00	0002180
00	0002181
00	0002182
00	0002184
00	0002185
00	0002186
00	0002187
00	0002188
00	0002189
00	0002190
00	0002191
00	0002192
00	0002193
00	0002194
00	0002195
00	0002196
00	0002197
00	0002198
00	0002199
00	0002200
00	0002201
00	0002202
00	0002203
00	0002205
00	0002206
00	0002207
00	0002209
00	0002210
00	0002211
00	0002212
00	0002213
00	0002214
00	0002215
00	0002216
00	0002217
00	0002218
00	0002219
00	0002220
00	0002221
00	0002222
00	0002223
00	0002224
00	0002225
00	0002226
00	0002227
00	0002228
00	0002230
00	0002231
00	0002232
00	0002233
00	0002234
00	0002235
00	0002236
00	0002237
00	0002238
00	0002239
00	0002240
00	0002241
00	0002242
00	0002243
00	0002244
00	0002245
00	0002246
00	0002247
00	0002248
00	0002249
00	0002251
00	0002252
00	0002253
00	0002254
00	0002255
00	0002256
00	0002257
00	0002258
00	0002259
00	0002260
00	0002261
00	0002262
00	0002263
00	0002264
00	0002265
00	0002266
00	0002267
00	0002268
00	0002269
00	0002270
00	0002271
00	0002272
00	0002273
00	0002274
00	0002275
00	0002276
00	0002277
00	0002278
00	0002279
00	0002281
00	0002282
00	0002283
00	0002284
00	0002285
00	0002286
00	0002287
00	0002289
00	0002290
00	0002291
00	0002292
00	0002293
00	0002294
00	0002295
00	0002296
00	0002297
00	0002298
00	0002299
00	0002300
00	0002301
00	0002302
00	0002303
00	0002304
00	0002305
00	0002306
00	0002307
00	0002308
00	0002309
00	0002310
00	0002311
00	0002312
00	0002313
00	0002314
00	0002315
00	0002316
00	0002317
00	0002318
00	0002319
00	0002320
00	0002321
00	0002322
00	0002323
00	0002324
00	0002325
00	0002326
00	0002327
00	0002328
00	0002329
00	0002330
00	0002331
00	0002332
00	0002333
00	0002334
00	0002335
00	0002336
00	0002337
00	0002338
00	0002339
00	0002340
00	0002341
00	0002342
00	0002343
00	0002344
00	0002345
00	0002346
00	0002347
00	0002348
00	0002349
00	0002350
00	0002351
00	0002352
00	0002353
00	0002354
00	0002355
00	0002356
00	0002357
00	0002358
00	0002359
00	0002360
00	0002361
00	0002362
00	0002363
00	0002364
00	0002365
00	0002366
00	0002367
00	0002368
00	0002369
00	0002370
00	0002371
00	0002372
00	0002373
00	0002374
00	0002375
00	0002376
00	0002377
00	0002378
00	0002379
00	0002380
00	0002381
00	0002382
00	0002383
00	0002384
00	0002385
00	0002386
00	0002387
00	0002388
00	0002389
00	0002390
00	0002391
00	0002392
00	0002393
00	0002394
00	0002395
00	0002396
00	0002397
00	0002398
00	0002399
00	0002400
00	0002401
00	0002402
00	0002403
00	0002404
00	0002405
00	0002406
00	0002407
00	0002408
00	0002409
00	0002410
00	0002411
00	0002412
00	0002413
00	0002414
00	0002416
00	0002417
00	0002418
00	0002419
00	0002420
00	0002421
00	0002422
00	0002423
00	0002424
00	0002425
00	0002427
00	0002429
00	0002430
00	0002431
00	0002432
00	0002433
00	0002434
00	0002435
00	0002436
00	0002437
00	0002438
00	0002439
00	0002440
00	0002441
00	0002442
00	0002443
00	0002444
00	0002445
00	0002446
00	0002448
00	0002449
00	0002450
00	0002451
00	0002452
00	0002453
00	0002456
00	0002457
00	0002458
00	0002460
00	0002461
00	0002462
00	0002463
00	0002464
00	0002465
00	0002466
00	0002467
00	0002468
00	0002469
00	0002470
00	0002471
00	0002472
00	0002474
00	0002475
00	0002476
00	0002477
00	0002478
00	0002479
00	0002480
00	0002481
00	0002482
00	0002483
00	0002484
00	0002485
00	0002486
00	0002487
00	0002488
00	0002489
00	0002490
00	0002491
00	0002492
00	0002493
00	0002494
00	0002495
00	0002496
00	0002497
00	0002498
00	0002499
00	0002500
00	0002501
00	0002502
00	0002503
00	0002504
00	0002505
00	0002506
00	0002507
00	0002508
00	0002509
00	0002510
00	0002511
00	0002512
00	0002513
00	0002514
00	0002515
00	0002516
00	0002517
00	0002518
00	0002519
00	0002520
00	0002521
00	0002522
00	0002523
00	0002524
00	0002525
00	0002526
00	0002527
00	0002528
00	0002529
00	0002530
00	0002531
00	0002532
00	0002533
00	0002534
00	0002535
00	0002536
00	0002537
00	0002538
00	0002539
00	0002540
00	0002541
00	0002542
00	0002543
00	0002544
00	0002545
00	0002546
00	0002547
00	0002548
00	0002549
00	0002550
00	0002551
00	0002552
00	0002553
00	0002554
00	0002555
00	0002556
00	0002557
00	0002558
00	0002559
00	0002560
00	0002561
00	0002562
00	0002563
00	0002564
00	0002565
00	0002566
00	0002567
00	0002568
00	0002569
00	0002570
00	0002571
00	0002572
00	0002573
00	0002574
00	0002575
00	0002576
00	0002577
00	0002578
00	0002579
00	0002580
00	0002581
00	0002582
00	0002583
00	0002584
00	0002585
00	0002586
00	0002587
00	0002588
00	0002589
00	0002590
00	0002591
00	0002592
00	0002593
00	0002594
00	0002595
00	0002596
00	0002597
00	0002598
00	0002600
00	0002601
00	0002602
00	0002603
00	0002604
00	0002605
00	0002606
00	0002607
00	0002608
00	0002609
00	0002610
00	0002611
00	0002613
00	0002614
00	0002615
00	0002616
00	0002617
00	0002618
00	0002619
00	0002620
00	0002621
00	0002622
00	0002623
00	0002624
00	0002625
00	0002626
00	0002627
00	0002628
00	0002629
00	0002630
00	0002631
00	0002632
00	0002633
00	0002634
00	0002635
00	0002636
00	0002637
00	0002638
00	0002639
00	0002640
00	0002641
00	0002642
00	0002643
00	0002644
00	0002645
00	0002646
00	0002647
00	0002648
00	0002649
00	0002650
00	0002651
00	0002652
00	0002653
00	0002654
00	0002655
00	0002656
00	0002657
00	0002658
00	0002659
00	0002660
00	0002661
00	0002662
00	0002663
00	0002664
00	0002665
00	0002666
00	0002667
00	0002669
00	0002670
00	0002671
00	0002672
00	0002673
00	0002674
00	0002675
00	0002676
00	0002677
00	0002678
00	0002679
00	0002680
00	0002681
00	0002682
00	0002683
00	0002684
00	0002685
00	0002687
00	0002688
00	0002689
00	0002690
00	0002691
00	0002692
00	0002693
00	0002694
00	0002695
00	0002696
00	0002697
00	0002698
00	0002699
00	0002700
00	0002701
00	0002702
00	0002705
00	0002706
00	0002707
00	0002708
00	0002709
00	0002710
00	0002711
00	0002712
00	0002713
00	0002715
00	0002717
00	0002718
00	0002719
00	0002720
00	0002721
00	0002722
00	0002723
00	0002724
00	0002725
00	0002726
00	0002728
00	0002729
00	0002730
00	0002733
00	0002734
00	0002735
00	0002736
00	0002737
00	0002738
00	0002739
00	0002740
00	0002741
00	0002742
00	0002743
00	0002744
00	0002745
00	0002746
00	0002747
00	0002748
00	0002749
00	0002750
00	0002751
00	0002752
00	0002753
00	0002754
00	0002755
00	0002756
00	0002757
00	0002758
00	0002759
00	0002760
00	0002761
00	0002762
00	0002763
00	0002764
00	0002765
00	0002766
00	0002767
00	0002768
00	0002769
00	0002770
00	0002771
00	0002772
00	0002773
00	0002774
00	0002775
00	0002776
00	0002777
00	0002778
00	0002780
00	0002781
00	0002782
00	0002783
00	0002784
00	0002785
00	0002786
00	0002787
00	0002788
00	0002789
00	0002790
00	0002791
00	0002792
00	0002793
00	0002794
00	0002795
00	0002796
00	0002797
00	0002798
00	0002799
00	0002800
00	0002801
00	0002802
00	0002803
00	0002804
00	0002805
00	0002806
00	0002807
00	0002808
00	0002809
00	0002810
00	0002811
00	0002813
00	0002814
00	0002815
00	0002816
00	0002817
00	0002818
00	0002819
00	0002820
00	0002821
00	0002822
00	0002823
00	0002824
00	0002826
00	0002828
00	0002831
00	0002833
00	0002834
00	0002835
00	0002836
00	0002837
00	0002838
00	0002839
00	0002840
00	0002841
00	0002842
00	0002843
00	0002844
00	0002845
00	0002846
00	0002847
00	0002848
00	0002849
00	0002850
00	0002851
00	0002852
00	0002853
00	0002854
00	0002855
00	0002856
00	0002857
00	0002858
00	0002859
00	0002860
00	0002861
00	0002862
00	0002863
00	0002864
00	0002865
00	0002866
00	0002867
00	0002868
00	0002869
00	0002870
00	0002871
00	0002872
00	0002873
00	0002874
00	0002875
00	0002876
00	0002877
00	0002878
00	0002879
00	0002880
00	0002881
00	0002882
00	0002883
00	0002884
00	0002885
00	0002886
00	0002887
00	0002888
00	0002889
00	0002890
00	0002891
00	0002892
00	0002893
00	0002894
00	0002895
00	0002896
00	0002897
00	0002898
00	0002899
00	0002900
00	0002901
00	0002902
00	0002903
00	0002904
00	0002905
00	0002907
00	0002908
00	0002909
00	0002910
00	0002911
00	0002912
00	0002913
00	0002914
00	0002915
00	0002916
00	0002917
00	0002918
00	0002919
00	0002920
00	0002921
00	0002922
00	0002923
00	0002924
00	0002925
00	0002926
00	0002927
00	0002928
00	0002929
00	0002930
00	0002931
00	0002932
00	0002933
00	0002934
00	0002935
00	0002936
00	0002937
00	0002938
00	0002939
00	0002940
00	0002941
00	0002942
00	0002943
00	0002944
00	0002945
00	0002946
00	0002947
00	0002948
00	0002949
00	0002950
00	0002951
00	0002953
00	0002954
00	0002956
00	0002957
00	0002958
00	0002959
00	0002960
00	0002961
00	0002962
00	0002963
00	0002964
00	0002965
00	0002966
00	0002967
00	0002968
00	0002969
00	0002970
00	0002971
00	0002973
00	0002976
00	0002978
00	0002979
00	0002980
00	0002982
00	0002983
00	0002984
00	0002985
00	0002986
00	0002987
00	0002988
00	0002989
00	0002990
00	0002991
00	0002992
00	0002993
00	0002994
00	0002996
00	0002997
00	0002998
00	0003000
00	0003002
00	0003003
00	0003004
00	0003005
00	0003006
00	0003007
00	0003008
00	0003009
00	0003010
00	0003011
00	0003012
00	0003013
00	0003014
00	0003019
00	0003020
00	0003021
00	0003022
00	0003023
00	0003024
00	0003025
00	0003026
00	0003027
00	0003028
00	0003029
00	0003030
00	0003031
00	0003032
00	0003033
00	0003034
00	0003035
00	0003036
00	0003037
00	0003038
00	0003039
00	0003040
00	0003041
00	0003042
00	0003043
00	0003044
00	0003045
00	0003046
00	0003047
00	0003048
00	0003049
00	0003050
00	0003051
00	0003052
00	0003053
00	0003054
00	0003055
00	0003056
00	0003057
00	0003058
00	0003059
00	0003061
00	0003062
00	0003063
00	0003064
00	0003065
00	0003066
00	0003067
00	0003068
00	0003069
00	0003070
00	0003071
00	0003072
00	0003073
00	0003074
00	0003075
00	0003076
00	0003077
00	0003078
00	0003079
00	0003080
00	0003081
00	0003082
00	0003083
00	0003084
00	0003085
00	0003086
00	0003087
00	0003088
00	0003089
00	0003090
00	0003092
00	0003093
00	0003094
00	0003095
00	0003096
00	0003097
00	0003098
00	0003099
00	0003100
00	0003102
00	0003103
00	0003104
00	0003105
00	0003106
00	0003107
00	0003108
00	0003110
00	0003111
00	0003112
00	0003114
00	0003115
00	0003116
00	0003117
00	0003118
00	0003119
00	0003120
00	0003121
00	0003122
00	0003123
00	0003124
00	0003125
00	0003126
00	0003127
00	0003128
00	0003129
00	0003130
00	0003131
00	0003132
00	0003133
00	0003134
00	0003135
00	0003136
00	0003137
00	0003138
00	0003139
00	0003140
00	0003141
00	0003142
00	0003143
00	0003144
00	0003145
00	0003146
00	0003147
00	0003148
00	0003149
00	0003150
00	0003151
00	0003152
00	0003153
00	0003154
00	0003155
00	0003156
00	0003157
00	0003158
00	0003159
00	0003160
00	0003161
00	0003162
00	0003163
00	0003164
00	0003165
00	0003166
00	0003167
00	0003168
00	0003169
00	0003170
00	0003171
00	0003172
00	0003173
00	0003174
00	0003175
00	0003176
00	0003177
00	0003178
00	0003179
00	0003180
00	0003181
00	0003182
00	0003183
00	0003184
00	0003186
00	0003188
00	0003189
00	0003190
00	0003191
00	0003192
00	0003194
00	0003195
00	0003196
00	0003197
00	0003198
00	0003199
00	0003200
00	0003201
00	0003202
00	0003204
00	0003205
00	0003206
00	0003207
00	0003208
00	0003209
00	0003210
00	0003211
00	0003212
00	0003213
00	0003215
00	0003216
00	0003217
00	0003218
00	0003219
00	0003220
00	0003221
00	0003222
00	0003223
00	0003224
00	0003225
00	0003226
00	0003227
00	0003228
00	0003229
00	0003230
00	0003231
00	0003232
00	0003233
00	0003234
00	0003235
00	0003236
00	0003237
00	0003238
00	0003239
00	0003240
00	0003241
00	0003242
00	0003243
00	0003244
00	0003245
00	0003246
00	0003248
00	0003249
00	0003250
00	0003251
00	0003252
00	0003253
00	0003254
00	0003255
00	0003256
00	0003257
00	0003258
00	0003259
00	0003260
00	0003261
00	0003262
00	0003263
00	0003264
00	0003265
00	0003266
00	0003267
00	0003268
00	0003269
00	0003270
00	0003271
00	0003272
00	0003273
00	0003274
00	0003277
00	0003278
00	0003279
00	0003280
00	0003283
00	0003284
00	0003286
00	0003287
00	0003288
00	0003289
00	0003290
00	0003291
00	0003292
00	0003293
00	0003294
00	0003295
00	0003296
00	0003297
00	0003298
00	0003299
00	0003300
00	0003301
00	0003302
00	0003303
00	0003304
00	0003305
00	0003308
00	0003309
00	0003310
00	0003311
00	0003312
00	0003313
00	0003314
00	0003315
00	0003316
00	0003317
00	0003318
00	0003319
00	0003320
00	0003321
00	0003322
00	0003323
00	0003324
00	0003325
00	0003326
00	0003327
00	0003328
00	0003329
00	0003330
00	0003331
00	0003332
00	0003333
00	0003334
00	0003335
00	0003337
00	0003338
00	0003339
00	0003340
00	0003341
00	0003342
00	0003343
00	0003344
00	0003345
00	0003346
00	0003347
00	0003349
00	0003350
00	0003351
00	0003352
00	0003353
00	0003354
00	0003355
00	0003356
00	0003359
00	0003360
00	0003361
00	0003362
00	0003363
00	0003364
00	0003365
00	0003367
00	0003368
00	0003369
00	0003370
00	0003371
00	0003372
00	0003373
00	0003374
00	0003375
00	0003376
00	0003377
00	0003378
00	0003379
00	0003381
00	0003382
00	0003383
00	0003384
00	0003385
00	0003386
00	0003387
00	0003388
00	0003389
00	0003390
00	0003393
00	0003394
00	0003395
00	0003396
00	0003397
00	0003398
00	0003399
00	0003400
00	0003401
00	0003402
00	0003403
00	0003404
00	0003405
00	0003406
00	0003407
00	0003408
00	0003409
00	0003410
00	0003411
00	0003412
00	0003413
00	0003414
00	0003415
00	0003416
00	0003417
00	0003418
00	0003419
00	0003420
00	0003421
00	0003422
00	0003424
00	0003426
00	0003427
00	0003428
00	0003429
00	0003430
00	0003431
00	0003432
00	0003433
00	0003434
00	0003435
00	0003436
00	0003437
00	0003438
00	0003439
00	0003440
00	0003441
00	0003442
00	0003446
00	0003449
00	0003450
00	0003451
00	0003452
00	0003453
00	0003454
00	0003456
00	0003457
00	0003458
00	0003459
00	0003460
00	0003461
00	0003462
00	0003463
00	0003464
00	0003465
00	0003466
00	0003467
00	0003468
00	0003470
00	0003471
00	0003472
00	0003473
00	0003474
00	0003475
00	0003476
00	0003477
00	0003478
00	0003479
00	0003480
00	0003481
00	0003482
00	0003483
00	0003484
00	0003485
00	0003486
00	0003487
00	0003488
00	0003489
00	0003490
00	0003491
00	0003492
00	0003493
00	0003494
00	0003495
00	0003496
00	0003497
00	0003499
00	0003500
00	0003501
00	0003503
00	0003504
00	0003506
00	0003507
00	0003508
00	0003510
00	0003511
00	0003512
00	0003513
00	0003514
00	0003515
00	0003516
00	0003517
00	0003518
00	0003519
00	0003520
00	0003521
00	0003522
00	0003523
00	0003524
00	0003525
00	0003526
00	0003527
00	0003528
00	0003529
00	0003530
00	0003531
00	0003532
00	0003533
00	0003534
00	0003535
00	0003536
00	0003537
00	0003538
00	0003539
00	0003540
00	0003541
00	0003542
00	0003543
00	0003544
00	0003545
00	0003546
00	0003547
00	0003548
00	0003549
00	0003551
00	0003552
00	0003553
00	0003554
00	0003555
00	0003556
00	0003557
00	0003558
00	0003559
00	0003561
00	0003562
00	0003563
00	0003564
00	0003565
00	0003566
00	0003567
00	0003569
00	0003570
00	0003571
00	0003572
00	0003573
00	0003574
00	0003575
00	0003576
00	0003578
00	0003579
00	0003580
00	0003581
00	0003582
00	0003583
00	0003584
00	0003585
00	0003586
00	0003587
00	0003588
00	0003589
00	0003590
00	0003591
00	0003592
00	0003593
00	0003594
00	0003596
00	0003597
00	0003599
00	0003602
00	0003603
00	0003608
00	0003610
00	0003611
00	0003612
00	0003613
00	0003614
00	0003615
00	0003616
00	0003617
00	0003620
00	0003621
00	0003622
00	0003623
00	0003624
00	0003626
00	0003627
00	0003628
00	0003629
00	0003630
00	0003633
00	0003634
00	0003635
00	0003636
00	0003637
00	0003638
00	0003639
00	0003640
00	0003641
00	0003642
00	0003643
00	0003644
00	0003645
00	0003646
00	0003647
00	0003648
00	0003649
00	0003650
00	0003651
00	0003652
00	0003653
00	0003654
00	0003655
00	0003656
00	0003657
00	0003658
00	0003659
00	0003660
00	0003661
00	0003662
00	0003663
00	0003664
00	0003665
00	0003666
00	0003667
00	0003668
00	0003669
00	0003670
00	0003671
00	0003672
00	0003673
00	0003674
00	0003675
00	0003676
00	0003677
00	0003678
00	0003679
00	0003680
00	0003681
00	0003682
00	0003683
00	0003684
00	0003685
00	0003686
00	0003687
00	0003688
00	0003689
00	0003690
00	0003691
00	0003692
00	0003693
00	0003694
00	0003695
00	0003696
00	0003697
00	0003698
00	0003700
00	0003701
00	0003702
00	0003703
00	0003704
00	0003705
00	0003706
00	0003707
00	0003708
00	0003709
00	0003710
00	0003711
00	0003712
00	0003713
00	0003714
00	0003715
00	0003716
00	0003717
00	0003718
00	0003719
00	0003720
00	0003721
00	0003722
00	0003723
00	0003724
00	0003725
00	0003726
00	0003727
00	0003728
00	0003729
00	0003730
00	0003731
00	0003732
00	0003733
00	0003734
00	0003735
00	0003736
00	0003737
00	0003738
00	0003739
00	0003740
00	0003741
00	0003742
00	0003743
00	0003744
00	0003745
00	0003746
00	0003747
00	0003748
00	0003749
00	0003750
00	0003751
00	0003752
00	0003753
00	0003754
00	0003755
00	0003756
00	0003757
00	0003758
00	0003759
00	0003760
00	0003761
00	0003762
00	0003763
00	0003764
00	0003765
00	0003766
00	0003767
00	0003768
00	0003769
00	0003770
00	0003771
00	0003772
00	0003773
00	0003774
00	0003775
00	0003776
00	0003777
00	0003778
00	0003779
00	0003780
00	0003781
00	0003782
00	0003783
00	0003784
00	0003785
00	0003786
00	0003787
00	0003788
00	0003789
00	0003790
00	0003791
00	0003792
00	0003793
00	0003794
00	0003795
00	0003796
00	0003797
00	0003798
00	0003799
00	0003800
00	0003801
00	0003802
00	0003803
00	0003804
00	0003805
00	0003806
00	0003807
00	0003808
00	0003809
00	0003810
00	0003811
00	0003812
00	0003813
00	0003814
00	0003815
00	0003816
00	0003817
00	0003818
00	0003819
00	0003820
00	0003821
00	0003823
00	0003824
00	0003825
00	0003826
00	0003827
00	0003828
00	0003829
00	0003830
00	0003831
00	0003832
00	0003833
00	0003834
00	0003835
00	0003836
00	0003837
00	0003838
00	0003839
00	0003840
00	0003841
00	0003842
00	0003843
00	0003844
00	0003845
00	0003846
00	0003847
00	0003848
00	0003849
00	0003850
00	0003851
00	0003852
00	0003853
00	0003854
00	0003855
00	0003856
00	0003857
00	0003858
00	0003859
00	0003860
00	0003861
00	0003862
00	0003863
00	0003864
00	0003865
00	0003866
00	0003867
00	0003868
00	0003869
00	0003870
00	0003871
00	0003872
00	0003873
00	0003874
00	0003875
00	0003876
00	0003877
00	0003878
00	0003879
00	0003880
00	0003881
00	0003882
00	0003883
00	0003884
00	0003885
00	0003886
00	0003887
00	0003888
00	0003889
00	0003890
00	0003891
00	0003892
00	0003893
00	0003894
00	0003895
00	0003896
00	0003897
00	0003898
00	0003899
00	0003900
00	0003901
00	0003902
00	0003903
00	0003904
00	0003905
00	0003906
00	0003907
00	0003908
00	0003909
00	0003910
00	0003911
00	0003912
00	0003913
00	0003914
00	0003915
00	0003916
00	0003917
00	0003918
00	0003919
00	0003920
00	0003921
00	0003922
00	0003924
00	0003925
00	0003926
00	0003927
00	0003928
00	0003929
00	0003930
00	0003931
00	0003932
00	0003933
00	0003934
00	0003935
00	0003936
00	0003937
00	0003938
00	0003939
00	0003940
00	0003941
00	0003942
00	0003943
00	0003944
00	0003945
00	0003946
00	0003947
00	0003948
00	0003949
00	0003950
00	0003951
00	0003952
00	0003953
00	0003954
00	0003955
00	0003956
00	0003957
00	0003958
00	0003959
00	0003960
00	0003961
00	0003962
00	0003963
00	0003964
00	0003965
00	0003966
00	0003967
00	0003968
00	0003969
00	0003970
00	0003971
00	0003972
00	0003974
00	0003975
00	0003976
00	0003977
00	0003978
00	0003979
00	0003980
00	0003981
00	0003982
00	0003983
00	0003984
00	0003985
00	0003986
00	0003987
00	0003988
00	0003989
00	0003990
00	0003996
00	0003997
00	0003998
00	0003999
00	0004000
00	0004001
00	0004002
00	0004003
00	0004004
00	0004005
00	0004006
00	0004007
00	0004008
00	0004009
00	0004010
00	0004011
00	0004012
00	0004013
00	0004014
00	0004015
00	0004016
00	0004017
00	0004018
00	0004019
00	0004020
00	0004021
00	0004022
00	0004023
00	0004024
00	0004025
00	0004026
00	0004027
00	0004028
00	0004029
00	0004030
00	0004031
00	0004032
00	0004033
00	0004034
00	0004035
00	0004036
00	0004037
00	0004038
00	0004039
00	0004040
00	0004041
00	0004042
00	0004043
00	0004044
00	0004045
00	0004046
00	0004047
00	0004048
00	0004049
00	0004050
00	0004051
00	0004052
00	0004053
00	0004054
00	0004055
00	0004056
00	0004057
00	0004058
00	0004059
00	0004060
00	0004061
00	0004062
00	0004064
00	0004065
00	0004066
00	0004067
00	0004068
00	0004069
00	0004070
00	0004071
00	0004072
00	0004073
00	0004074
00	0004075
00	0004076
00	0004077
00	0004079
00	0004080
00	0004081
00	0004082
00	0004083
00	0004084
00	0004085
00	0004087
00	0004088
00	0004089
00	0004093
00	0004094
00	0004095
00	0004096
00	0004097
00	0004098
00	0004099
00	0004100
00	0004101
00	0004102
00	0004103
00	0004104
00	0004105
00	0004106
00	0004107
00	0004108
00	0004109
00	0004110
00	0004111
00	0004112
00	0004113
00	0004119
00	0004121
00	0004122
00	0004123
00	0004125
00	0004126
00	0004127
00	0004128
00	0004129
00	0004130
00	0004131
00	0004132
00	0004133
00	0004134
00	0004135
00	0004137
00	0004139
00	0004140
00	0004141
00	0004142
00	0004143
00	0004144
00	0004145
00	0004146
00	0004147
00	0004148
00	0004149
00	0004150
00	0004151
00	0004152
00	0004153
00	0004154
00	0004155
00	0004156
00	0004159
00	0004160
00	0004161
00	0004163
00	0004164
00	0004165
00	0004166
00	0004167
00	0004168
00	0004169
00	0004170
00	0004171
00	0004172
00	0004173
00	0004175
00	0004176
00	0004177
00	0004178
00	0004180
00	0004181
00	0004182
00	0004183
00	0004184
00	0004185
00	0004186
00	0004187
00	0004188
00	0004189
00	0004190
00	0004191
00	0004192
00	0004193
00	0004195
00	0004196
00	0004197
00	0004198
00	0004199
00	0004200
00	0004201
00	0004202
00	0004203
00	0004204
00	0004205
00	0004206
00	0004207
00	0004208
00	0004209
00	0004210
00	0004211
00	0004212
00	0004213
00	0004214
00	0004215
00	0004216
00	0004217
00	0004218
00	0004219
00	0004220
00	0004221
00	0004222
00	0004223
00	0004224
00	0004225
00	0004226
00	0004227
00	0004228
00	0004229
00	0004230
00	0004231
00	0004232
00	0004233
00	0004234
00	0004235
00	0004236
00	0004237
00	0004239
00	0004240
00	0004241
00	0004242
00	0004243
00	0004244
00	0004245
00	0004246
00	0004247
00	0004248
00	0004249
00	0004251
00	0004252
00	0004253
00	0004254
00	0004255
00	0004256
00	0004257
00	0004258
00	0004259
00	0004260
00	0004261
00	0004262
00	0004263
00	0004264
00	0004265
00	0004266
00	0004267
00	0004268
00	0004270
00	0004273
00	0004274
00	0004275
00	0004276
00	0004277
00	0004278
00	0004280
00	0004281
00	0004283
00	0004284
00	0004285
00	0004287
00	0004288
00	0004290
00	0004291
00	0004292
00	0004293
00	0004294
00	0004295
00	0004296
00	0004298
00	0004299
00	0004300
00	0004301
00	0004302
00	0004304
00	0004305
00	0004306
00	0004307
00	0004308
00	0004309
00	0004311
00	0004312
00	0004314
00	0004315
00	0004316
00	0004317
00	0004318
00	0004319
00	0004322
00	0004325
00	0004330
00	0004331
00	0004333
00	0004334
00	0004335
00	0004336
00	0004338
00	0004339
00	0004342
00	0004343
00	0004344
00	0004346
00	0004347
00	0004349
00	0004350
00	0004351
00	0004352
00	0004353
00	0004354
00	0004355
00	0004356
00	0004357
00	0004358
00	0004359
00	0004360
00	0004361
00	0004362
00	0004363
00	0004364
00	0004365
00	0004366
00	0004367
00	0004368
00	0004369
00	0004370
00	0004371
00	0004372
00	0004373
00	0004374
00	0004375
00	0004376
00	0004377
00	0004378
00	0004379
00	0004380
00	0004381
00	0004382
00	0004383
00	0004384
00	0004385
00	0004388
00	0004389
00	0004392
00	0004393
00	0004394
00	0004395
00	0004396
00	0004397
00	0004398
00	0004399
00	0004400
00	0004401
00	0004402
00	0004403
00	0004404
00	0004405
00	0004406
00	0004407
00	0004408
00	0004409
00	0004410
00	0004411
00	0004412
00	0004413
00	0004414
00	0004415
00	0004416
00	0004417
00	0004418
00	0004419
00	0004420
00	0004421
00	0004422
00	0004423
00	0004424
00	0004425
00	0004426
00	0004427
00	0004428
00	0004429
00	0004430
00	0004431
00	0004432
00	0004433
00	0004434
00	0004435
00	0004436
00	0004437
00	0004438
00	0004439
00	0004440
00	0004441
00	0004442
00	0004443
00	0004445
00	0004446
00	0004447
00	0004448
00	0004449
00	0004450
00	0004451
00	0004452
00	0004453
00	0004454
00	0004455
00	0004456
00	0004457
00	0004458
00	0004460
00	0004461
00	0004462
00	0004463
00	0004464
00	0004466
00	0004467
00	0004468
00	0004469
00	0004470
00	0004471
00	0004472
00	0004473
00	0004474
00	0004475
00	0004476
00	0004477
00	0004478
00	0004479
00	0004480
00	0004481
00	0004482
00	0004483
00	0004484
00	0004485
00	0004486
00	0004487
00	0004488
00	0004489
00	0004490
00	0004491
00	0004492
00	0004494
00	0004495
00	0004496
00	0004497
00	0004498
00	0004499
00	0004500
00	0004501
00	0004502
00	0004503
00	0004504
00	0004505
00	0004506
00	0004507
00	0004508
00	0004509
00	0004510
00	0004511
00	0004512
00	0004513
00	0004514
00	0004515
00	0004517
00	0004519
00	0004520
00	0004521
00	0004522
00	0004523
00	0004524
00	0004525
00	0004526
00	0004527
00	0004528
00	0004529
00	0004530
00	0004532
00	0004533
00	0004534
00	0004536
00	0004537
00	0004539
00	0004540
00	0004542
00	0004543
00	0004544
00	0004545
00	0004546
00	0004547
00	0004548
00	0004549
00	0004550
00	0004552
00	0004553
00	0004555
00	0004556
00	0004557
00	0004558
00	0004559
00	0004561
00	0004562
00	0004563
00	0004564
00	0004565
00	0004566
00	0004567
00	0004568
00	0004569
00	0004570
00	0004571
00	0004572
00	0004573
00	0004574
00	0004575
00	0004576
00	0004578
00	0004579
00	0004580
00	0004581
00	0004583
00	0004585
00	0004586
00	0004587
00	0004588
00	0004589
00	0004590
00	0004591
00	0004592
00	0004593
00	0004594
00	0004595
00	0004596
00	0004597
00	0004598
00	0004599
00	0004600
00	0004601
00	0004602
00	0004603
00	0004604
00	0004605
00	0004606
00	0004607
00	0004608
00	0004609
00	0004610
00	0004611
00	0004612
00	0004613
00	0004614
00	0004615
00	0004616
00	0004617
00	0004618
00	0004619
00	0004621
00	0004622
00	0004623
00	0004625
00	0004626
00	0004627
00	0004628
00	0004629
00	0004630
00	0004631
00	0004632
00	0004634
00	0004635
00	0004636
00	0004637
00	0004638
00	0004639
00	0004640
00	0004641
00	0004642
00	0004643
00	0004644
00	0004645
00	0004646
00	0004647
00	0004648
00	0004649
00	0004650
00	0004651
00	0004652
00	0004653
00	0004654
00	0004655
00	0004656
00	0004657
00	0004658
00	0004659
00	0004660
00	0004661
00	0004662
00	0004663
00	0004664
00	0004665
00	0004666
00	0004667
00	0004668
00	0004669
00	0004670
00	0004671
00	0004672
00	0004674
00	0004675
00	0004676
00	0004677
00	0004678
00	0004679
00	0004680
00	0004681
00	0004682
00	0004683
00	0004684
00	0004685
00	0004686
00	0004687
00	0004688
00	0004689
00	0004690
00	0004692
00	0004693
00	0004694
00	0004695
00	0004696
00	0004697
00	0004699
00	0004700
00	0004701
00	0004702
00	0004703
00	0004704
00	0004705
00	0004706
00	0004707
00	0004708
00	0004709
00	0004710
00	0004711
00	0004712
00	0004713
00	0004714
00	0004715
00	0004717
00	0004718
00	0004719
00	0004720
00	0004721
00	0004722
00	0004723
00	0004724
00	0004725
00	0004726
00	0004727
00	0004729
00	0004730
00	0004731
00	0004732
00	0004733
00	0004734
00	0004735
00	0004736
00	0004739
00	0004741
00	0004742
00	0004743
00	0004744
00	0004745
00	0004746
00	0004747
00	0004748
00	0004749
00	0004750
00	0004751
00	0004755
00	0004756
00	0004758
00	0004759
00	0004760
00	0004761
00	0004763
00	0004764
00	0004765
00	0004767
00	0004768
00	0004769
00	0004772
00	0004774
00	0004775
00	0004777
00	0004778
00	0004779
00	0004780
00	0004781
00	0004782
00	0004783
00	0004784
00	0004785
00	0004786
00	0004787
00	0004788
00	0004792
00	0004793
00	0004794
00	0004795
00	0004796
00	0004797
00	0004801
00	0004806
00	0004808
00	0004809
00	0004810
00	0004811
00	0004812
00	0004813
00	0004814
00	0004815
00	0004816
00	0004817
00	0004818
00	0004819
00	0004820
00	0004821
00	0004822
00	0004823
00	0004824
00	0004825
00	0004826
00	0004827
00	0004828
00	0004829
00	0004830
00	0004831
00	0004832
00	0004833
00	0004834
00	0004835
00	0004836
00	0004837
00	0004838
00	0004839
00	0004840
00	0004841
00	0004842
00	0004843
00	0004844
00	0004845
00	0004846
00	0004847
00	0004848
00	0004849
00	0004850
00	0004851
00	0004853
00	0004854
00	0004855
00	0004856
00	0004857
00	0004858
00	0004859
00	0004860
00	0004861
00	0004862
00	0004863
00	0004864
00	0004865
00	0004867
00	0004869
00	0004870
00	0004871
00	0004872
00	0004873
00	0004874
00	0004875
00	0004876
00	0004877
00	0004878
00	0004879
00	0004880
00	0004881
00	0004882
00	0004883
00	0004884
00	0004885
00	0004886
00	0004887
00	0004888
00	0004889
00	0004890
00	0004891
00	0004892
00	0004893
00	0004894
00	0004895
00	0004897
00	0004898
00	0004899
00	0004900
00	0004901
00	0004902
00	0004903
00	0004904
00	0004905
00	0004906
00	0004907
00	0004908
00	0004909
00	0004910
00	0004911
00	0004912
00	0004913
00	0004914
00	0004915
00	0004916
00	0004917
00	0004918
00	0004919
00	0004920
00	0004921
00	0004922
00	0004923
00	0004924
00	0004925
00	0004926
00	0004927
00	0004928
00	0004929
00	0004930
00	0004931
00	0004932
00	0004933
00	0004934
00	0004935
00	0004936
00	0004937
00	0004938
00	0004939
00	0004940
00	0004941
00	0004942
00	0004943
00	0004944
00	0004945
00	0004946
00	0004947
00	0004948
00	0004949
00	0004950
00	0004951
00	0004952
00	0004953
00	0004954
00	0004955
00	0004956
00	0004958
00	0004959
00	0004960
00	0004961
00	0004964
00	0004965
00	0004966
00	0004967
00	0004968
00	0004969
00	0004970
00	0004972
00	0004973
00	0004974
00	0004976
00	0004977
00	0004978
00	0004979
00	0004980
00	0004981
00	0004982
00	0004983
00	0004984
00	0004985
00	0004986
00	0004987
00	0004988
00	0004989
00	0004990
00	0004991
00	0004992
00	0004993
00	0004994
00	0004995
00	0004996
00	0004997
00	0004998
00	0004999
00	0005000
00	0005001
00	0005002
00	0005003
00	0005004
00	0005005
00	0005006
00	0005007
00	0005008
00	0005009
00	0005010
00	0005011
00	0005012
00	0005013
00	0005014
00	0005015
00	0005016
00	0005017
00	0005018
00	0005019
00	0005020
00	0005021
00	0005022
00	0005023
00	0005024
00	0005025
00	0005026
00	0005027
00	0005028
00	0005029
00	0005030
00	0005031
00	0005032
00	0005033
00	0005034
00	0005035
00	0005036
00	0005037
00	0005038
00	0005039
00	0005040
00	0005041
00	0005042
00	0005043
00	0005044
00	0005045
00	0005046
00	0005047
00	0005048
00	0005049
00	0005050
00	0005051
00	0005052
00	0005053
00	0005055
00	0005056
00	0005057
00	0005058
00	0005059
00	0005060
00	0005061
00	0005062
00	0005063
00	0005064
00	0005065
00	0005066
00	0005067
00	0005068
00	0005071
00	0005072
00	0005073
00	0005074
00	0005075
00	0005076
00	0005077
00	0005078
00	0005079
00	0005080
00	0005081
00	0005082
00	0005083
00	0005084
00	0005085
00	0005086
00	0005087
00	0005089
00	0005090
00	0005091
00	0005092
00	0005093
00	0005094
00	0005095
00	0005096
00	0005097
00	0005098
00	0005099
00	0005100
00	0005101
00	0005102
00	0005103
00	0005104
00	0005105
00	0005106
00	0005107
00	0005108
00	0005109
00	0005110
00	0005111
00	0005112
00	0005113
00	0005114
00	0005115
00	0005117
00	0005118
00	0005119
00	0005120
00	0005121
00	0005123
00	0005124
00	0005125
00	0005127
00	0005128
00	0005129
00	0005130
00	0005131
00	0005133
00	0005134
00	0005135
00	0005136
00	0005137
00	0005138
00	0005139
00	0005140
00	0005141
00	0005142
00	0005143
00	0005144
00	0005145
00	0005146
00	0005147
00	0005148
00	0005149
00	0005150
00	0005151
00	0005152
00	0005153
00	0005155
00	0005156
00	0005159
00	0005160
00	0005161
00	0005162
00	0005163
00	0005164
00	0005165
00	0005166
00	0005167
00	0005168
00	0005169
00	0005170
00	0005171
00	0005172
00	0005174
00	0005175
00	0005176
00	0005177
00	0005179
00	0005180
00	0005181
00	0005182
00	0005183
00	0005184
00	0005185
00	0005186
00	0005187
00	0005188
00	0005189
00	0005190
00	0005191
00	0005192
00	0005193
00	0005194
00	0005195
00	0005196
00	0005197
00	0005198
00	0005199
00	0005200
00	0005201
00	0005202
00	0005203
00	0005204
00	0005205
00	0005206
00	0005208
00	0005209
00	0005210
00	0005211
00	0005213
00	0005214
00	0005216
00	0005217
00	0005219
00	0005220
00	0005221
00	0005222
00	0005225
00	0005227
00	0005228
00	0005232
00	0005233
00	0005234
00	0005235
00	0005237
00	0005238
00	0005239
00	0005240
00	0005241
00	0005242
00	0005243
00	0005244
00	0005245
00	0005246
00	0005247
00	0005248
00	0005249
00	0005250
00	0005251
00	0005252
00	0005253
00	0005254
00	0005255
00	0005256
00	0005257
00	0005258
00	0005259
00	0005260
00	0005261
00	0005262
00	0005263
00	0005264
00	0005265
00	0005266
00	0005267
00	0005268
00	0005269
00	0005270
00	0005271
00	0005272
00	0005273
00	0005274
00	0005275
00	0005276
00	0005277
00	0005278
00	0005279
00	0005280
00	0005281
00	0005282
00	0005283
00	0005284
00	0005285
00	0005286
00	0005287
00	0005288
00	0005289
00	0005290
00	0005291
00	0005292
00	0005293
00	0005294
00	0005295
00	0005296
00	0005297
00	0005298
00	0005299
00	0005300
00	0005301
00	0005302
00	0005303
00	0005304
00	0005305
00	0005307
00	0005308
00	0005309
00	0005310
00	0005311
00	0005312
00	0005313
00	0005314
00	0005315
00	0005316
00	0005318
00	0005319
00	0005320
00	0005321
00	0005322
00	0005323
00	0005324
00	0005325
00	0005327
00	0005328
00	0005329
00	0005330
00	0005331
00	0005332
00	0005333
00	0005334
00	0005335
00	0005336
00	0005337
00	0005338
00	0005340
00	0005341
00	0005342
00	0005343
00	0005344
00	0005346
00	0005347
00	0005348
00	0005349
00	0005350
00	0005351
00	0005352
00	0005353
00	0005354
00	0005355
00	0005356
00	0005357
00	0005358
00	0005359
00	0005360
00	0005361
00	0005363
00	0005364
00	0005365
00	0005366
00	0005367
00	0005368
00	0005370
00	0005372
00	0005374
00	0005375
00	0005376
00	0005377
00	0005378
00	0005379
00	0005380
00	0005381
00	0005382
00	0005383
00	0005384
00	0005385
00	0005386
00	0005387
00	0005388
00	0005389
00	0005390
00	0005391
00	0005392
00	0005393
00	0005394
00	0005395
00	0005396
00	0005397
00	0005398
00	0005399
00	0005400
00	0005401
00	0005402
00	0005403
00	0005405
00	0005406
00	0005408
00	0005409
00	0005411
00	0005413
00	0005417
00	0005419
00	0005422
00	0005423
00	0005426
00	0005427
00	0005430
00	0005431
00	0005434
00	0005435
00	0005436
00	0005437
00	0005438
00	0005439
00	0005440
00	0005441
00	0005442
00	0005443
00	0005444
00	0005445
00	0005446
00	0005447
00	0005448
00	0005449
00	0005450
00	0005451
00	0005452
00	0005453
00	0005454
00	0005455
00	0005456
00	0005457
00	0005459
00	0005460
00	0005461
00	0005462
00	0005463
00	0005464
00	0005465
00	0005466
00	0005467
00	0005468
00	0005469
00	0005470
00	0005471
00	0005472
00	0005473
00	0005475
00	0005476
00	0005477
00	0005479
00	0005481
00	0005482
00	0005483
00	0005484
00	0005485
00	0005486
00	0005487
00	0005488
00	0005489
00	0005490
00	0005491
00	0005492
00	0005493
00	0005494
00	0005495
00	0005496
00	0005497
00	0005498
00	0005499
00	0005500
00	0005501
00	0005502
00	0005503
00	0005504
00	0005505
00	0005506
00	0005507
00	0005508
00	0005509
00	0005510
00	0005511
00	0005512
00	0005513
00	0005514
00	0005515
00	0005516
00	0005517
00	0005518
00	0005519
00	0005520
00	0005521
00	0005522
00	0005523
00	0005524
00	0005525
00	0005526
00	0005527
00	0005528
00	0005529
00	0005530
00	0005531
00	0005532
00	0005533
00	0005534
00	0005535
00	0005536
00	0005538
00	0005539
00	0005540
00	0005541
00	0005542
00	0005543
00	0005544
00	0005545
00	0005546
00	0005548
00	0005549
00	0005550
00	0005551
00	0005552
00	0005553
00	0005554
00	0005555
00	0005556
00	0005557
00	0005558
00	0005559
00	0005560
00	0005561
00	0005562
00	0005563
00	0005564
00	0005565
00	0005566
00	0005567
00	0005568
00	0005569
00	0005571
00	0005572
00	0005573
00	0005575
00	0005577
00	0005578
00	0005579
00	0005582
00	0005583
00	0005584
00	0005586
00	0005587
00	0005589
00	0005592
00	0005593
00	0005594
00	0005595
00	0005596
00	0005597
00	0005598
00	0005599
00	0005600
00	0005601
00	0005602
00	0005603
00	0005604
00	0005605
00	0005606
00	0005607
00	0005608
00	0005610
00	0005611
00	0005612
00	0005613
00	0005614
00	0005615
00	0005616
00	0005620
00	0005622
00	0005623
00	0005625
00	0005626
00	0005628
00	0005630
00	0005631
00	0005633
00	0005634
00	0005635
00	0005636
00	0005637
00	0005638
00	0005639
00	0005640
00	0005641
00	0005642
00	0005644
00	0005645
00	0005646
00	0005647
00	0005650
00	0005651
00	0005652
00	0005653
00	0005654
00	0005655
00	0005656
00	0005657
00	0005658
00	0005659
00	0005660
00	0005661
00	0005662
00	0005663
00	0005664
00	0005665
00	0005666
00	0005667
00	0005668
00	0005669
00	0005670
00	0005671
00	0005672
00	0005673
00	0005674
00	0005675
00	0005676
00	0005677
00	0005678
00	0005679
00	0005680
00	0005681
00	0005682
00	0005683
00	0005684
00	0005685
00	0005686
00	0005687
00	0005688
00	0005689
00	0005690
00	0005692
00	0005693
00	0005694
00	0005695
00	0005696
00	0005698
00	0005700
00	0005701
00	0005702
00	0005704
00	0005705
00	0005706
00	0005707
00	0005708
00	0005709
00	0005710
00	0005711
00	0005712
00	0005713
00	0005714
00	0005715
00	0005716
00	0005717
00	0005718
00	0005719
00	0005720
00	0005721
00	0005722
00	0005727
00	0005729
00	0005730
00	0005731
00	0005732
00	0005733
00	0005734
00	0005735
00	0005736
00	0005737
00	0005739
00	0005740
00	0005741
00	0005742
00	0005743
00	0005744
00	0005745
00	0005746
00	0005747
00	0005748
00	0005749
00	0005750
00	0005751
00	0005752
00	0005753
00	0005754
00	0005755
00	0005756
00	0005757
00	0005758
00	0005759
00	0005760
00	0005761
00	0005762
00	0005763
00	0005764
00	0005765
00	0005766
00	0005767
00	0005768
00	0005769
00	0005770
00	0005771
00	0005772
00	0005774
00	0005775
00	0005776
00	0005778
00	0005780
00	0005781
00	0005782
00	0005783
00	0005784
00	0005786
00	0005787
00	0005788
00	0005789
00	0005790
00	0005791
00	0005792
00	0005793
00	0005794
00	0005795
00	0005796
00	0005797
00	0005798
00	0005799
00	0005800
00	0005801
00	0005802
00	0005803
00	0005804
00	0005805
00	0005806
00	0005807
00	0005808
00	0005809
00	0005810
00	0005811
00	0005812
00	0005813
00	0005814
00	0005815
00	0005816
00	0005817
00	0005818
00	0005819
00	0005820
00	0005821
00	0005822
00	0005823
00	0005824
00	0005825
00	0005826
00	0005827
00	0005828
00	0005829
00	0005831
00	0005832
00	0005833
00	0005834
00	0005835
00	0005836
00	0005837
00	0005838
00	0005839
00	0005840
00	0005841
00	0005842
00	0005843
00	0005844
00	0005845
00	0005846
00	0005847
00	0005848
00	0005849
00	0005850
00	0005851
00	0005852
00	0005853
00	0005854
00	0005855
00	0005857
00	0005858
00	0005859
00	0005860
00	0005861
00	0005862
00	0005863
00	0005864
00	0005865
00	0005866
00	0005867
00	0005868
00	0005869
00	0005870
00	0005871
00	0005872
00	0005873
00	0005874
00	0005875
00	0005876
00	0005878
00	0005879
00	0005880
00	0005881
00	0005882
00	0005884
00	0005885
00	0005886
00	0005887
00	0005888
00	0005889
00	0005890
00	0005892
00	0005893
00	0005895
00	0005896
00	0005897
00	0005898
00	0005899
00	0005900
00	0005901
00	0005902
00	0005903
00	0005904
00	0005905
00	0005906
00	0005907
00	0005908
00	0005909
00	0005910
00	0005911
00	0005912
00	0005913
00	0005914
00	0005915
00	0005916
00	0005917
00	0005918
00	0005919
00	0005920
00	0005921
00	0005922
00	0005923
00	0005924
00	0005925
00	0005926
00	0005927
00	0005928
00	0005929
00	0005930
00	0005931
00	0005932
00	0005933
00	0005934
00	0005935
00	0005936
00	0005937
00	0005938
00	0005939
00	0005941
00	0005943
00	0005944
00	0005945
00	0005946
00	0005947
00	0005948
00	0005949
00	0005950
00	0005951
00	0005952
00	0005953
00	0005954
00	0005955
00	0005961
00	0005962
00	0005963
00	0005964
00	0005966
00	0005967
00	0005968
00	0005971
00	0005972
00	0005974
00	0005975
00	0005976
00	0005977
00	0005978
00	0005979
00	0005980
00	0005981
00	0005982
00	0005983
00	0005984
00	0005985
00	0005986
00	0005987
00	0005988
00	0005989
00	0005990
00	0005991
00	0005992
00	0005993
00	0005994
00	0005995
00	0005996
00	0005997
00	0005998
00	0005999
00	0006000
00	0006001
00	0006002
00	0006003
00	0006004
00	0006005
00	0006006
00	0006007
00	0006008
00	0006009
00	0006010
00	0006011
00	0006012
00	0006013
00	0006014
00	0006015
00	0006016
00	0006017
00	0006018
00	0006019
00	0006020
00	0006021
00	0006022
00	0006023
00	0006024
00	0006025
00	0006026
00	0006027
00	0006028
00	0006030
00	0006031
00	0006032
00	0006033
00	0006034
00	0006035
00	0006036
00	0006037
00	0006038
00	0006039
00	0006040
00	0006041
00	0006042
00	0006043
00	0006044
00	0006045
00	0006047
00	0006048
00	0006049
00	0006050
00	0006051
00	0006052
00	0006053
00	0006054
00	0006056
00	0006057
00	0006058
00	0006059
00	0006060
00	0006061
00	0006062
00	0006063
00	0006064
00	0006065
00	0006066
00	0006067
00	0006068
00	0006069
00	0006070
00	0006071
00	0006072
00	0006073
00	0006074
00	0006075
00	0006076
00	0006077
00	0006078
00	0006079
00	0006080
00	0006081
00	0006083
00	0006084
00	0006085
00	0006086
00	0006087
00	0006088
00	0006089
00	0006090
00	0006091
00	0006092
00	0006093
00	0006094
00	0006095
00	0006096
00	0006097
00	0006099
00	0006100
00	0006102
00	0006103
00	0006104
00	0006105
00	0006107
00	0006108
00	0006109
00	0006110
00	0006111
00	0006112
00	0006113
00	0006114
00	0006115
00	0006117
00	0006118
00	0006119
00	0006120
00	0006121
00	0006122
00	0006123
00	0006124
00	0006125
00	0006126
00	0006127
00	0006128
00	0006129
00	0006130
00	0006131
00	0006135
00	0006136
00	0006138
00	0006142
00	0006143
00	0006144
00	0006147
00	0006148
00	0006149
00	0006150
00	0006151
00	0006152
00	0006153
00	0006154
00	0006155
00	0006156
00	0006157
00	0006158
00	0006159
00	0006160
00	0006161
00	0006162
00	0006163
00	0006164
00	0006165
00	0006166
00	0006167
00	0006168
00	0006169
00	0006170
00	0006171
00	0006172
00	0006173
00	0006174
00	0006175
00	0006176
00	0006177
00	0006178
00	0006179
00	0006180
00	0006181
00	0006182
00	0006183
00	0006184
00	0006185
00	0006186
00	0006187
00	0006188
00	0006189
00	0006190
00	0006191
00	0006192
00	0006193
00	0006194
00	0006195
00	0006196
00	0006197
00	0006198
00	0006199
00	0006200
00	0006201
00	0006203
00	0006204
00	0006205
00	0006206
00	0006207
00	0006208
00	0006209
00	0006210
00	0006211
00	0006212
00	0006213
00	0006214
00	0006215
00	0006216
00	0006217
00	0006218
00	0006219
00	0006220
00	0006221
00	0006222
00	0006223
00	0006224
00	0006225
00	0006226
00	0006227
00	0006228
00	0006229
00	0006230
00	0006231
00	0006232
00	0006233
00	0006234
00	0006235
00	0006236
00	0006237
00	0006239
00	0006240
00	0006241
00	0006242
00	0006243
00	0006244
00	0006245
00	0006246
00	0006247
00	0006248
00	0006249
00	0006250
00	0006251
00	0006252
00	0006253
00	0006254
00	0006255
00	0006256
00	0006257
00	0006258
00	0006259
00	0006260
00	0006261
00	0006262
00	0006263
00	0006264
00	0006265
00	0006266
00	0006267
00	0006268
00	0006270
00	0006271
00	0006272
00	0006274
00	0006275
00	0006276
00	0006277
00	0006278
00	0006279
00	0006280
00	0006281
00	0006283
00	0006284
00	0006285
00	0006286
00	0006287
00	0006288
00	0006289
00	0006290
00	0006291
00	0006292
00	0006293
00	0006294
00	0006296
00	0006297
00	0006298
00	0006299
00	0006300
00	0006301
00	0006302
00	0006303
00	0006304
00	0006305
00	0006306
00	0006307
00	0006308
00	0006309
00	0006310
00	0006311
00	0006312
00	0006313
00	0006314
00	0006315
00	0006316
00	0006317
00	0006318
00	0006319
00	0006320
00	0006321
00	0006322
00	0006323
00	0006325
00	0006326
00	0006327
00	0006328
00	0006329
00	0006330
00	0006331
00	0006332
00	0006333
00	0006334
00	0006335
00	0006336
00	0006337
00	0006338
00	0006339
00	0006340
00	0006341
00	0006342
00	0006343
00	0006344
00	0006345
00	0006346
00	0006347
00	0006348
00	0006349
00	0006350
00	0006351
00	0006352
00	0006353
00	0006354
00	0006355
00	0006356
00	0006357
00	0006358
00	0006359
00	0006360
00	0006361
00	0006362
00	0006363
00	0006364
00	0006365
00	0006366
00	0006367
00	0006368
00	0006369
00	0006370
00	0006371
00	0006372
00	0006374
00	0006375
00	0006376
00	0006377
00	0006378
00	0006379
00	0006380
00	0006381
00	0006383
00	0006384
00	0006385
00	0006386
00	0006387
00	0006388
00	0006389
00	0006390
00	0006391
00	0006392
00	0006393
00	0006394
00	0006395
00	0006397
00	0006398
00	0006399
00	0006400
00	0006401
00	0006402
00	0006404
00	0006407
00	0006408
00	0006412
00	0006414
00	0006415
00	0006418
00	0006420
00	0006422
00	0006424
00	0006425
00	0006426
00	0006427
00	0006428
00	0006429
00	0006430
00	0006431
00	0006432
00	0006433
00	0006434
00	0006435
00	0006437
00	0006438
00	0006439
00	0006440
00	0006441
00	0006442
00	0006443
00	0006444
00	0006445
00	0006447
00	0006448
00	0006449
00	0006450
00	0006451
00	0006454
00	0006455
00	0006457
00	0006459
00	0006460
00	0006461
00	0006462
00	0006464
00	0006466
00	0006468
00	0006469
00	0006470
00	0006471
00	0006472
00	0006473
00	0006475
00	0006476
00	0006477
00	0006478
00	0006479
00	0006480
00	0006481
00	0006482
00	0006483
00	0006484
00	0006486
00	0006487
00	0006488
00	0006489
00	0006490
00	0006492
00	0006493
00	0006494
00	0006495
00	0006496
00	0006497
00	0006498
00	0006499
00	0006500
00	0006501
00	0006502
00	0006503
00	0006504
00	0006505
00	0006506
00	0006507
00	0006508
00	0006509
00	0006510
00	0006511
00	0006512
00	0006513
00	0006514
00	0006515
00	0006516
00	0006517
00	0006518
00	0006519
00	0006520
00	0006521
00	0006522
00	0006523
00	0006524
00	0006525
00	0006526
00	0006527
00	0006528
00	0006529
00	0006530
00	0006531
00	0006532
00	0006533
00	0006534
00	0006535
00	0006536
00	0006537
00	0006538
00	0006539
00	0006540
00	0006541
00	0006542
00	0006543
00	0006544
00	0006545
00	0006546
00	0006547
00	0006548
00	0006549
00	0006550
00	0006551
00	0006552
00	0006553
00	0006554
00	0006555
00	0006556
00	0006557
00	0006558
00	0006559
00	0006560
00	0006561
00	0006562
00	0006563
00	0006564
00	0006565
00	0006566
00	0006567
00	0006568
00	0006569
00	0006570
00	0006571
00	0006572
00	0006573
00	0006574
00	0006575
00	0006576
00	0006577
00	0006578
00	0006579
00	0006580
00	0006581
00	0006582
00	0006583
00	0006584
00	0006585
00	0006586
00	0006587
00	0006588
00	0006589
00	0006590
00	0006591
00	0006593
00	0006594
00	0006596
00	0006597
00	0006598
00	0006599
00	0006600
00	0006601
00	0006602
00	0006603
00	0006604
00	0006605
00	0006606
00	0006607
00	0006608
00	0006609
00	0006610
00	0006611
00	0006612
00	0006613
00	0006614
00	0006615
00	0006616
00	0006617
00	0006618
00	0006619
00	0006620
00	0006621
00	0006622
00	0006623
00	0006624
00	0006625
00	0006626
00	0006627
00	0006628
00	0006629
00	0006630
00	0006631
00	0006632
00	0006633
00	0006634
00	0006635
00	0006636
00	0006637
00	0006638
00	0006639
00	0006640
00	0006641
00	0006642
00	0006643
00	0006644
00	0006646
00	0006647
00	0006648
00	0006649
00	0006650
00	0006651
00	0006652
00	0006654
00	0006655
00	0006656
00	0006657
00	0006658
00	0006659
00	0006661
00	0006663
00	0006664
00	0006665
00	0006666
00	0006667
00	0006668
00	0006669
00	0006670
00	0006672
00	0006673
00	0006674
00	0006675
00	0006676
00	0006677
00	0006678
00	0006679
00	0006680
00	0006681
00	0006682
00	0006683
00	0006684
00	0006685
00	0006686
00	0006687
00	0006688
00	0006690
00	0006691
00	0006692
00	0006693
00	0006694
00	0006696
00	0006697
00	0006698
00	0006699
00	0006700
00	0006701
00	0006702
00	0006703
00	0006704
00	0006705
00	0006706
00	0006707
00	0006708
00	0006709
00	0006710
00	0006711
00	0006712
00	0006713
00	0006714
00	0006715
00	0006716
00	0006717
00	0006718
00	0006719
00	0006720
00	0006721
00	0006722
00	0006723
00	0006724
00	0006725
00	0006726
00	0006727
00	0006728
00	0006729
00	0006730
00	0006731
00	0006732
00	0006733
00	0006734
00	0006735
00	0006736
00	0006737
00	0006738
00	0006739
00	0006740
00	0006741
00	0006742
00	0006743
00	0006744
00	0006745
00	0006746
00	0006747
00	0006748
00	0006749
00	0006750
00	0006751
00	0006752
00	0006753
00	0006755
00	0006759
00	0006761
00	0006763
00	0006764
00	0006765
00	0006766
00	0006767
00	0006768
00	0006769
00	0006770
00	0006771
00	0006772
00	0006773
00	0006774
00	0006775
00	0006776
00	0006777
00	0006778
00	0006779
00	0006780
00	0006781
00	0006782
00	0006783
00	0006784
00	0006785
00	0006786
00	0006787
00	0006788
00	0006789
00	0006790
00	0006791
00	0006793
00	0006794
00	0006795
00	0006796
00	0006797
00	0006799
00	0006800
00	0006801
00	0006802
00	0006803
00	0006805
00	0006806
00	0006807
00	0006808
00	0006809
00	0006810
00	0006811
00	0006812
00	0006814
00	0006815
00	0006816
00	0006817
00	0006818
00	0006819
00	0006820
00	0006821
00	0006822
00	0006823
00	0006825
00	0006826
00	0006827
00	0006828
00	0006829
00	0006830
00	0006832
00	0006833
00	0006834
00	0006835
00	0006837
00	0006838
00	0006839
00	0006840
00	0006841
00	0006842
00	0006843
00	0006844
00	0006845
00	0006846
00	0006847
00	0006848
00	0006850
00	0006851
00	0006852
00	0006853
00	0006854
00	0006855
00	0006856
00	0006857
00	0006858
00	0006859
00	0006860
00	0006861
00	0006862
00	0006863
00	0006864
00	0006865
00	0006866
00	0006867
00	0006868
00	0006870
00	0006871
00	0006873
00	0006874
00	0006875
00	0006876
00	0006877
00	0006878
00	0006879
00	0006880
00	0006881
00	0006882
00	0006883
00	0006884
00	0006885
00	0006886
00	0006887
00	0006888
00	0006889
00	0006890
00	0006891
00	0006892
00	0006893
00	0006894
00	0006895
00	0006896
00	0006897
00	0006898
00	0006900
00	0006901
00	0006902
00	0006904
00	0006905
00	0006906
00	0006907
00	0006908
00	0006909
00	0006910
00	0006911
00	0006913
00	0006915
00	0006916
00	0006917
00	0006918
00	0006919
00	0006920
00	0006921
00	0006922
00	0006923
00	0006924
00	0006925
00	0006926
00	0006927
00	0006928
00	0006929
00	0006930
00	0006931
00	0006933
00	0006934
00	0006935
00	0006936
00	0006937
00	0006938
00	0006939
00	0006940
00	0006941
00	0006942
00	0006943
00	0006944
00	0006945
00	0006946
00	0006948
00	0006949
00	0006950
00	0006951
00	0006952
00	0006953
00	0006954
00	0006956
00	0006957
00	0006958
00	0006959
00	0006960
00	0006961
00	0006962
00	0006963
00	0006964
00	0006965
00	0006966
00	0006968
00	0006969
00	0006970
00	0006971
00	0006972
00	0006973
00	0006974
00	0006975
00	0006976
00	0006977
00	0006978
00	0006979
00	0006980
00	0006981
00	0006982
00	0006983
00	0006984
00	0006985
00	0006986
00	0006987
00	0006988
00	0006989
00	0006990
00	0006991
00	0006992
00	0006993
00	0006994
00	0006995
00	0006996
00	0007000
00	0007001
00	0007003
00	0007008
00	0007009
00	0007010
00	0007012
00	0007013
00	0007014
00	0007015
00	0007016
00	0007017
00	0007018
00	0007019
00	0007020
00	0007021
00	0007022
00	0007023
00	0007024
00	0007025
00	0007026
00	0007027
00	0007028
00	0007029
00	0007030
00	0007031
00	0007032
00	0007033
00	0007034
00	0007035
00	0007036
00	0007037
00	0007038
00	0007040
00	0007042
00	0007043
00	0007044
00	0007045
00	0007046
00	0007047
00	0007048
00	0007049
00	0007050
00	0007051
00	0007052
00	0007053
00	0007054
00	0007055
00	0007056
00	0007057
00	0007058
00	0007059
00	0007060
00	0007061
00	0007062
00	0007063
00	0007064
00	0007065
00	0007066
00	0007067
00	0007068
00	0007069
00	0007070
00	0007071
00	0007072
00	0007073
00	0007074
00	0007075
00	0007076
00	0007077
00	0007078
00	0007079
00	0007080
00	0007081
00	0007082
00	0007083
00	0007084
00	0007085
00	0007086
00	0007087
00	0007088
00	0007089
00	0007090
00	0007091
00	0007092
00	0007093
00	0007094
00	0007095
00	0007096
00	0007097
00	0007098
00	0007099
00	0007100
00	0007101
00	0007102
00	0007103
00	0007104
00	0007105
00	0007106
00	0007112
00	0007113
00	0007114
00	0007115
00	0007117
00	0007118
00	0007119
00	0007120
00	0007121
00	0007122
00	0007123
00	0007124
00	0007125
00	0007126
00	0007127
00	0007128
00	0007129
00	0007130
00	0007131
00	0007132
00	0007133
00	0007134
00	0007135
00	0007136
00	0007138
00	0007139
00	0007141
00	0007142
00	0007143
00	0007144
00	0007145
00	0007146
00	0007147
00	0007148
00	0007149
00	0007150
00	0007151
00	0007152
00	0007154
00	0007156
00	0007157
00	0007158
00	0007159
00	0007160
00	0007161
00	0007162
00	0007163
00	0007164
00	0007165
00	0007166
00	0007167
00	0007168
00	0007169
00	0007170
00	0007171
00	0007172
00	0007173
00	0007174
00	0007176
00	0007177
00	0007178
00	0007179
00	0007180
00	0007181
00	0007182
00	0007183
00	0007184
00	0007185
00	0007186
00	0007187
00	0007188
00	0007189
00	0007190
00	0007191
00	0007192
00	0007193
00	0007194
00	0007195
00	0007196
00	0007197
00	0007198
00	0007199
00	0007200
00	0007201
00	0007202
00	0007203
00	0007204
00	0007205
00	0007206
00	0007207
00	0007208
00	0007209
00	0007210
00	0007211
00	0007212
00	0007213
00	0007214
00	0007215
00	0007216
00	0007217
00	0007218
00	0007219
00	0007220
00	0007221
00	0007222
00	0007223
00	0007224
00	0007225
00	0007226
00	0007452
00	0007602
00	0007728
00	0007856
00	0007921
00	0007962
00	0008013
00	0008182
00	0008286
00	0008406
00	0008454
00	0008811
00	0008910
00	0008948
00	0009094
00	0009291
00	0009531
00	0009541
01	0009647
01	0009763
01	0009990
01	0010083
01	0010103
01	0010142
01	0010349
01	0010405
01	0010614
01	0010625
01	0010784
01	0010873
01	0010876
01	0010894
01	0010946
01	0011015
01	0011064
01	0011111
01	0011146
01	0011151
01	0011621
01	0011675
01	0011735
01	0011847
01	0011868
01	0012025
01	0012092
01	0012294
01	0012297
01	0012311
01	0012338
01	0012410
01	0012869
01	0012871
01	0012962
01	0013414
01	0013475
01	0013520
01	0013641
01	0013901
01	0014031
01	0014337
01	0014357
01	0014363
01	0014564
01	0014662
01	0014799
01	0014902
01	0014915
01	0015229
01	0015246
01	0015400
01	0015476
01	0015538
01	0015679
01	0015737
01	0015804
01	0015881
01	0016048
01	0016113
01	0016146
01	0016759
01	0016799
01	0016811
01	0016877
01	0016957
01	0017012
01	0017494
01	0017694
01	0017751
01	0018024
01	0018147
01	0018215
01	0018336
01	0018341
01	0018454
01	0018460
01	0018474
01	0018702
01	0018921
01	0019056
01	0019246
02	0019690
02	0019723
02	0019797
02	0019957
02	0019987
02	0020141
02	0020195
02	0020378
02	0020464
02	0020556
02	0020629
02	0020776
02	0020778
02	0020957
02	0020996
02	0021007
02	0021060
02	0021082
02	0021160
02	0021478
02	0021525
02	0021681
02	0021731
02	0021749
02	0021827
02	0021886
02	0021896
02	0021969
02	0022078
02	0022321
02	0022376
02	0022646
02	0022678
02	0022981
02	0023092
02	0023477
02	0023575
02	0023619
02	0023747
02	0023791
02	0023828
02	0023954
02	0023984
02	0024065
02	0024341
02	0024590
02	0024645
02	0024679
02	0024809
02	0024819
02	0024921
02	0024936
02	0025010
02	0025270
02	0025416
02	0025485
02	0025558
02	0025582
02	0025681
02	0025918
02	0025966
02	0026385
02	0026409
02	0026445
02	0026525
02	0026531
02	0026730
02	0026873
02	0026910
02	0026976
02	0027029
02	0027171
02	0027410
02	0027420
02	0027479
02	0027585
02	0027761
02	0027895
02	0028000
02	0028106
02	0028138
02	0028155
02	0028520
02	0028678
02	0028698
02	0028885
03	0028901
03	0028978
03	0029005
03	0029104
03	0029296
03	0029515
03	0029581
03	0029676
03	0029732
03	0029748
03	0029863
03	0029953
03	0029958
03	0030024
03	0030153
03	0030156
03	0030168
03	0030209
03	0030211
03	0030289
03	0030457
03	0030675
03	0030796
03	0030797
03	0030822
03	0030964
03	0031175
03	0031196
03	0031229
03	0031251
03	0031334
03	0031457
03	0031489
03	0031546
03	0031706
03	0031741
03	0031984
03	0031988
03	0032021
03	0032112
03	0032151
03	0032311
03	0032319
03	0032402
03	0032422
03	0032429
03	0032551
03	0032833
03	0032914
03	0032997
03	0033129
03	0033145
03	0033155
03	0033366
03	0033666
03	0033741
03	0033903
03	0034112
03	0034375
03	0034490
03	0034609
03	0034752
03	0034772
03	0034814
03	0034938
03	0034989
03	0035022
03	0035221
03	0035435
03	0035530
03	0035665
03	0036016
03	0036060
03	0036091
03	0036102
03	0036122
03	0036129
03	0036235
03	0036486
03	0036585
03	0036674
03	0036905
03	0036915
03	0037043
03	0037106
03	0037174
03	0037326
03	0037526
03	0037732
03	0037825
03	0037879
03	0037889
03	0038088
03	0038127
03	0038275
03	0038517
04	0038535
04	0038573
04	0038719
04	0038823
04	0038834
04	0039134
04	0039167
04	0039250
04	0039354
04	0039494
04	0039579
04	0039616
04	0039733
04	0039764
04	0039850
04	0039994
04	0040105
04	0040201
04	0040268
04	0040418
04	0040526
04	0040527
04	0040711
04	0040747
04	0040965
04	0041080
04	0041091
04	0041158
04	0041282
04	0041580
04	0041716
04	0041744
04	0041958
04	0042103
04	0042276
04	0042286
04	0042305
04	0042480
04	0042572
04	0042598
04	0042703
04	0042778
04	0042898
04	0042982
04	0043172
04	0043315
04	0043415
04	0043531
04	0043533
04	0043559
04	0043628
04	0043742
04	0043881
04	0043968
04	0044326
04	0044431
04	0044558
04	0044607
04	0044769
04	0044992
04	0045016
04	0045393
04	0045458
04	0045545
04	0045741
04	0045756
04	0045841
04	0045946
04	0045948
04	0045967
04	0046220
04	0046265
04	0046294
04	0046422
04	0046489
04	0046502
04	0046793
04	0046814
04	0047060
04	0047296
04	0047650
04	0047735
04	0047865
04	0048011
05	0048197
05	0048461
05	0048479
05	0048693
05	0048757
05	0049073
05	0049228
05	0049413
05	0049611
05	0049685
05	0049711
05	0049719
05	0049805
05	0049810
05	0049811
05	0049902
05	0050121
05	0050275
05	0050535
05	0050605
05	0050628
05	0050740
05	0050800
05	0051159
05	0051291
05	0051301
05	0051547
05	0051652
05	0051923
05	0051958
05	0052065
05	0052154
05	0052261
05	0052317
05	0052453
05	0052595
05	0052699
05	0052750
05	0053080
05	0053457
05	0053631
05	0053673
05	0053722
05	0053876
05	0053887
05	0053905
05	0053979
05	0054055
05	0054138
05	0054268
05	0054368
05	0054461
05	0054572
05	0054630
05	0055257
05	0055351
05	0055389
05	0055478
05	0055880
05	0056000
05	0056077
05	0056079
05	0056226
05	0056239
05	0056537
05	0056712
05	0056863
05	0056939
05	0056999
05	0057014
05	0057131
05	0057245
05	0057331
05	0057457
05	0057458
05	0057478
05	0057564
05	0057759
05	0057789
06	0057825
06	0057965
06	0057970
06	0058248
06	0058515
06	0058722
06	0058826
06	0059053
06	0059148
06	0059214
06	0059272
06	0059318
06	0059888
06	0060102
06	0060336
06	0060629
06	0061039
06	0061163
06	0061226
06	0061370
06	0061440
06	0061510
06	0061625
06	0061630
06	0061737
06	0061800
06	0062007
06	0062078
06	0062123
06	0062203
06	0062221
06	0062288
06	0062482
06	0062557
06	0062623
06	0062661
06	0062731
06	0062806
06	0062887
06	0062938
06	0063037
06	0063300
06	0063382
06	0063391
06	0063592
06	0063596
06	0063600
06	0063602
06	0063622
06	0063648
06	0063684
06	0064105
06	0064176
06	0064387
06	0064450
06	0064487
06	0064789
06	0064796
06	0064802
06	0064958
06	0065111
06	0065221
06	0065280
06	0065308
06	0065336
06	0065541
06	0065685
06	0065701
06	0066173
06	0066313
06	0066335
06	0066440
06	0066481
06	0066867
06	0067032
06	0067260
06	0067297
07	0067636
07	0067678
07	0067955
07	0067981
07	0067993
07	0068064
07	0068854
07	0069156
07	0069205
07	0069804
07	0069851
07	0070146
07	0070157
07	0070229
07	0070360
07	0070620
07	0070761
07	0070905
07	0070938
07	0071069
07	0071188
07	0071359
07	0071388
07	0071414
07	0071504
07	0071889
07	0071992
07	0072157
07	0072419
07	0072438
07	0072476
07	0072641
07	0072657
07	0072737
07	0072856
07	0072866
07	0073216
07	0073217
07	0073292
07	0073416
07	0073453
07	0073485
07	0073674
07	0073677
07	0073903
07	0074009
07	0074032
07	0074202
07	0074372
07	0074649
07	0074816
07	0075497
07	0075618
07	0075757
07	0075969
07	0075974
07	0076337
07	0076400
07	0076520
07	0076540
07	0076545
07	0076555
07	0076579
07	0076603
07	0076880
07	0076971
07	0076984
08	0077059
08	0077060
08	0077062
08	0077063
08	0077064
08	0077065
08	0077066
08	0077068
08	0077069
08	0077071
08	0077072
08	0077073
08	0077074
08	0077075
08	0077076
08	0077077
08	0077078
08	0077079
08	0077080
08	0077081
08	0077082
08	0077083
08	0077084
08	0077085
08	0077087
08	0077088
08	0077089
08	0077090
08	0077091
08	0077092
08	0077093
08	0077094
08	0077095
08	0077096
08	0077097
08	0077098
08	0077099
08	0077100
08	0077101
08	0077102
08	0077104
08	0077105
08	0077106
08	0077107
08	0077108
08	0077109
08	0077110
08	0077111
08	0077112
08	0077113
08	0077114
08	0077115
08	0077116
08	0077117
08	0077118
08	0077119
08	0077120
08	0077121
08	0077122
08	0077123
08	0077124
08	0077126
08	0077127
08	0077128
08	0077130
08	0077131
08	0077132
08	0077133
08	0077134
08	0077135
08	0077136
08	0077138
08	0077139
08	0077140
08	0077141
08	0077142
08	0077144
08	0077145
08	0077146
08	0077148
08	0077149
08	0077151
08	0077152
08	0077153
08	0077154
08	0077155
08	0077157
08	0077159
08	0077160
08	0077161
08	0077162
08	0077163
08	0077164
08	0077166
08	0077167
08	0077168
08	0077169
08	0077170
08	0077171
08	0077172
08	0077173
08	0077174
08	0077175
08	0077176
08	0077177
08	0077179
08	0077180
08	0077181
08	0077182
08	0077184
08	0077186
08	0077188
08	0077189
08	0077190
08	0077191
08	0077192
08	0077193
08	0077194
08	0077195
08	0077196
08	0077197
08	0077198
08	0077199
08	0077200
08	0077201
08	0077202
08	0077203
08	0077205
08	0077206
08	0077208
08	0077209
08	0077210
08	0077211
08	0077212
08	0077213
08	0077214
08	0077216
08	0077218
08	0077219
08	0077220
08	0077221
08	0077222
08	0077223
08	0077225
08	0077227
08	0077228
08	0077230
08	0077231
08	0077232
08	0077234
08	0077235
08	0077236
08	0077238
08	0077239
08	0077240
08	0077241
08	0077242
08	0077244
08	0077245
08	0077247
08	0077249
08	0077250
08	0077251
08	0077252
08	0077253
08	0077254
08	0077255
08	0077256
08	0077257
08	0077258
08	0077259
08	0077260
08	0077261
08	0077262
08	0077263
08	0077264
08	0077266
08	0077268
08	0077269
08	0077270
08	0077272
08	0077273
08	0077275
08	0077276
08	0077277
08	0077278
08	0077279
08	0077280
08	0077281
08	0077282
08	0077283
08	0077284
08	0077285
08	0077286
08	0077287
08	0077288
08	0077289
08	0077290
08	0077291
08	0077292
08	0077293
08	0077295
08	0077296
08	0077297
08	0077298
08	0077299
08	0077300
08	0077301
08	0077302
08	0077303
08	0077304
08	0077305
08	0077306
08	0077307
08	0077308
08	0077309
08	0077310
08	0077311
08	0077312
08	0077314
08	0077315
08	0077316
08	0077317
08	0077318
08	0077319
08	0077320
08	0077321
08	0077322
08	0077323
08	0077324
08	0077325
08	0077326
08	0077327
08	0077328
08	0077329
08	0077330
08	0077332
08	0077333
08	0077334
08	0077335
08	0077336
08	0077337
08	0077338
08	0077339
08	0077340
08	0077341
08	0077342
08	0077343
08	0077344
08	0077345
08	0077346
08	0077347
08	0077348
08	0077349
08	0077350
08	0077351
08	0077352
08	0077353
08	0077354
08	0077355
08	0077356
08	0077357
08	0077358
08	0077359
08	0077360
08	0077361
08	0077362
08	0077363
08	0077364
08	0077366
08	0077368
08	0077370
08	0077371
08	0077372
08	0077376
08	0077377
08	0077378
08	0077380
08	0077381
08	0077383
08	0077384
08	0077385
08	0077386
08	0077387
08	0077388
08	0077389
08	0077390
08	0077391
08	0077392
08	0077394
08	0077396
08	0077397
08	0077398
08	0077399
08	0077401
08	0077402
08	0077403
08	0077404
08	0077405
08	0077406
08	0077407
08	0077409
08	0077410
08	0077411
08	0077412
08	0077413
08	0077414
08	0077415
08	0077416
08	0077417
08	0077418
08	0077419
08	0077420
08	0077421
08	0077422
08	0077423
08	0077424
08	0077425
08	0077426
08	0077427
08	0077428
08	0077429
08	0077431
08	0077432
08	0077433
08	0077435
08	0077436
08	0077437
08	0077438
08	0077439
08	0077440
08	0077441
08	0077442
08	0077443
08	0077444
08	0077445
08	0077446
08	0077447
08	0077448
08	0077449
08	0077450
08	0077451
08	0077452
08	0077453
08	0077454
08	0077455
08	0077456
08	0077457
08	0077458
08	0077459
08	0077460
08	0077461
08	0077462
08	0077463
08	0077464
08	0077465
08	0077466
08	0077467
08	0077468
08	0077469
08	0077470
08	0077471
08	0077472
08	0077473
08	0077474
08	0077475
08	0077476
08	0077477
08	0077479
08	0077480
08	0077481
08	0077482
08	0077484
08	0077485
08	0077486
08	0077487
08	0077488
08	0077489
08	0077490
08	0077491
08	0077493
08	0077496
08	0077498
08	0077499
08	0077500
08	0077501
08	0077502
08	0077503
08	0077504
08	0077505
08	0077506
08	0077507
08	0077508
08	0077510
08	0077511
08	0077512
08	0077514
08	0077515
08	0077516
08	0077517
08	0077518
08	0077519
08	0077520
08	0077521
08	0077523
08	0077524
08	0077525
08	0077526
08	0077527
08	0077528
08	0077529
08	0077530
08	0077531
08	0077532
08	0077533
08	0077535
08	0077536
08	0077537
08	0077538
08	0077539
08	0077540
08	0077541
08	0077542
08	0077543
08	0077545
08	0077546
08	0077547
08	0077548
08	0077549
08	0077550
08	0077551
08	0077552
08	0077553
08	0077554
08	0077556
08	0077557
08	0077558
08	0077559
08	0077561
08	0077562
08	0077563
08	0077564
08	0077565
08	0077566
08	0077567
08	0077568
08	0077569
08	0077570
08	0077571
08	0077572
08	0077573
08	0077574
08	0077575
08	0077576
08	0077577
08	0077578
08	0077579
08	0077580
08	0077581
08	0077582
08	0077584
08	0077585
08	0077586
08	0077587
08	0077588
08	0077589
08	0077590
08	0077591
08	0077593
08	0077594
08	0077596
08	0077597
08	0077598
08	0077599
08	0077600
08	0077601
08	0077602
08	0077603
08	0077605
08	0077607
08	0077608
08	0077609
08	0077610
08	0077611
08	0077614
08	0077615
08	0077616
08	0077617
08	0077618
08	0077619
08	0077621
08	0077622
08	0077623
08	0077624
08	0077625
08	0077626
08	0077627
08	0077628
08	0077629
08	0077630
08	0077631
08	0077632
08	0077633
08	0077634
08	0077635
08	0077636
08	0077637
08	0077638
08	0077639
08	0077640
08	0077641
08	0077642
08	0077643
08	0077645
08	0077646
08	0077647
08	0077648
08	0077649
08	0077650
08	0077651
08	0077652
08	0077653
08	0077654
08	0077655
08	0077656
08	0077657
08	0077659
08	0077660
08	0077661
08	0077662
08	0077663
08	0077664
08	0077665
08	0077666
08	0077667
08	0077668
08	0077669
08	0077670
08	0077671
08	0077672
08	0077673
08	0077675
08	0077676
08	0077677
08	0077678
08	0077679
08	0077680
08	0077681
08	0077682
08	0077683
08	0077684
08	0077686
08	0077687
08	0077688
08	0077689
08	0077690
08	0077691
08	0077692
08	0077693
08	0077694
08	0077695
08	0077696
08	0077698
08	0077699
08	0077701
08	0077702
08	0077703
08	0077704
08	0077705
08	0077706
08	0077707
08	0077708
08	0077709
08	0077710
08	0077711
08	0077712
08	0077713
08	0077714
08	0077715
08	0077716
08	0077718
08	0077719
08	0077720
08	0077721
08	0077722
08	0077723
08	0077724
08	0077725
08	0077726
08	0077727
08	0077728
08	0077729
08	0077731
08	0077732
08	0077733
08	0077734
08	0077735
08	0077736
08	0077737
08	0077738
08	0077739
08	0077740
08	0077741
08	0077742
08	0077743
08	0077744
08	0077745
08	0077746
08	0077747
08	0077749
08	0077750
08	0077751
08	0077752
08	0077753
08	0077754
08	0077755
08	0077756
08	0077757
08	0077759
08	0077761
08	0077762
08	0077763
08	0077764
08	0077765
08	0077766
08	0077767
08	0077768
08	0077769
08	0077771
08	0077772
08	0077773
08	0077774
08	0077775
08	0077776
08	0077778
08	0077779
08	0077782
08	0077783
08	0077784
08	0077786
08	0077787
08	0077788
08	0077789
08	0077790
08	0077791
08	0077792
08	0077793
08	0077795
08	0077797
08	0077798
08	0077799
08	0077801
08	0077802
08	0077803
08	0077804
08	0077806
08	0077807
08	0077810
08	0077811
08	0077813
08	0077814
08	0077815
08	0077819
08	0077820
08	0077821
08	0077822
08	0077823
08	0077824
08	0077825
08	0077826
08	0077827
08	0077830
08	0077832
08	0077833
08	0077834
08	0077835
08	0077836
08	0077837
08	0077838
08	0077840
08	0077841
08	0077842
08	0077843
08	0077844
08	0077845
08	0077846
08	0077847
08	0077848
08	0077849
08	0077850
08	0077851
08	0077853
08	0077854
08	0077855
08	0077857
08	0077858
08	0077859
08	0077860
08	0077861
08	0077862
08	0077863
08	0077864
08	0077866
08	0077868
08	0077869
08	0077872
08	0077873
08	0077874
08	0077875
08	0077877
08	0077878
08	0077881
08	0077882
08	0077883
08	0077884
08	0077885
08	0077886
08	0077887
08	0077888
08	0077889
08	0077890
08	0077891
08	0077892
08	0077893
08	0077894
08	0077895
08	0077897
08	0077898
08	0077899
08	0077900
08	0077901
08	0077903
08	0077904
08	0077905
08	0077906
08	0077907
08	0077908
08	0077909
08	0077910
08	0077911
08	0077912
08	0077914
08	0077915
08	0077916
08	0077917
08	0077918
08	0077919
08	0077920
08	0077922
08	0077923
08	0077924
08	0077925
08	0077926
08	0077927
08	0077928
08	0077929
08	0077931
08	0077932
08	0077933
08	0077934
08	0077935
08	0077937
08	0077938
08	0077939
08	0077940
08	0077941
08	0077942
08	0077944
08	0077946
08	0077947
08	0077948
08	0077949
08	0077950
08	0077951
08	0077952
08	0077953
08	0077954
08	0077955
08	0077956
08	0077957
08	0077958
08	0077959
08	0077960
08	0077962
08	0077963
08	0077964
08	0077965
08	0077966
08	0077967
08	0077968
08	0077969
08	0077970
08	0077971
08	0077972
08	0077973
08	0077974
08	0077975
08	0077976
08	0077977
08	0077978
08	0077979
08	0077980
08	0077981
08	0077982
08	0077983
08	0077984
08	0077985
08	0077986
08	0077987
08	0077988
08	0077989
08	0077990
08	0077991
08	0077992
08	0077993
08	0077994
08	0077995
08	0077997
08	0077998
08	0078000
08	0078001
08	0078002
08	0078003
08	0078004
08	0078005
08	0078006
08	0078007
08	0078008
08	0078010
08	0078011
08	0078012
08	0078013
08	0078021
08	0078022
08	0078023
08	0078024
08	0078025
08	0078026
08	0078027
08	0078028
08	0078029
08	0078030
08	0078031
08	0078032
08	0078033
08	0078034
08	0078035
08	0078036
08	0078037
08	0078038
08	0078039
08	0078040
08	0078041
08	0078042
08	0078043
08	0078044
08	0078045
08	0078046
08	0078047
08	0078050
08	0078052
08	0078054
08	0078055
08	0078057
08	0078058
08	0078059
08	0078060
08	0078061
08	0078062
08	0078063
08	0078064
08	0078066
08	0078067
08	0078069
08	0078070
08	0078072
08	0078073
08	0078074
08	0078075
08	0078076
08	0078077
08	0078078
08	0078079
08	0078080
08	0078081
08	0078082
08	0078083
08	0078084
08	0078085
08	0078086
08	0078087
08	0078088
08	0078089
08	0078091
08	0078092
08	0078093
08	0078094
08	0078095
08	0078096
08	0078097
08	0078098
08	0078099
08	0078100
08	0078101
08	0078102
08	0078103
08	0078104
08	0078105
08	0078106
08	0078107
08	0078108
08	0078109
08	0078111
08	0078113
08	0078114
08	0078115
08	0078116
08	0078117
08	0078118
08	0078119
08	0078120
08	0078121
08	0078122
08	0078123
08	0078124
08	0078125
08	0078126
08	0078128
08	0078130
08	0078131
08	0078132
08	0078133
08	0078134
08	0078135
08	0078136
08	0078138
08	0078141
08	0078142
08	0078143
08	0078144
08	0078145
08	0078147
08	0078148
08	0078149
08	0078150
08	0078151
08	0078152
08	0078153
08	0078154
08	0078156
08	0078157
08	0078159
08	0078160
08	0078161
08	0078162
08	0078166
08	0078167
08	0078168
08	0078169
08	0078170
08	0078171
08	0078172
08	0078173
08	0078174
08	0078175
08	0078179
08	0078180
08	0078181
08	0078182
08	0078184
08	0078186
08	0078187
08	0078188
08	0078189
08	0078190
08	0078191
08	0078193
08	0078194
08	0078195
08	0078196
08	0078197
08	0078198
08	0078199
08	0078200
08	0078202
08	0078203
08	0078204
08	0078205
08	0078206
08	0078207
08	0078208
08	0078209
08	0078210
08	0078211
08	0078214
08	0078216
08	0078217
08	0078218
08	0078219
08	0078220
08	0078223
08	0078224
08	0078225
08	0078226
08	0078227
08	0078228
08	0078229
08	0078230
08	0078231
08	0078232
08	0078233
08	0078234
08	0078235
08	0078236
08	0078237
08	0078238
08	0078239
08	0078240
08	0078241
08	0078242
08	0078243
08	0078244
08	0078245
08	0078246
08	0078247
08	0078248
08	0078249
08	0078250
08	0078251
08	0078252
08	0078253
08	0078254
08	0078255
08	0078256
08	0078257
08	0078258
08	0078259
08	0078260
08	0078261
08	0078262
08	0078263
08	0078264
08	0078265
08	0078266
08	0078267
08	0078268
08	0078269
08	0078270
08	0078271
08	0078272
08	0078274
08	0078275
08	0078276
08	0078277
08	0078278
08	0078279
08	0078280
08	0078281
08	0078282
08	0078283
08	0078284
08	0078285
08	0078286
08	0078287
08	0078288
08	0078289
08	0078290
08	0078291
08	0078292
08	0078293
08	0078294
08	0078295
08	0078297
08	0078298
08	0078299
08	0078300
08	0078301
08	0078302
08	0078303
08	0078304
08	0078305
08	0078306
08	0078307
08	0078308
08	0078309
08	0078310
08	0078311
08	0078312
08	0078313
08	0078314
08	0078315
08	0078316
08	0078317
08	0078319
08	0078320
08	0078321
08	0078322
08	0078323
08	0078324
08	0078325
08	0078326
08	0078327
08	0078328
08	0078329
08	0078330
08	0078331
08	0078332
08	0078333
08	0078335
08	0078336
08	0078337
08	0078338
08	0078339
08	0078340
08	0078341
08	0078342
08	0078343
08	0078344
08	0078345
08	0078346
08	0078347
08	0078348
08	0078349
08	0078350
08	0078351
08	0078352
08	0078353
08	0078354
08	0078355
08	0078356
08	0078357
08	0078358
08	0078359
08	0078360
08	0078361
08	0078363
08	0078364
08	0078365
08	0078366
08	0078367
08	0078368
08	0078369
08	0078370
08	0078371
08	0078372
08	0078373
08	0078374
08	0078375
08	0078376
08	0078377
08	0078379
08	0078380
08	0078381
08	0078382
08	0078383
08	0078384
08	0078385
08	0078386
08	0078387
08	0078388
08	0078389
08	0078390
08	0078391
08	0078392
08	0078393
08	0078395
08	0078396
08	0078397
08	0078398
08	0078399
08	0078400
08	0078401
08	0078402
08	0078403
08	0078404
08	0078405
08	0078406
08	0078407
08	0078408
08	0078409
08	0078410
08	0078411
08	0078412
08	0078414
08	0078415
08	0078417
08	0078418
08	0078419
08	0078420
08	0078421
08	0078422
08	0078423
08	0078425
08	0078426
08	0078427
08	0078430
08	0078431
08	0078432
08	0078434
08	0078437
08	0078439
08	0078442
08	0078444
08	0078446
08	0078447
08	0078448
08	0078449
08	0078451
08	0078452
08	0078453
08	0078459
08	0078462
08	0078464
08	0078472
08	0078474
08	0078476
08	0078477
08	0078478
08	0078482
08	0078484
08	0078485
08	0078487
08	0078488
08	0078489
08	0078490
08	0078493
08	0078494
08	0078495
08	0078499
08	0078501
08	0078503
08	0078505
08	0078506
08	0078507
08	0078509
08	0078510
08	0078512
08	0078513
08	0078514
08	0078515
08	0078516
08	0078519
08	0078520
08	0078522
08	0078526
08	0078527
08	0078528
08	0078529
08	0078530
08	0078531
08	0078532
08	0078533
08	0078535
08	0078536
08	0078537
08	0078538
08	0078539
08	0078540
08	0078541
08	0078542
08	0078544
08	0078545
08	0078546
08	0078547
08	0078548
08	0078549
08	0078550
08	0078551
08	0078552
08	0078553
08	0078554
08	0078555
08	0078556
08	0078557
08	0078558
08	0078559
08	0078561
08	0078562
08	0078565
08	0078567
08	0078568
08	0078570
08	0078571
08	0078573
08	0078574
08	0078576
08	0078580
08	0078583
08	0078584
08	0078588
08	0078589
08	0078590
08	0078591
08	0078592
08	0078593
08	0078595
08	0078596
08	0078597
08	0078600
08	0078601
08	0078602
08	0078603
08	0078604
08	0078607
08	0078608
08	0078609
08	0078610
08	0078611
08	0078612
08	0078613
08	0078614
08	0078615
08	0078616
08	0078617
08	0078618
08	0078619
08	0078620
08	0078621
08	0078624
08	0078631
08	0078635
08	0078640
08	0078653
08	0078655
08	0078656
08	0078657
08	0078659
08	0078660
08	0078662
08	0078668
08	0078671
08	0078674
08	0078676
08	0078680
08	0078681
08	0078682
08	0078683
08	0078684
08	0078686
08	0078687
08	0078688
08	0078689
08	0078690
08	0078691
08	0078692
08	0078693
08	0078694
08	0078696
08	0078697
08	0078698
08	0078699
08	0078701
08	0078702
08	0078703
08	0078704
08	0078706
08	0078710
08	0078711
08	0078712
08	0078713
08	0078714
08	0078715
08	0078716
08	0078717
08	0078718
08	0078719
08	0078720
08	0078721
08	0078723
08	0078724
08	0078725
08	0078726
08	0078727
08	0078728
08	0078730
08	0078731
08	0078732
08	0078733
08	0078734
08	0078735
08	0078736
08	0078737
08	0078739
08	0078740
08	0078741
08	0078742
08	0078744
08	0078745
08	0078746
08	0078747
08	0078748
08	0078749
08	0078750
08	0078751
08	0078752
08	0078753
08	0078754
08	0078756
08	0078757
08	0078758
08	0078759
08	0078760
08	0078761
08	0078762
08	0078763
08	0078764
08	0078767
08	0078768
08	0078769
08	0078770
08	0078771
08	0078772
08	0078773
08	0078774
08	0078775
08	0078776
08	0078777
08	0078778
08	0078779
08	0078780
08	0078781
08	0078782
08	0078783
08	0078784
08	0078785
08	0078786
08	0078787
08	0078788
08	0078789
08	0078790
08	0078791
08	0078792
08	0078793
08	0078794
08	0078795
08	0078796
08	0078797
08	0078798
08	0078799
08	0078800
08	0078801
08	0078802
08	0078803
08	0078804
08	0078806
08	0078807
08	0078808
08	0078809
08	0078811
08	0078812
08	0078813
08	0078814
08	0078816
08	0078817
08	0078818
08	0078819
08	0078820
08	0078821
08	0078822
08	0078823
08	0078824
08	0078825
08	0078828
08	0078829
08	0078831
08	0078833
08	0078836
08	0078837
08	0078840
08	0078841
08	0078842
08	0078843
08	0078844
08	0078845
08	0078846
08	0078847
08	0078848
08	0078849
08	0078850
08	0078851
08	0078852
08	0078853
08	0078854
08	0078856
08	0078857
08	0078858
08	0078859
08	0078860
08	0078861
08	0078862
08	0078863
08	0078864
08	0078865
08	0078866
08	0078868
08	0078869
08	0078870
08	0078871
08	0078872
08	0078873
08	0078874
08	0078876
08	0078877
08	0078878
08	0078879
08	0078880
08	0078881
08	0078882
08	0078883
08	0078884
08	0078885
08	0078886
08	0078888
08	0078889
08	0078891
08	0078892
08	0078893
08	0078894
08	0078895
08	0078896
08	0078897
08	0078899
08	0078900
08	0078901
08	0078902
08	0078904
08	0078905
08	0078907
08	0078908
08	0078909
08	0078910
08	0078911
08	0078912
08	0078913
08	0078914
08	0078917
08	0078918
08	0078919
08	0078920
08	0078922
08	0078923
08	0078924
08	0078926
08	0078927
08	0078928
08	0078929
08	0078930
08	0078931
08	0078932
08	0078933
08	0078934
08	0078935
08	0078936
08	0078937
08	0078938
08	0078939
08	0078940
08	0078941
08	0078942
08	0078943
08	0078944
08	0078945
08	0078946
08	0078947
08	0078948
08	0078949
08	0078950
08	0078951
08	0078952
08	0078953
08	0078954
08	0078955
08	0078956
08	0078957
08	0078958
08	0078959
08	0078960
08	0078961
08	0078962
08	0078963
08	0078964
08	0078965
08	0078966
08	0078967
08	0078968
08	0078969
08	0078970
08	0078971
08	0078973
08	0078974
08	0078975
08	0078976
08	0078980
08	0078982
08	0078984
08	0078985
08	0078986
08	0078987
08	0078988
08	0078989
08	0078990
08	0078991
08	0078992
08	0078993
08	0078994
08	0078995
08	0078996
08	0079000
08	0079001
08	0079002
08	0079003
08	0079004
08	0079006
08	0079007
08	0079009
08	0079010
08	0079014
08	0079018
08	0079019
08	0079020
08	0079022
08	0079023
08	0079024
08	0079025
08	0079026
08	0079027
08	0079028
08	0079029
08	0079030
08	0079031
08	0079032
08	0079033
08	0079034
08	0079035
08	0079036
08	0079037
08	0079038
08	0079039
08	0079040
08	0079041
08	0079042
08	0079043
08	0079045
08	0079046
08	0079047
08	0079048
08	0079050
08	0079051
08	0079052
08	0079053
08	0079054
08	0079055
08	0079056
08	0079057
08	0079058
08	0079059
08	0079060
08	0079061
08	0079062
08	0079063
08	0079064
08	0079065
08	0079066
08	0079067
08	0079068
08	0079069
08	0079070
08	0079071
08	0079072
08	0079073
08	0079074
08	0079075
08	0079076
08	0079077
08	0079078
08	0079079
08	0079080
08	0079081
08	0079082
08	0079083
08	0079084
08	0079085
08	0079086
08	0079087
08	0079088
08	0079090
08	0079091
08	0079093
08	0079094
08	0079095
08	0079096
08	0079097
08	0079098
08	0079099
08	0079100
08	0079101
08	0079102
08	0079103
08	0079104
08	0079105
08	0079106
08	0079107
08	0079108
08	0079109
08	0079110
08	0079111
08	0079116
08	0079117
08	0079118
08	0079119
08	0079120
08	0079121
08	0079122
08	0079123
08	0079124
08	0079125
08	0079126
08	0079129
08	0079130
08	0079131
08	0079132
08	0079133
08	0079136
08	0079138
08	0079139
08	0079140
08	0079141
08	0079143
08	0079144
08	0079145
08	0079146
08	0079147
08	0079150
08	0079151
08	0079153
08	0079154
08	0079155
08	0079156
08	0079157
08	0079158
08	0079159
08	0079161
08	0079162
08	0079163
08	0079165
08	0079166
08	0079167
08	0079168
08	0079169
08	0079170
08	0079171
08	0079172
08	0079173
08	0079174
08	0079175
08	0079176
08	0079177
08	0079178
08	0079179
08	0079180
08	0079181
08	0079182
08	0079184
08	0079185
08	0079186
08	0079187
08	0079188
08	0079189
08	0079190
08	0079191
08	0079192
08	0079193
08	0079194
08	0079195
08	0079196
08	0079197
08	0079198
08	0079199
08	0079200
08	0079201
08	0079202
08	0079203
08	0079204
08	0079205
08	0079206
08	0079208
08	0079209
08	0079210
08	0079211
08	0079212
08	0079213
08	0079214
08	0079215
08	0079216
08	0079217
08	0079218
08	0079219
08	0079220
08	0079221
08	0079222
08	0079223
08	0079224
08	0079225
08	0079226
08	0079227
08	0079228
08	0079229
08	0079230
08	0079231
08	0079232
08	0079233
08	0079234
08	0079236
08	0079237
08	0079238
08	0079239
08	0079240
08	0079241
08	0079243
08	0079244
08	0079245
08	0079246
08	0079247
08	0079248
08	0079249
08	0079250
08	0079251
08	0079252
08	0079253
08	0079254
08	0079255
08	0079256
08	0079257
08	0079258
08	0079259
08	0079260
08	0079261
08	0079262
08	0079263
08	0079264
08	0079265
08	0079266
08	0079267
08	0079268
08	0079269
08	0079270
08	0079271
08	0079272
08	0079273
08	0079274
08	0079275
08	0079276
08	0079277
08	0079278
08	0079279
08	0079280
08	0079281
08	0079282
08	0079283
08	0079285
08	0079286
08	0079287
08	0079289
08	0079290
08	0079291
08	0079292
08	0079293
08	0079294
08	0079295
08	0079296
08	0079299
08	0079300
08	0079302
08	0079303
08	0079304
08	0079305
08	0079306
08	0079307
08	0079308
08	0079309
08	0079310
08	0079311
08	0079312
08	0079313
08	0079314
08	0079315
08	0079316
08	0079317
08	0079318
08	0079319
08	0079320
08	0079321
08	0079322
08	0079323
08	0079324
08	0079325
08	0079326
08	0079327
08	0079328
08	0079329
08	0079330
08	0079331
08	0079332
08	0079333
08	0079334
08	0079335
08	0079336
08	0079337
08	0079338
08	0079339
08	0079341
08	0079342
08	0079343
08	0079344
08	0079345
08	0079346
08	0079347
08	0079348
08	0079349
08	0079350
08	0079351
08	0079352
08	0079353
08	0079354
08	0079355
08	0079356
08	0079357
08	0079358
08	0079359
08	0079360
08	0079361
08	0079362
08	0079364
08	0079365
08	0079366
08	0079367
08	0079368
08	0079369
08	0079370
08	0079371
08	0079372
08	0079373
08	0079374
08	0079375
08	0079376
08	0079377
08	0079378
08	0079379
08	0079380
08	0079381
08	0079382
08	0079383
08	0079385
08	0079386
08	0079387
08	0079388
08	0079389
08	0079390
08	0079391
08	0079392
08	0079393
08	0079394
08	0079395
08	0079396
08	0079397
08	0079398
08	0079399
08	0079400
08	0079401
08	0079403
08	0079404
08	0079405
08	0079406
08	0079407
08	0079408
08	0079409
08	0079411
08	0079412
08	0079413
08	0079415
08	0079416
08	0079417
08	0079418
08	0079419
08	0079420
08	0079421
08	0079422
08	0079423
08	0079424
08	0079425
08	0079426
08	0079427
08	0079428
08	0079429
08	0079430
08	0079431
08	0079432
08	0079433
08	0079434
08	0079435
08	0079436
08	0079437
08	0079438
08	0079439
08	0079440
08	0079441
08	0079442
08	0079443
08	0079444
08	0079445
08	0079447
08	0079449
08	0079450
08	0079451
08	0079452
08	0079453
08	0079454
08	0079455
08	0079456
08	0079457
08	0079458
08	0079461
08	0079462
08	0079463
08	0079464
08	0079466
08	0079467
08	0079468
08	0079469
08	0079470
08	0079471
08	0079472
08	0079473
08	0079475
08	0079476
08	0079477
08	0079478
08	0079482
08	0079483
08	0079485
08	0079486
08	0079487
08	0079488
08	0079489
08	0079490
08	0079492
08	0079493
08	0079494
08	0079495
08	0079496
08	0079498
08	0079499
08	0079500
08	0079501
08	0079502
08	0079504
08	0079505
08	0079507
08	0079509
08	0079510
08	0079512
08	0079513
08	0079514
08	0079515
08	0079516
08	0079517
08	0079518
08	0079519
08	0079520
08	0079522
08	0079523
08	0079524
08	0079525
08	0079526
08	0079527
08	0079528
08	0079530
08	0079532
08	0079533
08	0079534
08	0079535
08	0079536
08	0079537
08	0079538
08	0079539
08	0079540
08	0079541
08	0079542
08	0079543
08	0079544
08	0079545
08	0079546
08	0079547
08	0079548
08	0079549
08	0079550
08	0079551
08	0079552
08	0079553
08	0079554
08	0079556
08	0079557
08	0079558
08	0079559
08	0079560
08	0079561
08	0079562
08	0079563
08	0079564
08	0079565
08	0079566
08	0079567
08	0079568
08	0079569
08	0079570
08	0079571
08	0079572
08	0079574
08	0079575
08	0079576
08	0079577
08	0079578
08	0079579
08	0079580
08	0079581
08	0079582
08	0079583
08	0079585
08	0079586
08	0079587
08	0079588
08	0079589
08	0079590
08	0079591
08	0079592
08	0079593
08	0079594
08	0079597
08	0079599
08	0079600
08	0079602
08	0079603
08	0079604
08	0079605
08	0079606
08	0079607
08	0079608
08	0079609
08	0079611
08	0079612
08	0079613
08	0079614
08	0079615
08	0079616
08	0079617
08	0079618
08	0079619
08	0079620
08	0079622
08	0079623
08	0079624
08	0079625
08	0079626
08	0079627
08	0079628
08	0079629
08	0079630
08	0079631
08	0079632
08	0079633
08	0079634
08	0079635
08	0079636
08	0079637
08	0079638
08	0079639
08	0079640
08	0079641
08	0079642
08	0079643
08	0079644
08	0079645
08	0079646
08	0079647
08	0079648
08	0079649
08	0079650
08	0079651
08	0079652
08	0079653
08	0079654
08	0079655
08	0079656
08	0079657
08	0079658
08	0079659
08	0079661
08	0079662
08	0079663
08	0079665
08	0079666
08	0079667
08	0079668
08	0079669
08	0079670
08	0079671
08	0079672
08	0079673
08	0079674
08	0079675
08	0079676
08	0079677
08	0079678
08	0079679
08	0079680
08	0079681
08	0079682
08	0079683
08	0079684
08	0079686
08	0079687
08	0079689
08	0079690
08	0079691
08	0079692
08	0079693
08	0079694
08	0079695
08	0079696
08	0079697
08	0079698
08	0079699
08	0079700
08	0079701
08	0079702
08	0079703
08	0079705
08	0079707
08	0079708
08	0079709
08	0079710
08	0079711
08	0079712
08	0079713
08	0079714
08	0079715
08	0079717
08	0079718
08	0079719
08	0079721
08	0079722
08	0079723
08	0079724
08	0079725
08	0079726
08	0079727
08	0079728
08	0079729
08	0079730
08	0079731
08	0079732
08	0079733
08	0079734
08	0079735
08	0079737
08	0079739
08	0079740
08	0079741
08	0079742
08	0079743
08	0079745
08	0079746
08	0079748
08	0079749
08	0079750
08	0079752
08	0079753
08	0079754
08	0079755
08	0079756
08	0079757
08	0079758
08	0079761
08	0079762
08	0079763
08	0079764
08	0079765
08	0079766
08	0079767
08	0079768
08	0079769
08	0079770
08	0079771
08	0079772
08	0079773
08	0079774
08	0079775
08	0079777
08	0079779
08	0079780
08	0079781
08	0079782
08	0079783
08	0079785
08	0079787
08	0079790
08	0079793
08	0079794
08	0079795
08	0079796
08	0079797
08	0079798
08	0079799
08	0079800
08	0079801
08	0079802
08	0079803
08	0079804
08	0079805
08	0079806
08	0079807
08	0079808
08	0079809
08	0079810
08	0079811
08	0079812
08	0079813
08	0079814
08	0079815
08	0079817
08	0079818
08	0079819
08	0079820
08	0079821
08	0079822
08	0079823
08	0079824
08	0079825
08	0079826
08	0079827
08	0079828
08	0079829
08	0079830
08	0079831
08	0079832
08	0079833
08	0079834
08	0079835
08	0079836
08	0079837
08	0079838
08	0079839
08	0079840
08	0079842
08	0079843
08	0079845
08	0079847
08	0079848
08	0079849
08	0079850
08	0079851
08	0079853
08	0079854
08	0079855
08	0079857
08	0079858
08	0079859
08	0079861
08	0079862
08	0079864
08	0079865
08	0079866
08	0079867
08	0079868
08	0079869
08	0079870
08	0079871
08	0079872
08	0079873
08	0079875
08	0079876
08	0079877
08	0079878
08	0079879
08	0079880
08	0079881
08	0079883
08	0079884
08	0079885
08	0079886
08	0079887
08	0079888
08	0079889
08	0079890
08	0079891
08	0079892
08	0079893
08	0079894
08	0079895
08	0079896
08	0079897
08	0079898
08	0079899
08	0079900
08	0079901
08	0079902
08	0079903
08	0079904
08	0079905
08	0079906
08	0079908
08	0079909
08	0079910
08	0079911
08	0079912
08	0079913
08	0079914
08	0079915
08	0079916
08	0079917
08	0079918
08	0079919
08	0079920
08	0079921
08	0079922
08	0079923
08	0079924
08	0079925
08	0079926
08	0079927
08	0079928
08	0079929
08	0079930
08	0079931
08	0079932
08	0079933
08	0079934
08	0079935
08	0079936
08	0079937
08	0079938
08	0079939
08	0079940
08	0079941
08	0079942
08	0079943
08	0079944
08	0079945
08	0079946
08	0079947
08	0079948
08	0079949
08	0079950
08	0079951
08	0079952
08	0079953
08	0079954
08	0079955
08	0079956
08	0079957
08	0079958
08	0079959
08	0079960
08	0079961
08	0079962
08	0079963
08	0079964
08	0079965
08	0079966
08	0079967
08	0079968
08	0079969
08	0079970
08	0079971
08	0079975
08	0079976
08	0079977
08	0079981
08	0079982
08	0079985
08	0079986
08	0079989
08	0079990
08	0079991
08	0079992
08	0079993
08	0079996
08	0080002
08	0080004
08	0080005
08	0080007
08	0080008
08	0080009
08	0080010
08	0080013
08	0080019
08	0080020
08	0080021
08	0080022
08	0080024
08	0080025
08	0080027
08	0080028
08	0080029
08	0080030
08	0080031
08	0080032
08	0080033
08	0080034
08	0080035
08	0080036
08	0080037
08	0080038
08	0080039
08	0080040
08	0080041
08	0080042
08	0080043
08	0080044
08	0080045
08	0080046
08	0080047
08	0080048
08	0080049
08	0080050
08	0080051
08	0080052
08	0080053
08	0080054
08	0080055
08	0080056
08	0080057
08	0080058
08	0080059
08	0080060
08	0080061
08	0080062
08	0080063
08	0080064
08	0080065
08	0080066
08	0080068
08	0080069
08	0080070
08	0080071
08	0080072
08	0080073
08	0080074
08	0080075
08	0080076
08	0080077
08	0080078
08	0080079
08	0080080
08	0080081
08	0080082
08	0080083
08	0080084
08	0080085
08	0080086
08	0080087
08	0080088
08	0080090
08	0080091
08	0080092
08	0080093
08	0080094
08	0080097
08	0080098
08	0080099
08	0080100
08	0080101
08	0080102
08	0080103
08	0080104
08	0080105
08	0080106
08	0080108
08	0080109
08	0080110
08	0080111
08	0080112
08	0080113
08	0080114
08	0080116
08	0080119
08	0080121
08	0080127
08	0080128
08	0080129
08	0080130
08	0080133
08	0080134
08	0080135
08	0080136
08	0080138
08	0080140
08	0080141
08	0080143
08	0080144
08	0080145
08	0080146
08	0080147
08	0080148
08	0080149
08	0080150
08	0080151
08	0080152
08	0080153
08	0080154
08	0080156
08	0080157
08	0080158
08	0080160
08	0080161
08	0080162
08	0080163
08	0080164
08	0080165
08	0080166
08	0080167
08	0080169
08	0080170
08	0080171
08	0080172
08	0080173
08	0080174
08	0080175
08	0080176
08	0080177
08	0080178
08	0080179
08	0080180
08	0080183
08	0080184
08	0080185
08	0080186
08	0080188
08	0080189
08	0080190
08	0080191
08	0080193
08	0080195
08	0080196
08	0080197
08	0080198
08	0080199
08	0080200
08	0080203
08	0080204
08	0080205
08	0080206
08	0080207
08	0080208
08	0080210
08	0080211
08	0080212
08	0080213
08	0080214
08	0080215
08	0080217
08	0080218
08	0080219
08	0080220
08	0080221
08	0080222
08	0080223
08	0080225
08	0080226
08	0080227
08	0080228
08	0080229
08	0080230
08	0080231
08	0080232
08	0080233
08	0080234
08	0080235
08	0080236
08	0080237
08	0080238
08	0080239
08	0080240
08	0080241
08	0080242
08	0080243
08	0080244
08	0080245
08	0080246
08	0080247
08	0080248
08	0080249
08	0080250
08	0080251
08	0080252
08	0080253
08	0080254
08	0080256
08	0080257
08	0080258
08	0080259
08	0080260
08	0080261
08	0080262
08	0080265
08	0080266
08	0080267
08	0080268
08	0080269
08	0080270
08	0080271
08	0080273
08	0080274
08	0080276
08	0080277
08	0080278
08	0080279
08	0080281
08	0080282
08	0080283
08	0080284
08	0080285
08	0080286
08	0080287
08	0080288
08	0080289
08	0080290
08	0080291
08	0080292
08	0080293
08	0080294
08	0080295
08	0080296
08	0080297
08	0080298
08	0080299
08	0080300
08	0080301
08	0080302
08	0080303
08	0080304
08	0080305
08	0080306
08	0080307
08	0080308
08	0080309
08	0080310
08	0080312
08	0080313
08	0080314
08	0080315
08	0080316
08	0080317
08	0080318
08	0080319
08	0080320
08	0080321
08	0080323
08	0080325
08	0080326
08	0080327
08	0080329
08	0080332
08	0080333
08	0080334
08	0080337
08	0080340
08	0080343
08	0080344
08	0080347
08	0080348
08	0080349
08	0080350
08	0080351
08	0080352
08	0080354
08	0080355
08	0080357
08	0080358
08	0080359
08	0080360
08	0080361
08	0080363
08	0080366
08	0080367
08	0080368
08	0080369
08	0080370
08	0080371
08	0080372
08	0080373
08	0080374
08	0080375
08	0080376
08	0080377
08	0080379
08	0080380
08	0080381
08	0080382
08	0080383
08	0080384
08	0080385
08	0080387
08	0080388
08	0080389
08	0080390
08	0080391
08	0080392
08	0080393
08	0080394
08	0080395
08	0080396
08	0080397
08	0080398
08	0080399
08	0080400
08	0080401
08	0080402
08	0080403
08	0080404
08	0080406
08	0080407
08	0080408
08	0080411
08	0080413
08	0080414
08	0080416
08	0080417
08	0080418
08	0080419
08	0080420
08	0080422
08	0080423
08	0080424
08	0080425
08	0080426
08	0080428
08	0080429
08	0080430
08	0080431
08	0080432
08	0080433
08	0080434
08	0080435
08	0080437
08	0080438
08	0080439
08	0080440
08	0080441
08	0080442
08	0080443
08	0080444
08	0080445
08	0080446
08	0080447
08	0080448
08	0080450
08	0080451
08	0080452
08	0080453
08	0080454
08	0080455
08	0080456
08	0080457
08	0080458
08	0080459
08	0080460
08	0080461
08	0080462
08	0080463
08	0080464
08	0080466
08	0080469
08	0080471
08	0080472
08	0080473
08	0080474
08	0080475
08	0080477
08	0080478
08	0080479
08	0080480
08	0080482
08	0080484
08	0080485
08	0080486
08	0080487
08	0080488
08	0080489
08	0080490
08	0080491
08	0080492
08	0080494
08	0080497
08	0080498
08	0080500
08	0080501
08	0080502
08	0080503
08	0080504
08	0080505
08	0080506
08	0080507
08	0080508
08	0080509
08	0080510
08	0080511
08	0080513
08	0080514
08	0080515
08	0080516
08	0080517
08	0080518
08	0080519
08	0080520
08	0080521
08	0080522
08	0080526
08	0080527
08	0080528
08	0080529
08	0080530
08	0080531
08	0080532
08	0080534
08	0080535
08	0080536
08	0080537
08	0080538
08	0080539
08	0080541
08	0080542
08	0080543
08	0080545
08	0080546
08	0080547
08	0080548
08	0080549
08	0080550
08	0080551
08	0080552
08	0080554
08	0080555
08	0080557
08	0080559
08	0080560
08	0080561
08	0080563
08	0080565
08	0080566
08	0080570
08	0080571
08	0080572
08	0080574
08	0080575
08	0080576
08	0080577
08	0080578
08	0080579
08	0080580
08	0080581
08	0080583
08	0080584
08	0080585
08	0080586
08	0080588
08	0080589
08	0080593
08	0080594
08	0080595
08	0080596
08	0080597
08	0080598
08	0080599
08	0080600
08	0080601
08	0080602
08	0080603
08	0080604
08	0080605
08	0080606
08	0080607
08	0080609
08	0080610
08	0080611
08	0080612
08	0080613
08	0080614
08	0080615
08	0080616
08	0080617
08	0080618
08	0080619
08	0080620
08	0080621
08	0080623
08	0080624
08	0080625
08	0080626
08	0080627
08	0080628
08	0080629
08	0080630
08	0080632
08	0080634
08	0080635
08	0080636
08	0080637
08	0080640
08	0080641
08	0080642
08	0080643
08	0080645
08	0080648
08	0080649
08	0080650
08	0080651
08	0080652
08	0080653
08	0080655
08	0080657
08	0080662
08	0080663
08	0080664
08	0080665
08	0080666
08	0080667
08	0080668
08	0080669
08	0080670
08	0080671
08	0080672
08	0080673
08	0080674
08	0080675
08	0080676
08	0080677
08	0080678
08	0080679
08	0080680
08	0080681
08	0080682
08	0080683
08	0080684
08	0080685
08	0080686
08	0080687
08	0080688
08	0080689
08	0080690
08	0080691
08	0080692
08	0080694
08	0080695
08	0080697
08	0080698
08	0080700
08	0080701
08	0080702
08	0080703
08	0080704
08	0080705
08	0080706
08	0080707
08	0080708
08	0080709
08	0080710
08	0080711
08	0080712
08	0080713
08	0080714
08	0080715
08	0080717
08	0080719
08	0080725
08	0080728
08	0080729
08	0080730
08	0080733
08	0080735
08	0080736
08	0080737
08	0080738
08	0080739
08	0080740
08	0080741
08	0080742
08	0080743
08	0080744
08	0080746
08	0080747
08	0080748
08	0080749
08	0080750
08	0080751
08	0080752
08	0080753
08	0080755
08	0080756
08	0080757
08	0080758
08	0080759
08	0080760
08	0080761
08	0080762
08	0080763
08	0080764
08	0080765
08	0080766
08	0080767
08	0080768
08	0080769
08	0080770
08	0080771
08	0080773
08	0080778
08	0080780
08	0080785
08	0080787
08	0080789
08	0080791
08	0080792
08	0080793
08	0080794
08	0080795
08	0080796
08	0080798
08	0080799
08	0080800
08	0080801
08	0080802
08	0080803
08	0080804
08	0080805
08	0080807
08	0080808
08	0080809
08	0080810
08	0080811
08	0080812
08	0080813
08	0080814
08	0080815
08	0080816
08	0080818
08	0080819
08	0080820
08	0080821
08	0080822
08	0080823
08	0080824
08	0080825
08	0080826
08	0080827
08	0080828
08	0080829
08	0080830
08	0080831
08	0080832
08	0080835
08	0080837
08	0080838
08	0080839
08	0080841
08	0080842
08	0080843
08	0080844
08	0080846
08	0080848
08	0080849
08	0080850
08	0080851
08	0080852
08	0080853
08	0080854
08	0080855
08	0080856
08	0080857
08	0080858
08	0080859
08	0080860
08	0080861
08	0080863
08	0080864
08	0080865
08	0080866
08	0080867
08	0080868
08	0080869
08	0080870
08	0080871
08	0080872
08	0080873
08	0080874
08	0080875
08	0080876
08	0080877
08	0080878
08	0080879
08	0080880
08	0080881
08	0080882
08	0080883
08	0080884
08	0080885
08	0080886
08	0080887
08	0080888
08	0080889
08	0080890
08	0080891
08	0080893
08	0080894
08	0080895
08	0080896
08	0080897
08	0080898
08	0080900
08	0080901
08	0080902
08	0080903
08	0080904
08	0080905
08	0080906
08	0080907
08	0080908
08	0080909
08	0080910
08	0080911
08	0080912
08	0080913
08	0080916
08	0080917
08	0080918
08	0080919
08	0080921
08	0080922
08	0080925
08	0080927
08	0080929
08	0080930
08	0080932
08	0080935
08	0080936
08	0080938
08	0080939
08	0080943
08	0080946
08	0080948
08	0080960
08	0080962
08	0080965
08	0080966
08	0080969
08	0080972
08	0080976
08	0080977
08	0080978
08	0080979
08	0080980
08	0080981
08	0080982
08	0080983
08	0080984
08	0080985
08	0080986
08	0080987
08	0080988
08	0080989
08	0080990
08	0080991
08	0080992
08	0080993
08	0080994
08	0080995
08	0080996
08	0080997
08	0080998
08	0080999
08	0081000
08	0081001
08	0081002
08	0081003
08	0081004
08	0081005
08	0081006
08	0081007
08	0081008
08	0081009
08	0081010
08	0081011
08	0081012
08	0081013
08	0081014
08	0081016
08	0081017
08	0081018
08	0081019
08	0081020
08	0081021
08	0081022
08	0081023
08	0081025
08	0081026
08	0081028
08	0081029
08	0081030
08	0081031
08	0081032
08	0081033
08	0081034
08	0081035
08	0081036
08	0081037
08	0081038
08	0081039
08	0081040
08	0081041
08	0081042
08	0081044
08	0081045
08	0081046
08	0081047
08	0081048
08	0081049
08	0081050
08	0081051
08	0081052
08	0081054
08	0081056
08	0081057
08	0081059
08	0081060
08	0081061
08	0081062
08	0081063
08	0081065
08	0081066
08	0081067
08	0081068
08	0081069
08	0081070
08	0081071
08	0081072
08	0081073
08	0081074
08	0081075
08	0081076
08	0081077
08	0081078
08	0081080
08	0081081
08	0081082
08	0081083
08	0081084
08	0081085
08	0081087
08	0081088
08	0081089
08	0081090
08	0081091
08	0081092
08	0081093
08	0081094
08	0081095
08	0081096
08	0081097
08	0081099
08	0081100
08	0081101
08	0081103
08	0081104
08	0081105
08	0081106
08	0081107
08	0081109
08	0081110
08	0081111
08	0081112
08	0081113
08	0081114
08	0081115
08	0081116
08	0081117
08	0081118
08	0081119
08	0081120
08	0081121
08	0081122
08	0081123
08	0081124
08	0081125
08	0081126
08	0081127
08	0081128
08	0081130
08	0081131
08	0081132
08	0081133
08	0081134
08	0081135
08	0081136
08	0081137
08	0081138
08	0081139
08	0081140
08	0081141
08	0081142
08	0081143
08	0081144
08	0081145
08	0081146
08	0081147
08	0081148
08	0081149
08	0081151
08	0081152
08	0081153
08	0081154
08	0081155
08	0081156
08	0081157
08	0081158
08	0081159
08	0081160
08	0081161
08	0081162
08	0081163
08	0081165
08	0081166
08	0081167
08	0081168
08	0081169
08	0081171
08	0081172
08	0081173
08	0081174
08	0081175
08	0081177
08	0081178
08	0081179
08	0081180
08	0081181
08	0081182
08	0081183
08	0081184
08	0081185
08	0081187
08	0081188
08	0081189
08	0081190
08	0081191
08	0081192
08	0081194
08	0081195
08	0081196
08	0081197
08	0081198
08	0081199
08	0081200
08	0081201
08	0081202
08	0081203
08	0081204
08	0081205
08	0081206
08	0081207
08	0081208
08	0081209
08	0081210
08	0081211
08	0081212
08	0081213
08	0081214
08	0081215
08	0081216
08	0081217
08	0081218
08	0081219
08	0081220
08	0081221
08	0081222
08	0081223
08	0081224
08	0081225
08	0081226
08	0081227
08	0081228
08	0081229
08	0081230
08	0081231
08	0081233
08	0081234
08	0081235
08	0081236
08	0081237
08	0081238
08	0081239
08	0081240
08	0081241
08	0081242
08	0081243
08	0081244
08	0081246
08	0081247
08	0081248
08	0081250
08	0081251
08	0081252
08	0081253
08	0081254
08	0081255
08	0081256
08	0081257
08	0081258
08	0081259
08	0081260
08	0081261
08	0081262
08	0081263
08	0081264
08	0081265
08	0081266
08	0081267
08	0081269
08	0081270
08	0081271
08	0081272
08	0081273
08	0081274
08	0081275
08	0081276
08	0081277
08	0081278
08	0081279
08	0081280
08	0081281
08	0081283
08	0081284
08	0081286
08	0081288
08	0081290
08	0081291
08	0081292
08	0081293
08	0081297
08	0081298
08	0081299
08	0081300
08	0081301
08	0081304
08	0081305
08	0081306
08	0081310
08	0081311
08	0081312
08	0081313
08	0081314
08	0081315
08	0081316
08	0081317
08	0081318
08	0081319
08	0081320
08	0081321
08	0081322
08	0081323
08	0081324
08	0081325
08	0081326
08	0081327
08	0081328
08	0081329
08	0081330
08	0081331
08	0081332
08	0081333
08	0081334
08	0081335
08	0081336
08	0081337
08	0081338
08	0081339
08	0081341
08	0081342
08	0081343
08	0081344
08	0081345
08	0081347
08	0081349
08	0081351
08	0081352
08	0081353
08	0081354
08	0081355
08	0081357
08	0081358
08	0081359
08	0081360
08	0081361
08	0081362
08	0081363
08	0081364
08	0081365
08	0081366
08	0081367
08	0081368
08	0081369
08	0081370
08	0081371
08	0081372
08	0081373
08	0081375
08	0081376
08	0081377
08	0081378
08	0081379
08	0081380
08	0081382
08	0081383
08	0081384
08	0081385
08	0081386
08	0081387
08	0081390
08	0081392
08	0081393
08	0081394
08	0081396
08	0081397
08	0081398
08	0081399
08	0081400
08	0081401
08	0081402
08	0081404
08	0081405
08	0081406
08	0081407
08	0081408
08	0081409
08	0081410
08	0081411
08	0081412
08	0081413
08	0081414
08	0081415
08	0081416
08	0081417
08	0081418
08	0081419
08	0081420
08	0081421
08	0081422
08	0081423
08	0081424
08	0081425
08	0081426
08	0081427
08	0081428
08	0081429
08	0081431
08	0081432
08	0081433
08	0081435
08	0081436
08	0081437
08	0081438
08	0081440
08	0081443
08	0081448
08	0081449
08	0081450
08	0081454
08	0081457
08	0081460
08	0081465
08	0081466
08	0081470
08	0081471
08	0081472
08	0081476
08	0081479
08	0081480
08	0081481
08	0081492
08	0081499
08	0081500
08	0081504
08	0081510
08	0081511
08	0081512
08	0081513
08	0081514
08	0081515
08	0081516
08	0081517
08	0081518
08	0081520
08	0081521
08	0081522
08	0081523
08	0081524
08	0081525
08	0081526
08	0081527
08	0081528
08	0081529
08	0081530
08	0081531
08	0081532
08	0081534
08	0081535
08	0081536
08	0081537
08	0081538
08	0081539
08	0081540
08	0081542
08	0081543
08	0081544
08	0081545
08	0081546
08	0081548
08	0081549
08	0081550
08	0081551
08	0081552
08	0081553
08	0081554
08	0081555
08	0081556
08	0081557
08	0081558
08	0081559
08	0081560
08	0081561
08	0081562
08	0081563
08	0081564
08	0081565
08	0081566
08	0081567
08	0081568
08	0081569
08	0081570
08	0081571
08	0081572
08	0081574
08	0081575
08	0081576
08	0081577
08	0081578
08	0081579
08	0081580
08	0081583
08	0081586
08	0081587
08	0081590
08	0081595
08	0081596
08	0081598
08	0081607
08	0081609
08	0081611
08	0081613
08	0081615
08	0081616
08	0081620
08	0081621
08	0081622
08	0081623
08	0081624
08	0081625
08	0081626
08	0081627
08	0081628
08	0081629
08	0081630
08	0081631
08	0081632
08	0081633
08	0081634
08	0081635
08	0081636
08	0081637
08	0081638
08	0081639
08	0081640
08	0081641
08	0081642
08	0081643
08	0081644
08	0081646
08	0081648
08	0081649
08	0081650
08	0081651
08	0081652
08	0081654
08	0081655
08	0081656
08	0081657
08	0081658
08	0081659
08	0081660
08	0081661
08	0081662
08	0081663
08	0081664
08	0081665
08	0081666
08	0081667
08	0081668
08	0081669
08	0081671
08	0081672
08	0081673
08	0081674
08	0081675
08	0081676
08	0081677
08	0081678
08	0081679
08	0081680
08	0081681
08	0081682
08	0081683
08	0081684
08	0081685
08	0081686
08	0081687
08	0081688
08	0081689
08	0081690
08	0081691
08	0081692
08	0081693
08	0081694
08	0081695
08	0081696
08	0081697
08	0081698
08	0081699
08	0081700
08	0081701
08	0081704
08	0081705
08	0081706
08	0081707
08	0081708
08	0081709
08	0081710
08	0081711
08	0081713
08	0081714
08	0081715
08	0081716
08	0081717
08	0081718
08	0081719
08	0081720
08	0081722
08	0081723
08	0081724
08	0081725
08	0081726
08	0081727
08	0081730
08	0081731
08	0081732
08	0081733
08	0081734
08	0081735
08	0081736
08	0081737
08	0081738
08	0081739
08	0081740
08	0081741
08	0081742
08	0081743
08	0081744
08	0081746
08	0081747
08	0081748
08	0081749
08	0081750
08	0081751
08	0081752
08	0081753
08	0081754
08	0081755
08	0081756
08	0081757
08	0081758
08	0081759
08	0081760
08	0081761
08	0081762
08	0081763
08	0081764
08	0081765
08	0081766
08	0081767
08	0081768
08	0081769
08	0081770
08	0081771
08	0081773
08	0081774
08	0081775
08	0081776
08	0081778
08	0081779
08	0081781
08	0081782
08	0081783
08	0081784
08	0081785
08	0081786
08	0081787
08	0081788
08	0081789
08	0081790
08	0081791
08	0081794
08	0081795
08	0081796
08	0081797
08	0081798
08	0081799
08	0081800
08	0081801
08	0081802
08	0081804
08	0081805
08	0081806
08	0081807
08	0081808
08	0081809
08	0081811
08	0081812
08	0081813
08	0081815
08	0081816
08	0081818
08	0081819
08	0081820
08	0081821
08	0081822
08	0081823
08	0081824
08	0081826
08	0081827
08	0081828
08	0081829
08	0081830
08	0081831
08	0081833
08	0081835
08	0081836
08	0081837
08	0081838
08	0081839
08	0081840
08	0081842
08	0081843
08	0081844
08	0081845
08	0081846
08	0081847
08	0081848
08	0081849
08	0081850
08	0081851
08	0081853
08	0081856
08	0081857
08	0081861
08	0081862
08	0081863
08	0081864
08	0081865
08	0081866
08	0081867
08	0081868
08	0081869
08	0081870
08	0081871
08	0081872
08	0081873
08	0081874
08	0081875
08	0081876
08	0081877
08	0081878
08	0081879
08	0081880
08	0081881
08	0081882
08	0081883
08	0081884
08	0081885
08	0081888
08	0081889
08	0081890
08	0081891
08	0081892
08	0081893
08	0081894
08	0081895
08	0081896
08	0081897
08	0081898
08	0081899
08	0081900
08	0081901
08	0081902
08	0081903
08	0081904
08	0081905
08	0081906
08	0081908
08	0081909
08	0081910
08	0081911
08	0081912
08	0081913
08	0081914
08	0081916
08	0081917
08	0081918
08	0081919
08	0081920
08	0081921
08	0081922
08	0081923
08	0081924
08	0081925
08	0081926
08	0081928
08	0081931
08	0081935
08	0081936
08	0081938
08	0081940
08	0081941
08	0081942
08	0081943
08	0081946
08	0081947
08	0081948
08	0081949
08	0081950
08	0081951
08	0081952
08	0081954
08	0081955
08	0081956
08	0081957
08	0081958
08	0081959
08	0081960
08	0081961
08	0081962
08	0081963
08	0081964
08	0081965
08	0081966
08	0081967
08	0081968
08	0081969
08	0081970
08	0081971
08	0081972
08	0081973
08	0081974
08	0081975
08	0081976
08	0081977
08	0081978
08	0081979
08	0081981
08	0081982
08	0081983
08	0081984
08	0081985
08	0081986
08	0081987
08	0081988
08	0081989
08	0081990
08	0081991
08	0081992
08	0081993
08	0081994
08	0081995
08	0081996
08	0081997
08	0081998
08	0081999
08	0082000
08	0082001
08	0082003
08	0082006
08	0082007
08	0082009
08	0082011
08	0082022
08	0082024
08	0082029
08	0082030
08	0082037
08	0082044
08	0082046
08	0082047
08	0082053
08	0082057
08	0082058
08	0082060
08	0082061
08	0082062
08	0082063
08	0082064
08	0082065
08	0082066
08	0082068
08	0082069
08	0082071
08	0082072
08	0082073
08	0082074
08	0082075
08	0082076
08	0082077
08	0082078
08	0082079
08	0082080
08	0082081
08	0082082
08	0082083
08	0082084
08	0082085
08	0082086
08	0082087
08	0082088
08	0082089
08	0082090
08	0082091
08	0082092
08	0082093
08	0082094
08	0082095
08	0082096
08	0082097
08	0082098
08	0082099
08	0082100
08	0082101
08	0082103
08	0082104
08	0082105
08	0082106
08	0082107
08	0082108
08	0082109
08	0082110
08	0082111
08	0082112
08	0082113
08	0082115
08	0082116
08	0082117
08	0082118
08	0082119
08	0082120
08	0082121
08	0082122
08	0082123
08	0082124
08	0082125
08	0082126
08	0082127
08	0082128
08	0082129
08	0082130
08	0082132
08	0082134
08	0082135
08	0082136
08	0082137
08	0082138
08	0082139
08	0082140
08	0082142
08	0082143
08	0082144
08	0082145
08	0082146
08	0082147
08	0082148
08	0082149
08	0082150
08	0082151
08	0082152
08	0082154
08	0082155
08	0082156
08	0082158
08	0082159
08	0082161
08	0082162
08	0082163
08	0082164
08	0082165
08	0082166
08	0082167
08	0082168
08	0082169
08	0082170
08	0082171
08	0082172
08	0082173
08	0082174
08	0082175
08	0082176
08	0082177
08	0082178
08	0082183
08	0082184
08	0082185
08	0082186
08	0082187
08	0082188
08	0082189
08	0082190
08	0082191
08	0082194
08	0082195
08	0082196
08	0082197
08	0082198
08	0082202
08	0082203
08	0082204
08	0082205
08	0082206
08	0082207
08	0082208
08	0082209
08	0082210
08	0082212
08	0082214
08	0082215
08	0082218
08	0082220
08	0082221
08	0082222
08	0082223
08	0082225
08	0082226
08	0082227
08	0082229
08	0082230
08	0082231
08	0082232
08	0082234
08	0082235
08	0082238
08	0082240
08	0082241
08	0082242
08	0082243
08	0082244
08	0082246
08	0082247
08	0082248
08	0082249
08	0082250
08	0082251
08	0082252
08	0082253
08	0082254
08	0082255
08	0082257
08	0082258
08	0082260
08	0082262
08	0082263
08	0082264
08	0082265
08	0082267
08	0082268
08	0082269
08	0082270
08	0082271
08	0082272
08	0082273
08	0082274
08	0082275
08	0082277
08	0082278
08	0082279
08	0082280
08	0082281
08	0082283
08	0082284
08	0082285
08	0082287
08	0082288
08	0082289
08	0082290
08	0082291
08	0082292
08	0082293
08	0082294
08	0082295
08	0082296
08	0082297
08	0082298
08	0082299
08	0082300
08	0082301
08	0082302
08	0082303
08	0082304
08	0082305
08	0082306
08	0082307
08	0082308
08	0082309
08	0082310
08	0082312
08	0082313
08	0082314
08	0082315
08	0082316
08	0082317
08	0082318
08	0082319
08	0082320
08	0082321
08	0082322
08	0082323
08	0082324
08	0082325
08	0082327
08	0082328
08	0082329
08	0082330
08	0082331
08	0082332
08	0082333
08	0082334
08	0082335
08	0082336
08	0082338
08	0082339
08	0082340
08	0082341
08	0082342
08	0082343
08	0082344
08	0082345
08	0082346
08	0082347
08	0082348
08	0082349
08	0082350
08	0082351
08	0082353
08	0082355
08	0082357
08	0082358
08	0082359
08	0082361
08	0082363
08	0082364
08	0082365
08	0082366
08	0082367
08	0082368
08	0082369
08	0082371
08	0082372
08	0082373
08	0082374
08	0082375
08	0082376
08	0082377
08	0082378
08	0082379
08	0082380
08	0082381
08	0082382
08	0082383
08	0082384
08	0082385
08	0082386
08	0082387
08	0082388
08	0082389
08	0082391
08	0082392
08	0082393
08	0082394
08	0082395
08	0082396
08	0082397
08	0082398
08	0082399
08	0082400
08	0082401
08	0082403
08	0082404
08	0082407
08	0082408
08	0082409
08	0082410
08	0082411
08	0082414
08	0082415
08	0082416
08	0082417
08	0082418
08	0082419
08	0082421
08	0082422
08	0082423
08	0082424
08	0082425
08	0082426
08	0082427
08	0082428
08	0082429
08	0082430
08	0082431
08	0082432
08	0082433
08	0082434
08	0082435
08	0082436
08	0082437
08	0082438
08	0082439
08	0082440
08	0082441
08	0082442
08	0082443
08	0082444
08	0082445
08	0082447
08	0082448
08	0082449
08	0082450
08	0082451
08	0082452
08	0082453
08	0082454
08	0082455
08	0082456
08	0082457
08	0082460
08	0082462
08	0082463
08	0082466
08	0082467
08	0082468
08	0082469
08	0082470
08	0082471
08	0082473
08	0082474
08	0082476
08	0082477
08	0082478
08	0082479
08	0082482
08	0082483
08	0082485
08	0082486
08	0082488
08	0082489
08	0082490
08	0082491
08	0082492
08	0082493
08	0082494
08	0082495
08	0082496
08	0082497
08	0082498
08	0082499
08	0082500
08	0082501
08	0082502
08	0082503
08	0082504
08	0082505
08	0082506
08	0082507
08	0082508
08	0082509
08	0082510
08	0082511
08	0082512
08	0082513
08	0082514
08	0082515
08	0082516
08	0082517
08	0082518
08	0082519
08	0082520
08	0082521
08	0082522
08	0082523
08	0082524
08	0082525
08	0082526
08	0082527
08	0082528
08	0082529
08	0082530
08	0082531
08	0082532
08	0082533
08	0082534
08	0082535
08	0082537
08	0082538
08	0082539
08	0082540
08	0082542
08	0082543
08	0082544
08	0082545
08	0082546
08	0082547
08	0082548
08	0082549
08	0082550
08	0082551
08	0082552
08	0082553
08	0082554
08	0082555
08	0082558
08	0082559
08	0082561
08	0082563
08	0082564
08	0082565
08	0082566
08	0082567
08	0082568
08	0082569
08	0082570
08	0082571
08	0082572
08	0082573
08	0082574
08	0082575
08	0082576
08	0082577
08	0082578
08	0082579
08	0082580
08	0082581
08	0082582
08	0082584
08	0082585
08	0082586
08	0082587
08	0082588
08	0082589
08	0082590
08	0082594
08	0082595
08	0082597
08	0082598
08	0082599
08	0082600
08	0082601
08	0082603
08	0082604
08	0082605
08	0082607
08	0082608
08	0082610
08	0082611
08	0082612
08	0082613
08	0082614
08	0082615
08	0082616
08	0082617
08	0082618
08	0082619
08	0082620
08	0082621
08	0082622
08	0082623
08	0082624
08	0082626
08	0082627
08	0082628
08	0082629
08	0082630
08	0082632
08	0082634
08	0082635
08	0082636
08	0082637
08	0082638
08	0082639
08	0082640
08	0082641
08	0082642
08	0082643
08	0082644
08	0082646
08	0082647
08	0082648
08	0082649
08	0082650
08	0082651
08	0082652
08	0082654
08	0082655
08	0082656
08	0082657
08	0082659
08	0082661
08	0082662
08	0082663
08	0082665
08	0082666
08	0082667
08	0082668
08	0082669
08	0082670
08	0082671
08	0082673
08	0082674
08	0082675
08	0082676
08	0082677
08	0082678
08	0082679
08	0082681
08	0082682
08	0082683
08	0082684
08	0082685
08	0082686
08	0082688
08	0082689
08	0082690
08	0082691
08	0082692
08	0082694
08	0082696
08	0082697
08	0082698
08	0082699
08	0082700
08	0082701
08	0082704
08	0082705
08	0082707
08	0082708
08	0082709
08	0082710
08	0082712
08	0082713
08	0082714
08	0082715
08	0082716
08	0082718
08	0082719
08	0082720
08	0082721
08	0082722
08	0082723
08	0082725
08	0082726
08	0082727
08	0082728
08	0082730
08	0082731
08	0082732
08	0082733
08	0082734
08	0082735
08	0082736
08	0082737
08	0082738
08	0082739
08	0082740
08	0082741
08	0082743
08	0082744
08	0082745
08	0082746
08	0082747
08	0082748
08	0082749
08	0082750
08	0082751
08	0082752
08	0082753
08	0082754
08	0082755
08	0082756
08	0082757
08	0082758
08	0082759
08	0082760
08	0082761
08	0082762
08	0082763
08	0082764
08	0082765
08	0082766
08	0082767
08	0082768
08	0082769
08	0082770
08	0082771
08	0082772
08	0082773
08	0082774
08	0082775
08	0082777
08	0082778
08	0082779
08	0082780
08	0082781
08	0082782
08	0082783
08	0082784
08	0082785
08	0082786
08	0082787
08	0082788
08	0082789
08	0082790
08	0082791
08	0082793
08	0082796
08	0082797
08	0082798
08	0082799
08	0082800
08	0082801
08	0082802
08	0082803
08	0082804
08	0082805
08	0082806
08	0082807
08	0082808
08	0082810
08	0082811
08	0082812
08	0082813
08	0082814
08	0082815
08	0082816
08	0082818
08	0082819
08	0082821
08	0082822
08	0082823
08	0082824
08	0082825
08	0082826
08	0082828
08	0082829
08	0082830
08	0082831
08	0082832
08	0082833
08	0082834
08	0082835
08	0082836
08	0082838
08	0082839
08	0082841
08	0082842
08	0082843
08	0082844
08	0082845
08	0082846
08	0082847
08	0082848
08	0082849
08	0082850
08	0082851
08	0082852
08	0082853
08	0082854
08	0082855
08	0082856
08	0082857
08	0082858
08	0082859
08	0082860
08	0082861
08	0082862
08	0082863
08	0082864
08	0082865
08	0082866
08	0082867
08	0082868
08	0082869
08	0082870
08	0082871
08	0082872
08	0082873
08	0082874
08	0082875
08	0082876
08	0082877
08	0082878
08	0082879
08	0082880
08	0082881
08	0082882
08	0082883
08	0082884
08	0082885
08	0082886
08	0082887
08	0082888
08	0082889
08	0082890
08	0082891
08	0082893
08	0082894
08	0082895
08	0082896
08	0082897
08	0082899
08	0082900
08	0082901
08	0082902
08	0082903
08	0082904
08	0082905
08	0082906
08	0082907
08	0082908
08	0082909
08	0082910
08	0082911
08	0082912
08	0082913
08	0082914
08	0082915
08	0082916
08	0082917
08	0082918
08	0082919
08	0082920
08	0082922
08	0082925
08	0082928
08	0082929
08	0082930
08	0082932
08	0082934
08	0082935
08	0082937
08	0082939
08	0082947
08	0082948
08	0082952
08	0082957
08	0082959
08	0082962
08	0082963
08	0082973
08	0082980
08	0082984
08	0082988
08	0082990
08	0082995
08	0083000
08	0083001
08	0083004
08	0083005
08	0083007
08	0083008
08	0083009
08	0083010
08	0083011
08	0083012
08	0083013
08	0083014
08	0083015
08	0083016
08	0083017
08	0083018
08	0083019
08	0083020
08	0083022
08	0083023
08	0083024
08	0083025
08	0083026
08	0083027
08	0083029
08	0083031
08	0083035
08	0083036
08	0083040
08	0083041
08	0083042
08	0083043
08	0083047
08	0083048
08	0083055
08	0083056
08	0083057
08	0083058
08	0083059
08	0083060
08	0083061
08	0083062
08	0083063
08	0083064
08	0083065
08	0083066
08	0083067
08	0083068
08	0083069
08	0083070
08	0083071
08	0083072
08	0083073
08	0083074
08	0083075
08	0083076
08	0083077
08	0083078
08	0083079
08	0083080
08	0083081
08	0083082
08	0083083
08	0083085
08	0083086
08	0083087
08	0083088
08	0083089
08	0083090
08	0083091
08	0083092
08	0083093
08	0083094
08	0083095
08	0083096
08	0083097
08	0083098
08	0083099
08	0083100
08	0083101
08	0083103
08	0083104
08	0083105
08	0083106
08	0083107
08	0083108
08	0083109
08	0083110
08	0083111
08	0083112
08	0083113
08	0083114
08	0083115
08	0083116
08	0083117
08	0083118
08	0083119
08	0083120
08	0083121
08	0083122
08	0083123
08	0083124
08	0083125
08	0083126
08	0083127
08	0083129
08	0083130
08	0083131
08	0083132
08	0083133
08	0083134
08	0083135
08	0083136
08	0083137
08	0083138
08	0083139
08	0083140
08	0083141
08	0083142
08	0083143
08	0083144
08	0083145
08	0083146
08	0083147
08	0083148
08	0083149
08	0083150
08	0083151
08	0083152
08	0083153
08	0083154
08	0083155
08	0083156
08	0083157
08	0083159
08	0083161
08	0083162
08	0083163
08	0083164
08	0083165
08	0083166
08	0083167
08	0083169
08	0083171
08	0083172
08	0083173
08	0083174
08	0083176
08	0083177
08	0083179
08	0083180
08	0083181
08	0083182
08	0083183
08	0083185
08	0083186
08	0083187
08	0083188
08	0083189
08	0083190
08	0083191
08	0083192
08	0083195
08	0083196
08	0083197
08	0083198
08	0083204
08	0083206
08	0083207
08	0083208
08	0083209
08	0083211
08	0083213
08	0083215
08	0083216
08	0083217
08	0083218
08	0083219
08	0083220
08	0083221
08	0083222
08	0083223
08	0083224
08	0083225
08	0083226
08	0083227
08	0083228
08	0083229
08	0083230
08	0083231
08	0083232
08	0083233
08	0083234
08	0083235
08	0083236
08	0083237
08	0083238
08	0083239
08	0083240
08	0083241
08	0083242
08	0083243
08	0083244
08	0083245
08	0083246
08	0083247
08	0083248
08	0083249
08	0083250
08	0083251
08	0083252
08	0083253
08	0083254
08	0083255
08	0083256
08	0083257
08	0083258
08	0083260
08	0083261
08	0083262
08	0083263
08	0083264
08	0083265
08	0083266
08	0083267
08	0083268
08	0083269
08	0083270
08	0083271
08	0083272
08	0083274
08	0083275
08	0083276
08	0083277
08	0083278
08	0083280
08	0083281
08	0083282
08	0083283
08	0083285
08	0083287
08	0083288
08	0083289
08	0083291
08	0083293
08	0083298
08	0083299
08	0083300
08	0083301
08	0083302
08	0083303
08	0083304
08	0083306
08	0083311
08	0083313
08	0083314
08	0083315
08	0083316
08	0083317
08	0083319
08	0083320
08	0083321
08	0083322
08	0083323
08	0083325
08	0083326
08	0083328
08	0083329
08	0083330
08	0083331
08	0083332
08	0083333
08	0083334
08	0083335
08	0083336
08	0083337
08	0083338
08	0083339
08	0083340
08	0083341
08	0083342
08	0083343
08	0083344
08	0083345
08	0083346
08	0083347
08	0083348
08	0083349
08	0083350
08	0083351
08	0083352
08	0083354
08	0083355
08	0083356
08	0083357
08	0083358
08	0083359
08	0083360
08	0083361
08	0083362
08	0083363
08	0083364
08	0083365
08	0083366
08	0083367
08	0083368
08	0083369
08	0083370
08	0083371
08	0083372
08	0083373
08	0083374
08	0083375
08	0083376
08	0083377
08	0083378
08	0083379
08	0083380
08	0083381
08	0083383
08	0083384
08	0083385
08	0083386
08	0083387
08	0083388
08	0083389
08	0083390
08	0083391
08	0083392
08	0083393
08	0083394
08	0083395
08	0083396
08	0083397
08	0083398
08	0083399
08	0083400
08	0083401
08	0083402
08	0083403
08	0083404
08	0083405
08	0083406
08	0083407
08	0083408
08	0083409
08	0083410
08	0083411
08	0083412
08	0083413
08	0083414
08	0083415
08	0083416
08	0083417
08	0083418
08	0083419
08	0083420
08	0083421
08	0083426
08	0083428
08	0083430
08	0083431
08	0083432
08	0083433
08	0083434
08	0083435
08	0083436
08	0083437
08	0083438
08	0083439
08	0083441
08	0083443
08	0083444
08	0083446
08	0083447
08	0083448
08	0083449
08	0083455
08	0083457
08	0083458
08	0083459
08	0083460
08	0083461
08	0083462
08	0083463
08	0083465
08	0083466
08	0083471
08	0083472
08	0083473
08	0083474
08	0083475
08	0083476
08	0083477
08	0083478
08	0083479
08	0083480
08	0083481
08	0083482
08	0083483
08	0083484
08	0083485
08	0083486
08	0083488
08	0083489
08	0083490
08	0083491
08	0083492
08	0083493
08	0083494
08	0083495
08	0083496
08	0083497
08	0083498
08	0083499
08	0083500
08	0083501
08	0083502
08	0083503
08	0083504
08	0083505
08	0083506
08	0083507
08	0083508
08	0083509
08	0083510
08	0083511
08	0083513
08	0083514
08	0083515
08	0083516
08	0083517
08	0083518
08	0083519
08	0083520
08	0083521
08	0083522
08	0083523
08	0083524
08	0083525
08	0083527
08	0083528
08	0083529
08	0083530
08	0083531
08	0083532
08	0083533
08	0083534
08	0083535
08	0083536
08	0083537
08	0083538
08	0083539
08	0083542
08	0083544
08	0083547
08	0083548
08	0083549
08	0083551
08	0083552
08	0083553
08	0083554
08	0083556
08	0083557
08	0083559
08	0083560
08	0083561
08	0083562
08	0083564
08	0083565
08	0083567
08	0083568
08	0083569
08	0083570
08	0083572
08	0083573
08	0083574
08	0083576
08	0083577
08	0083578
08	0083579
08	0083580
08	0083581
08	0083582
08	0083583
08	0083585
08	0083586
08	0083587
08	0083588
08	0083589
08	0083590
08	0083592
08	0083593
08	0083594
08	0083595
08	0083596
08	0083598
08	0083599
08	0083601
08	0083602
08	0083603
08	0083604
08	0083605
08	0083606
08	0083607
08	0083608
08	0083609
08	0083610
08	0083611
08	0083612
08	0083613
08	0083614
08	0083615
08	0083616
08	0083617
08	0083618
08	0083619
08	0083620
08	0083621
08	0083622
08	0083623
08	0083624
08	0083625
08	0083626
08	0083627
08	0083630
08	0083631
08	0083632
08	0083633
08	0083634
08	0083635
08	0083636
08	0083637
08	0083639
08	0083640
08	0083641
08	0083642
08	0083643
08	0083644
08	0083645
08	0083647
08	0083648
08	0083649
08	0083650
08	0083651
08	0083652
08	0083653
08	0083654
08	0083655
08	0083656
08	0083657
08	0083658
08	0083659
08	0083660
08	0083661
08	0083662
08	0083663
08	0083664
08	0083665
08	0083666
08	0083667
08	0083668
08	0083669
08	0083670
08	0083671
08	0083672
08	0083673
08	0083674
08	0083675
08	0083676
08	0083677
08	0083678
08	0083679
08	0083680
08	0083681
08	0083682
08	0083683
08	0083684
08	0083685
08	0083686
08	0083687
08	0083688
08	0083689
08	0083690
08	0083691
08	0083692
08	0083693
08	0083694
08	0083696
08	0083697
08	0083698
08	0083699
08	0083700
08	0083701
08	0083702
08	0083703
08	0083704
08	0083705
08	0083706
08	0083707
08	0083708
08	0083709
08	0083711
08	0083712
08	0083713
08	0083714
08	0083715
08	0083716
08	0083717
08	0083718
08	0083719
08	0083720
08	0083721
08	0083722
08	0083723
08	0083724
08	0083725
08	0083726
08	0083727
08	0083728
08	0083729
08	0083730
08	0083731
08	0083732
08	0083733
08	0083734
08	0083735
08	0083736
08	0083737
08	0083738
08	0083739
08	0083740
08	0083741
08	0083742
08	0083743
08	0083745
08	0083746
08	0083747
08	0083748
08	0083749
08	0083750
08	0083751
08	0083753
08	0083754
08	0083756
08	0083757
08	0083758
08	0083759
08	0083760
08	0083762
08	0083764
08	0083765
08	0083766
08	0083767
08	0083769
08	0083770
08	0083771
08	0083772
08	0083773
08	0083774
08	0083775
08	0083776
08	0083777
08	0083778
08	0083779
08	0083780
08	0083781
08	0083782
08	0083783
08	0083784
08	0083785
08	0083786
08	0083787
08	0083788
08	0083789
08	0083790
08	0083791
08	0083792
08	0083793
08	0083794
08	0083795
08	0083796
08	0083797
08	0083798
08	0083799
08	0083800
08	0083801
08	0083802
08	0083803
08	0083804
08	0083805
08	0083806
08	0083807
08	0083808
08	0083809
08	0083810
08	0083811
08	0083812
08	0083813
08	0083814
08	0083815
08	0083816
08	0083817
08	0083818
08	0083819
08	0083820
08	0083821
08	0083822
08	0083823
08	0083824
08	0083825
08	0083826
08	0083827
08	0083828
08	0083829
08	0083830
08	0083831
08	0083833
08	0083834
08	0083835
08	0083836
08	0083837
08	0083838
08	0083839
08	0083840
08	0083841
08	0083842
08	0083843
08	0083844
08	0083845
08	0083846
08	0083847
08	0083848
08	0083849
08	0083850
08	0083851
08	0083852
08	0083853
08	0083854
08	0083855
08	0083856
08	0083857
08	0083858
08	0083859
08	0083860
08	0083861
08	0083862
08	0083863
08	0083864
08	0083866
08	0083869
08	0083871
08	0083872
08	0083873
08	0083874
08	0083875
08	0083876
08	0083877
08	0083878
08	0083879
08	0083880
08	0083881
08	0083883
08	0083885
08	0083886
08	0083888
08	0083889
08	0083890
08	0083891
08	0083892
08	0083894
08	0083895
08	0083896
08	0083898
08	0083900
08	0083901
08	0083902
08	0083903
08	0083904
08	0083905
08	0083906
08	0083907
08	0083908
08	0083909
08	0083910
08	0083911
08	0083912
08	0083913
08	0083914
08	0083915
08	0083916
08	0083917
08	0083918
08	0083919
08	0083920
08	0083921
08	0083922
08	0083923
08	0083924
08	0083925
08	0083926
08	0083927
08	0083928
08	0083929
08	0083930
08	0083931
08	0083932
08	0083933
08	0083934
08	0083935
08	0083937
08	0083938
08	0083939
08	0083940
08	0083941
08	0083942
08	0083943
08	0083944
08	0083945
08	0083947
08	0083948
08	0083949
08	0083950
08	0083951
08	0083952
08	0083953
08	0083954
08	0083955
08	0083956
08	0083957
08	0083958
08	0083959
08	0083960
08	0083961
08	0083962
08	0083964
08	0083965
08	0083966
08	0083967
08	0083968
08	0083969
08	0083970
08	0083971
08	0083972
08	0083973
08	0083974
08	0083975
08	0083976
08	0083977
08	0083978
08	0083979
08	0083980
08	0083981
08	0083982
08	0083983
08	0083984
08	0083986
08	0083987
08	0083988
08	0083989
08	0083990
08	0083991
08	0083992
08	0083993
08	0083994
08	0083995
08	0083996
08	0083997
08	0083998
08	0083999
08	0084001
08	0084002
08	0084004
08	0084005
08	0084006
08	0084007
08	0084008
08	0084009
08	0084010
08	0084011
08	0084012
08	0084013
08	0084014
08	0084015
08	0084016
08	0084017
08	0084018
08	0084019
08	0084020
08	0084021
08	0084022
08	0084023
08	0084024
08	0084025
08	0084026
08	0084027
08	0084028
08	0084029
08	0084030
08	0084031
08	0084032
08	0084034
08	0084035
08	0084036
08	0084037
08	0084038
08	0084039
08	0084040
08	0084041
08	0084042
08	0084043
08	0084044
08	0084045
08	0084046
08	0084047
08	0084048
08	0084049
08	0084050
08	0084051
08	0084052
08	0084053
08	0084054
08	0084055
08	0084056
08	0084057
08	0084058
08	0084059
08	0084060
08	0084061
08	0084063
08	0084064
08	0084065
08	0084066
08	0084067
08	0084068
08	0084069
08	0084070
08	0084071
08	0084072
08	0084073
08	0084075
08	0084076
08	0084077
08	0084078
08	0084079
08	0084080
08	0084081
08	0084082
08	0084083
08	0084084
08	0084085
08	0084086
08	0084087
08	0084088
08	0084089
08	0084091
08	0084092
08	0084093
08	0084095
08	0084096
08	0084097
08	0084098
08	0084099
08	0084100
08	0084101
08	0084102
08	0084103
08	0084104
08	0084106
08	0084109
08	0084111
08	0084112
08	0084118
08	0084122
08	0084135
08	0084138
08	0084142
08	0084143
08	0084146
08	0084147
08	0084150
08	0084156
08	0084163
08	0084167
08	0084168
08	0084170
08	0084172
08	0084173
08	0084174
08	0084175
08	0084176
08	0084177
08	0084178
08	0084180
08	0084181
08	0084182
08	0084183
08	0084184
08	0084185
08	0084187
08	0084190
08	0084193
08	0084194
08	0084195
08	0084196
08	0084198
08	0084199
08	0084200
08	0084201
08	0084202
08	0084203
08	0084205
08	0084206
08	0084207
08	0084208
08	0084209
08	0084210
08	0084211
08	0084212
08	0084214
08	0084215
08	0084217
08	0084218
08	0084221
08	0084222
08	0084224
08	0084236
08	0084242
08	0084250
08	0084251
08	0084252
08	0084253
08	0084254
08	0084255
08	0084256
08	0084257
08	0084258
08	0084259
08	0084262
08	0084264
08	0084266
08	0084267
08	0084270
08	0084274
08	0084275
08	0084276
08	0084277
08	0084278
08	0084279
08	0084280
08	0084281
08	0084282
08	0084283
08	0084284
08	0084285
08	0084286
08	0084287
08	0084288
08	0084289
08	0084290
08	0084291
08	0084292
08	0084293
08	0084294
08	0084295
08	0084296
08	0084297
08	0084299
08	0084300
08	0084301
08	0084303
08	0084304
08	0084305
08	0084306
08	0084307
08	0084308
08	0084309
08	0084311
08	0084312
08	0084315
08	0084316
08	0084317
08	0084318
08	0084320
08	0084321
08	0084322
08	0084325
08	0084328
08	0084329
08	0084330
08	0084331
08	0084332
08	0084333
08	0084334
08	0084335
08	0084336
08	0084337
08	0084338
08	0084339
08	0084340
08	0084342
08	0084343
08	0084346
08	0084347
08	0084348
08	0084349
08	0084350
08	0084351
08	0084353
08	0084354
08	0084355
08	0084356
08	0084357
08	0084360
08	0084361
08	0084362
08	0084365
08	0084366
08	0084367
08	0084368
08	0084370
08	0084371
08	0084372
08	0084373
08	0084374
08	0084375
08	0084376
08	0084377
08	0084378
08	0084380
08	0084381
08	0084382
08	0084383
08	0084384
08	0084386
08	0084387
08	0084388
08	0084390
08	0084391
08	0084392
08	0084393
08	0084394
08	0084395
08	0084396
08	0084399
08	0084400
08	0084401
08	0084402
08	0084403
08	0084405
08	0084406
08	0084407
08	0084408
08	0084409
08	0084410
08	0084411
08	0084412
08	0084413
08	0084414
08	0084415
08	0084416
08	0084417
08	0084418
08	0084419
08	0084420
08	0084421
08	0084423
08	0084425
08	0084426
08	0084427
08	0084428
08	0084429
08	0084430
08	0084431
08	0084432
08	0084433
08	0084434
08	0084435
08	0084436
08	0084437
08	0084438
08	0084439
08	0084440
08	0084441
08	0084442
08	0084443
08	0084444
08	0084445
08	0084446
08	0084447
08	0084448
08	0084450
08	0084451
08	0084452
08	0084453
08	0084454
08	0084455
08	0084456
08	0084457
08	0084458
08	0084459
08	0084460
08	0084461
08	0084462
08	0084464
08	0084465
08	0084468
08	0084469
08	0084470
08	0084471
08	0084472
08	0084474
08	0084475
08	0084476
08	0084477
08	0084478
08	0084479
08	0084480
08	0084481
08	0084482
08	0084483
08	0084484
08	0084485
08	0084487
08	0084488
08	0084490
08	0084492
08	0084493
08	0084494
08	0084496
08	0084497
08	0084499
08	0084501
08	0084502
08	0084503
08	0084504
08	0084505
08	0084506
08	0084507
08	0084509
08	0084510
08	0084511
08	0084512
08	0084514
08	0084515
08	0084516
08	0084517
08	0084518
08	0084519
08	0084521
08	0084522
08	0084523
08	0084524
08	0084525
08	0084526
08	0084527
08	0084528
08	0084529
08	0084530
08	0084531
08	0084532
08	0084533
08	0084535
08	0084536
08	0084537
08	0084538
08	0084539
08	0084540
08	0084542
08	0084545
08	0084547
08	0084552
08	0084556
08	0084563
08	0084565
08	0084569
08	0084571
08	0084573
08	0084574
08	0084576
08	0084580
08	0084581
08	0084582
08	0084583
08	0084584
08	0084585
08	0084586
08	0084588
08	0084589
08	0084590
08	0084591
08	0084592
08	0084593
08	0084594
08	0084595
08	0084598
08	0084599
08	0084600
08	0084601
08	0084603
08	0084604
08	0084605
08	0084606
08	0084607
08	0084608
08	0084609
08	0084611
08	0084612
08	0084614
08	0084615
08	0084616
08	0084617
08	0084618
08	0084619
08	0084620
08	0084621
08	0084622
08	0084624
08	0084625
08	0084626
08	0084627
08	0084628
08	0084629
08	0084630
08	0084631
08	0084632
08	0084633
08	0084634
08	0084635
08	0084636
08	0084637
08	0084638
08	0084639
08	0084640
08	0084641
08	0084642
08	0084643
08	0084644
08	0084645
08	0084647
08	0084648
08	0084649
08	0084650
08	0084652
08	0084653
08	0084654
08	0084655
08	0084656
08	0084657
08	0084658
08	0084659
08	0084661
08	0084662
08	0084664
08	0084665
08	0084666
08	0084668
08	0084669
08	0084670
08	0084671
08	0084673
08	0084674
08	0084675
08	0084676
08	0084677
08	0084680
08	0084681
08	0084682
08	0084684
08	0084685
08	0084688
08	0084689
08	0084691
08	0084693
08	0084694
08	0084695
08	0084697
08	0084698
08	0084699
08	0084700
08	0084701
08	0084702
08	0084703
08	0084704
08	0084705
08	0084706
08	0084707
08	0084708
08	0084709
08	0084710
08	0084711
08	0084712
08	0084713
08	0084714
08	0084715
08	0084716
08	0084717
08	0084718
08	0084719
08	0084720
08	0084721
08	0084722
08	0084723
08	0084724
08	0084726
08	0084727
08	0084728
08	0084729
08	0084730
08	0084731
08	0084732
08	0084733
08	0084735
08	0084736
08	0084737
08	0084738
08	0084739
08	0084740
08	0084741
08	0084742
08	0084743
08	0084744
08	0084745
08	0084746
08	0084747
08	0084748
08	0084749
08	0084751
08	0084752
08	0084753
08	0084754
08	0084756
08	0084757
08	0084758
08	0084761
08	0084764
08	0084766
08	0084770
08	0084772
08	0084773
08	0084774
08	0084777
08	0084778
08	0084779
08	0084784
08	0084785
08	0084786
08	0084787
08	0084788
08	0084789
08	0084790
08	0084791
08	0084792
08	0084793
08	0084794
08	0084795
08	0084796
08	0084797
08	0084798
08	0084799
08	0084800
08	0084801
08	0084802
08	0084803
08	0084804
08	0084805
08	0084806
08	0084808
08	0084809
08	0084810
08	0084811
08	0084813
08	0084814
08	0084815
08	0084816
08	0084817
08	0084818
08	0084819
08	0084820
08	0084821
08	0084822
08	0084823
08	0084824
08	0084825
08	0084826
08	0084827
08	0084828
08	0084829
08	0084830
08	0084831
08	0084832
08	0084833
08	0084834
08	0084835
08	0084836
08	0084838
08	0084839
08	0084840
08	0084841
08	0084842
08	0084843
08	0084844
08	0084846
08	0084847
08	0084848
08	0084849
08	0084850
08	0084851
08	0084852
08	0084853
08	0084855
08	0084856
08	0084857
08	0084858
08	0084860
08	0084861
08	0084862
08	0084863
08	0084864
08	0084865
08	0084866
08	0084867
08	0084868
08	0084869
08	0084870
08	0084871
08	0084872
08	0084873
08	0084874
08	0084875
08	0084876
08	0084877
08	0084878
08	0084879
08	0084880
08	0084881
08	0084885
08	0084886
08	0084887
08	0084888
08	0084889
08	0084890
08	0084892
08	0084893
08	0084894
08	0084897
08	0084898
08	0084899
08	0084900
08	0084901
08	0084903
08	0084905
08	0084906
08	0084907
08	0084908
08	0084909
08	0084912
08	0084913
08	0084914
08	0084915
08	0084916
08	0084917
08	0084918
08	0084919
08	0084920
08	0084921
08	0084922
08	0084923
08	0084924
08	0084925
08	0084926
08	0084927
08	0084928
08	0084929
08	0084930
08	0084931
08	0084932
08	0084933
08	0084934
08	0084935
08	0084936
08	0084937
08	0084938
08	0084940
08	0084942
08	0084943
08	0084944
08	0084945
08	0084946
08	0084947
08	0084948
08	0084949
08	0084950
08	0084951
08	0084952
08	0084953
08	0084954
08	0084955
08	0084956
08	0084957
08	0084958
08	0084960
08	0084961
08	0084962
08	0084963
08	0084964
08	0084965
08	0084966
08	0084967
08	0084968
08	0084969
08	0084970
08	0084971
08	0084973
08	0084974
08	0084975
08	0084976
08	0084977
08	0084978
08	0084979
08	0084980
08	0084981
08	0084982
08	0084983
08	0084984
08	0084985
08	0084986
08	0084987
08	0084988
08	0084989
08	0084990
08	0084991
08	0084992
08	0084993
08	0084994
08	0084995
08	0084996
08	0084997
08	0084998
08	0084999
08	0085000
08	0085001
08	0085002
08	0085003
08	0085004
08	0085005
08	0085006
08	0085007
08	0085008
08	0085009
08	0085011
08	0085012
08	0085013
08	0085014
08	0085015
08	0085016
08	0085017
08	0085018
08	0085019
08	0085020
08	0085022
08	0085023
08	0085024
08	0085025
08	0085026
08	0085027
08	0085028
08	0085029
08	0085030
08	0085031
08	0085032
08	0085033
08	0085034
08	0085035
08	0085037
08	0085038
08	0085039
08	0085040
08	0085041
08	0085042
08	0085043
08	0085044
08	0085045
08	0085046
08	0085048
08	0085049
08	0085050
08	0085051
08	0085052
08	0085053
08	0085054
08	0085055
08	0085056
08	0085057
08	0085058
08	0085059
08	0085060
08	0085061
08	0085062
08	0085063
08	0085064
08	0085065
08	0085066
08	0085068
08	0085069
08	0085070
08	0085073
08	0085074
08	0085075
08	0085076
08	0085077
08	0085078
08	0085079
08	0085080
08	0085081
08	0085082
08	0085083
08	0085084
08	0085085
08	0085086
08	0085087
08	0085088
08	0085089
08	0085090
08	0085091
08	0085092
08	0085093
08	0085094
08	0085095
08	0085096
08	0085097
08	0085098
08	0085100
08	0085101
08	0085102
08	0085104
08	0085106
08	0085107
08	0085108
08	0085109
08	0085110
08	0085111
08	0085113
08	0085116
08	0085117
08	0085118
08	0085119
08	0085121
08	0085123
08	0085124
08	0085125
08	0085126
08	0085127
08	0085128
08	0085130
08	0085131
08	0085132
08	0085134
08	0085136
08	0085138
08	0085140
08	0085141
08	0085143
08	0085146
08	0085147
08	0085148
08	0085149
08	0085150
08	0085151
08	0085152
08	0085153
08	0085155
08	0085157
08	0085158
08	0085159
08	0085160
08	0085161
08	0085163
08	0085164
08	0085166
08	0085169
08	0085170
08	0085171
08	0085172
08	0085173
08	0085174
08	0085175
08	0085176
08	0085177
08	0085180
08	0085181
08	0085183
08	0085184
08	0085185
08	0085186
08	0085187
08	0085189
08	0085190
08	0085191
08	0085192
08	0085193
08	0085194
08	0085195
08	0085196
08	0085197
08	0085198
08	0085199
08	0085202
08	0085203
08	0085204
08	0085205
08	0085206
08	0085208
08	0085209
08	0085211
08	0085212
08	0085213
08	0085214
08	0085215
08	0085216
08	0085217
08	0085218
08	0085219
08	0085220
08	0085221
08	0085222
08	0085223
08	0085224
08	0085225
08	0085226
08	0085227
08	0085228
08	0085229
08	0085230
08	0085231
08	0085232
08	0085233
08	0085234
08	0085237
08	0085238
08	0085239
08	0085240
08	0085241
08	0085242
08	0085244
08	0085245
08	0085247
08	0085249
08	0085250
08	0085251
08	0085252
08	0085253
08	0085254
08	0085255
08	0085256
08	0085257
08	0085258
08	0085259
08	0085260
08	0085261
08	0085262
08	0085264
08	0085265
08	0085267
08	0085268
08	0085269
08	0085270
08	0085271
08	0085272
08	0085273
08	0085274
08	0085275
08	0085277
08	0085278
08	0085279
08	0085280
08	0085282
08	0085283
08	0085284
08	0085285
08	0085286
08	0085288
08	0085290
08	0085291
08	0085292
08	0085294
08	0085297
08	0085299
08	0085301
08	0085308
08	0085311
08	0085313
08	0085318
08	0085319
08	0085320
08	0085321
08	0085322
08	0085323
08	0085324
08	0085326
08	0085327
08	0085328
08	0085329
08	0085330
08	0085331
08	0085332
08	0085333
08	0085334
08	0085335
08	0085336
08	0085337
08	0085338
08	0085339
08	0085341
08	0085342
08	0085343
08	0085344
08	0085345
08	0085346
08	0085347
08	0085348
08	0085349
08	0085350
08	0085351
08	0085352
08	0085353
08	0085354
08	0085355
08	0085356
08	0085357
08	0085359
08	0085360
08	0085362
08	0085363
08	0085364
08	0085365
08	0085366
08	0085368
08	0085370
08	0085372
08	0085373
08	0085374
08	0085376
08	0085377
08	0085378
08	0085379
08	0085380
08	0085381
08	0085382
08	0085383
08	0085385
08	0085386
08	0085387
08	0085389
08	0085390
08	0085393
08	0085394
08	0085396
08	0085398
08	0085400
08	0085401
08	0085402
08	0085403
08	0085404
08	0085406
08	0085410
08	0085412
08	0085413
08	0085416
08	0085419
08	0085420
08	0085421
08	0085423
08	0085425
08	0085426
08	0085427
08	0085428
08	0085429
08	0085430
08	0085431
08	0085432
08	0085433
08	0085435
08	0085436
08	0085437
08	0085439
08	0085440
08	0085441
08	0085443
08	0085444
08	0085445
08	0085446
08	0085447
08	0085448
08	0085449
08	0085450
08	0085451
08	0085452
08	0085453
08	0085454
08	0085455
08	0085456
08	0085457
08	0085458
08	0085459
08	0085460
08	0085461
08	0085463
08	0085464
08	0085465
08	0085466
08	0085467
08	0085469
08	0085470
08	0085471
08	0085472
08	0085473
08	0085474
08	0085475
08	0085476
08	0085477
08	0085478
08	0085479
08	0085480
08	0085481
08	0085482
08	0085483
08	0085485
08	0085486
08	0085487
08	0085488
08	0085489
08	0085490
08	0085491
08	0085492
08	0085493
08	0085494
08	0085495
08	0085496
08	0085497
08	0085498
08	0085500
08	0085501
08	0085502
08	0085503
08	0085504
08	0085505
08	0085506
08	0085507
08	0085509
08	0085510
08	0085513
08	0085514
08	0085515
08	0085516
08	0085517
08	0085518
08	0085520
08	0085521
08	0085522
08	0085523
08	0085524
08	0085525
08	0085526
08	0085527
08	0085528
08	0085529
08	0085530
08	0085531
08	0085532
08	0085533
08	0085534
08	0085535
08	0085536
08	0085537
08	0085538
08	0085539
08	0085540
08	0085542
08	0085543
08	0085544
08	0085545
08	0085548
08	0085549
08	0085550
08	0085551
08	0085552
08	0085553
08	0085554
08	0085555
08	0085557
08	0085558
08	0085559
08	0085560
08	0085561
08	0085562
08	0085563
08	0085564
08	0085565
08	0085566
08	0085567
08	0085568
08	0085569
08	0085570
08	0085572
08	0085574
08	0085577
08	0085578
08	0085579
08	0085582
08	0085583
08	0085585
08	0085586
08	0085587
08	0085589
08	0085590
08	0085592
08	0085593
08	0085594
08	0085595
08	0085598
08	0085599
08	0085600
08	0085601
08	0085602
08	0085604
08	0085605
08	0085606
08	0085608
08	0085609
08	0085610
08	0085611
08	0085612
08	0085613
08	0085614
08	0085615
08	0085616
08	0085617
08	0085618
08	0085620
08	0085621
08	0085622
08	0085623
08	0085624
08	0085625
08	0085626
08	0085627
08	0085628
08	0085629
08	0085630
08	0085631
08	0085632
08	0085634
08	0085635
08	0085636
08	0085637
08	0085639
08	0085640
08	0085641
08	0085642
08	0085645
08	0085647
08	0085650
08	0085651
08	0085655
08	0085657
08	0085658
08	0085660
08	0085662
08	0085663
08	0085666
08	0085667
08	0085668
08	0085670
08	0085671
08	0085674
08	0085675
08	0085677
08	0085680
08	0085681
08	0085682
08	0085684
08	0085685
08	0085686
08	0085688
08	0085691
08	0085695
08	0085697
08	0085698
08	0085699
08	0085702
08	0085704
08	0085705
08	0085706
08	0085707
08	0085710
08	0085712
08	0085713
08	0085715
08	0085716
08	0085718
08	0085721
08	0085724
08	0085725
08	0085726
08	0085727
08	0085728
08	0085730
08	0085732
08	0085734
08	0085736
08	0085737
08	0085738
08	0085739
08	0085740
08	0085741
08	0085742
08	0085745
08	0085747
08	0085750
08	0085751
08	0085752
08	0085753
08	0085754
08	0085755
08	0085756
08	0085757
08	0085758
08	0085759
08	0085761
08	0085763
08	0085764
08	0085765
08	0085766
08	0085767
08	0085768
08	0085769
08	0085770
08	0085771
08	0085772
08	0085773
08	0085774
08	0085775
08	0085777
08	0085779
08	0085780
08	0085781
08	0085782
08	0085783
08	0085784
08	0085785
08	0085786
08	0085787
08	0085788
08	0085789
08	0085790
08	0085791
08	0085793
08	0085794
08	0085795
08	0085796
08	0085797
08	0085798
08	0085803
08	0085806
08	0085807
08	0085809
08	0085811
08	0085812
08	0085813
08	0085815
08	0085816
08	0085817
08	0085818
08	0085819
08	0085820
08	0085821
08	0085822
08	0085823
08	0085824
08	0085825
08	0085826
08	0085827
08	0085828
08	0085831
08	0085832
08	0085833
08	0085834
08	0085835
08	0085836
08	0085837
08	0085838
08	0085839
08	0085840
08	0085841
08	0085842
08	0085843
08	0085844
08	0085845
08	0085846
08	0085849
08	0085851
08	0085852
08	0085856
08	0085858
08	0085859
08	0085860
08	0085861
08	0085864
08	0085865
08	0085866
08	0085867
08	0085868
08	0085869
08	0085870
08	0085871
08	0085873
08	0085875
08	0085876
08	0085877
08	0085878
08	0085879
08	0085881
08	0085883
08	0085884
08	0085885
08	0085886
08	0085887
08	0085888
08	0085890
08	0085891
08	0085892
08	0085893
08	0085894
08	0085895
08	0085897
08	0085898
08	0085899
08	0085902
08	0085904
08	0085906
08	0085907
08	0085908
08	0085910
08	0085911
08	0085912
08	0085913
08	0085914
08	0085915
08	0085917
08	0085918
08	0085921
08	0085922
08	0085925
08	0085926
08	0085927
08	0085928
08	0085929
08	0085931
08	0085932
08	0085933
08	0085934
08	0085935
08	0085936
08	0085937
08	0085939
08	0085940
08	0085941
08	0085942
08	0085943
08	0085944
08	0085945
08	0085946
08	0085947
08	0085948
08	0085949
08	0085950
08	0085951
08	0085952
08	0085953
08	0085954
08	0085955
08	0085956
08	0085957
08	0085958
08	0085959
08	0085961
08	0085963
08	0085964
08	0085966
08	0085967
08	0085968
08	0085969
08	0085970
08	0085971
08	0085972
08	0085973
08	0085974
08	0085975
08	0085976
08	0085977
08	0085978
08	0085979
08	0085980
08	0085981
08	0085982
08	0085983
08	0085984
08	0085985
08	0085986
08	0085987
08	0085988
08	0085989
08	0085990
08	0085991
08	0085992
08	0085993
08	0085994
08	0085995
08	0085996
08	0085997
08	0085998
08	0086000
08	0086001
08	0086002
08	0086003
08	0086004
08	0086005
08	0086006
08	0086007
08	0086008
08	0086009
08	0086011
08	0086012
08	0086013
08	0086014
08	0086016
08	0086017
08	0086018
08	0086019
08	0086020
08	0086021
08	0086022
08	0086023
08	0086024
08	0086026
08	0086027
08	0086029
08	0086030
08	0086031
08	0086032
08	0086033
08	0086034
08	0086035
08	0086036
08	0086037
08	0086038
08	0086039
08	0086040
08	0086041
08	0086042
08	0086043
08	0086044
08	0086045
08	0086046
08	0086047
08	0086049
08	0086050
08	0086051
08	0086053
08	0086055
08	0086056
08	0086057
08	0086058
08	0086059
08	0086060
08	0086061
08	0086062
08	0086064
08	0086065
08	0086066
08	0086067
08	0086069
08	0086070
08	0086071
08	0086072
08	0086073
08	0086074
08	0086075
08	0086077
08	0086078
08	0086079
08	0086080
08	0086082
08	0086083
08	0086084
08	0086085
08	0086086
08	0086087
08	0086088
08	0086089
08	0086090
08	0086092
08	0086093
08	0086095
08	0086096
08	0086097
08	0086098
08	0086099
08	0086100
08	0086101
08	0086102
08	0086103
08	0086104
08	0086105
08	0086107
08	0086108
08	0086110
08	0086111
08	0086113
08	0086114
08	0086115
08	0086116
08	0086117
08	0086118
08	0086120
08	0086123
08	0086124
08	0086125
08	0086126
08	0086128
08	0086129
08	0086130
08	0086131
08	0086133
08	0086134
08	0086135
08	0086136
08	0086139
08	0086140
08	0086141
08	0086142
08	0086143
08	0086144
08	0086145
08	0086146
08	0086147
08	0086148
08	0086153
08	0086154
08	0086155
08	0086156
08	0086157
08	0086158
08	0086159
08	0086160
08	0086161
08	0086162
08	0086163
08	0086164
08	0086165
08	0086166
08	0086167
08	0086168
08	0086169
08	0086170
08	0086171
08	0086172
08	0086173
08	0086174
08	0086175
08	0086176
08	0086177
08	0086178
08	0086179
08	0086180
08	0086183
08	0086185
08	0086186
08	0086187
08	0086188
08	0086189
08	0086190
08	0086191
08	0086192
08	0086193
08	0086195
08	0086196
08	0086197
08	0086199
08	0086200
08	0086201
08	0086202
08	0086203
08	0086204
08	0086205
08	0086206
08	0086207
08	0086208
08	0086209
08	0086210
08	0086211
08	0086212
08	0086213
08	0086214
08	0086215
08	0086216
08	0086217
08	0086218
08	0086219
08	0086220
08	0086221
08	0086222
08	0086223
08	0086224
08	0086225
08	0086226
08	0086227
08	0086228
08	0086229
08	0086230
08	0086231
08	0086232
08	0086233
08	0086234
08	0086235
08	0086236
08	0086237
08	0086238
08	0086239
08	0086240
08	0086241
08	0086242
08	0086243
08	0086244
08	0086245
08	0086246
08	0086247
08	0086248
08	0086249
08	0086250
08	0086251
08	0086252
08	0086253
08	0086254
08	0086255
08	0086256
08	0086257
08	0086258
08	0086259
08	0086260
08	0086261
08	0086262
08	0086263
08	0086264
08	0086266
08	0086267
08	0086269
08	0086270
08	0086271
08	0086272
08	0086274
08	0086275
08	0086277
08	0086278
08	0086281
08	0086282
08	0086283
08	0086284
08	0086285
08	0086286
08	0086287
08	0086288
08	0086289
08	0086291
08	0086293
08	0086294
08	0086295
08	0086302
08	0086303
08	0086304
08	0086305
08	0086306
08	0086307
08	0086308
08	0086309
08	0086311
08	0086312
08	0086314
08	0086315
08	0086317
08	0086318
08	0086319
08	0086320
08	0086321
08	0086322
08	0086323
08	0086324
08	0086325
08	0086327
08	0086328
08	0086329
08	0086330
08	0086332
08	0086334
08	0086335
08	0086336
08	0086337
08	0086338
08	0086339
08	0086340
08	0086341
08	0086342
08	0086344
08	0086345
08	0086346
08	0086347
08	0086349
08	0086350
08	0086351
08	0086355
08	0086356
08	0086357
08	0086358
08	0086361
08	0086364
08	0086365
08	0086366
08	0086367
08	0086368
08	0086369
08	0086370
08	0086371
08	0086372
08	0086373
08	0086376
08	0086377
08	0086378
08	0086379
08	0086382
08	0086383
08	0086384
08	0086385
08	0086386
08	0086387
08	0086388
08	0086389
08	0086390
08	0086391
08	0086392
08	0086393
08	0086394
08	0086395
08	0086396
08	0086397
08	0086398
08	0086399
08	0086400
08	0086401
08	0086402
08	0086404
08	0086406
08	0086407
08	0086409
08	0086411
08	0086413
08	0086414
08	0086415
08	0086416
08	0086417
08	0086418
08	0086419
08	0086420
08	0086421
08	0086422
08	0086424
08	0086425
08	0086426
08	0086428
08	0086429
08	0086430
08	0086431
08	0086433
08	0086434
08	0086435
08	0086436
08	0086437
08	0086438
08	0086439
08	0086440
08	0086441
08	0086443
08	0086444
08	0086445
08	0086447
08	0086448
08	0086449
08	0086450
08	0086451
08	0086452
08	0086453
08	0086455
08	0086456
08	0086457
08	0086458
08	0086459
08	0086460
08	0086464
08	0086465
08	0086466
08	0086467
08	0086468
08	0086469
08	0086470
08	0086471
08	0086472
08	0086474
08	0086475
08	0086476
08	0086477
08	0086478
08	0086479
08	0086480
08	0086481
08	0086482
08	0086483
08	0086484
08	0086485
08	0086486
08	0086487
08	0086488
08	0086489
08	0086490
08	0086491
08	0086492
08	0086493
08	0086494
08	0086495
08	0086496
08	0086497
08	0086498
08	0086499
08	0086500
08	0086502
08	0086504
08	0086505
08	0086506
08	0086507
08	0086508
08	0086509
08	0086510
08	0086511
08	0086512
08	0086513
08	0086514
08	0086516
08	0086517
08	0086518
08	0086519
08	0086521
08	0086522
08	0086523
08	0086524
08	0086526
08	0086527
08	0086528
08	0086529
08	0086530
08	0086531
08	0086533
08	0086534
08	0086535
08	0086536
08	0086537
08	0086538
08	0086540
08	0086541
08	0086542
08	0086543
08	0086544
08	0086546
08	0086547
08	0086548
08	0086549
08	0086550
08	0086551
08	0086553
08	0086554
08	0086555
08	0086556
08	0086557
08	0086558
08	0086560
08	0086561
08	0086562
08	0086563
08	0086564
08	0086565
08	0086566
08	0086567
08	0086568
08	0086569
08	0086570
08	0086571
08	0086573
08	0086574
08	0086578
08	0086579
08	0086580
08	0086581
08	0086583
08	0086584
08	0086585
08	0086586
08	0086587
08	0086588
08	0086590
08	0086593
08	0086594
08	0086595
08	0086596
08	0086599
08	0086600
08	0086601
08	0086602
08	0086603
08	0086604
08	0086605
08	0086607
08	0086608
08	0086609
08	0086610
08	0086611
08	0086612
08	0086613
08	0086614
08	0086615
08	0086616
08	0086618
08	0086619
08	0086620
08	0086622
08	0086623
08	0086624
08	0086628
08	0086630
08	0086631
08	0086632
08	0086633
08	0086634
08	0086635
08	0086636
08	0086638
08	0086639
08	0086640
08	0086641
08	0086642
08	0086643
08	0086645
08	0086646
08	0086647
08	0086648
08	0086649
08	0086650
08	0086651
08	0086653
08	0086654
08	0086655
08	0086656
08	0086657
08	0086658
08	0086659
08	0086660
08	0086661
08	0086662
08	0086663
08	0086664
08	0086665
08	0086666
08	0086667
08	0086668
08	0086669
08	0086670
08	0086671
08	0086672
08	0086673
08	0086674
08	0086675
08	0086676
08	0086677
08	0086678
08	0086679
08	0086680
08	0086681
08	0086682
08	0086683
08	0086684
08	0086685
08	0086686
08	0086687
08	0086688
08	0086689
08	0086690
