00	0000000
00	0000001
00	0000002
00	0000003
00	0000004
00	0000005
00	0000006
00	0000007
00	0000008
00	0000009
00	0000010
00	0000011
00	0000012
00	0000013
00	0000014
00	0000015
00	0000016
00	0000017
00	0000018
00	0000019
00	0000020
00	0000021
00	0000022
00	0000023
00	0000024
00	0000025
00	0000026
00	0000027
00	0000028
00	0000029
00	0000030
00	0000031
00	0000032
00	0000033
00	0000034
00	0000035
00	0000036
00	0000037
00	0000038
00	0000039
00	0000040
00	0000041
00	0000042
00	0000043
00	0000044
00	0000045
00	0000046
00	0000047
00	0000048
00	0000049
00	0000050
00	0000051
00	0000052
00	0000053
00	0000054
00	0000055
00	0000056
00	0000057
00	0000058
00	0000059
00	0000060
00	0000061
00	0000062
00	0000063
00	0000064
00	0000065
00	0000066
00	0000067
00	0000068
00	0000069
00	0000070
00	0000071
00	0000072
00	0000073
00	0000074
00	0000075
00	0000076
00	0000077
00	0000078
00	0000079
00	0000080
00	0000081
00	0000082
00	0000083
00	0000084
00	0000085
00	0000086
00	0000087
00	0000088
00	0000089
00	0000090
00	0000091
00	0000092
00	0000093
00	0000094
00	0000095
00	0000096
00	0000097
00	0000098
00	0000099
00	0000100
00	0000101
00	0000102
00	0000103
00	0000104
00	0000105
00	0000106
00	0000107
00	0000108
00	0000109
00	0000110
00	0000111
00	0000112
00	0000113
00	0000114
00	0000115
00	0000116
00	0000117
00	0000118
00	0000119
00	0000120
00	0000121
00	0000122
00	0000123
00	0000124
00	0000125
00	0000126
00	0000127
00	0000128
00	0000129
00	0000130
00	0000131
00	0000132
00	0000133
00	0000134
00	0000135
00	0000136
00	0000137
00	0000138
00	0000139
00	0000140
00	0000141
00	0000142
00	0000143
00	0000144
00	0000145
00	0000146
00	0000147
00	0000148
00	0000149
00	0000150
00	0000151
00	0000152
00	0000153
00	0000155
00	0000156
00	0000157
00	0000158
00	0000159
00	0000160
00	0000161
00	0000162
00	0000163
00	0000164
00	0000165
00	0000166
00	0000167
00	0000168
00	0000169
00	0000170
00	0000171
00	0000172
00	0000173
00	0000174
00	0000175
00	0000176
00	0000177
00	0000178
00	0000179
00	0000180
00	0000181
00	0000182
00	0000183
00	0000184
00	0000185
00	0000186
00	0000187
00	0000188
00	0000189
00	0000190
00	0000191
00	0000192
00	0000193
00	0000194
00	0000195
00	0000196
00	0000197
00	0000198
00	0000199
00	0000200
00	0000201
00	0000202
00	0000203
00	0000204
00	0000205
00	0000206
00	0000207
00	0000208
00	0000209
00	0000210
00	0000211
00	0000212
00	0000213
00	0000214
00	0000215
00	0000216
00	0000217
00	0000218
00	0000219
00	0000220
00	0000221
00	0000222
00	0000223
00	0000224
00	0000225
00	0000226
00	0000227
00	0000228
00	0000229
00	0000230
00	0000231
00	0000232
00	0000233
00	0000234
00	0000235
00	0000236
00	0000237
00	0000238
00	0000239
00	0000240
00	0000241
00	0000242
00	0000243
00	0000244
00	0000245
00	0000246
00	0000247
00	0000248
00	0000249
00	0000250
00	0000251
00	0000252
00	0000253
00	0000254
00	0000255
00	0000256
00	0000257
00	0000258
00	0000259
00	0000260
00	0000261
00	0000262
00	0000263
00	0000264
00	0000265
00	0000266
00	0000267
00	0000268
00	0000269
00	0000270
00	0000271
00	0000272
00	0000273
00	0000274
00	0000275
00	0000276
00	0000277
00	0000278
00	0000279
00	0000280
00	0000281
00	0000282
00	0000283
00	0000284
00	0000285
00	0000286
00	0000287
00	0000288
00	0000289
00	0000290
00	0000291
00	0000292
00	0000293
00	0000294
00	0000295
00	0000296
00	0000297
00	0000298
00	0000299
00	0000300
00	0000301
00	0000302
00	0000303
00	0000304
00	0000305
00	0000306
00	0000307
00	0000308
00	0000309
00	0000310
00	0000311
00	0000312
00	0000313
00	0000314
00	0000315
00	0000316
00	0000317
00	0000318
00	0000319
00	0000320
00	0000321
00	0000322
00	0000323
00	0000324
00	0000325
00	0000326
00	0000327
00	0000328
00	0000329
00	0000330
00	0000331
00	0000332
00	0000333
00	0000334
00	0000335
00	0000336
00	0000337
00	0000338
00	0000339
00	0000340
00	0000341
00	0000342
00	0000343
00	0000344
00	0000345
00	0000346
00	0000347
00	0000348
00	0000349
00	0000350
00	0000351
00	0000352
00	0000353
00	0000354
00	0000355
00	0000356
00	0000357
00	0000358
00	0000359
00	0000360
00	0000361
00	0000362
00	0000363
00	0000364
00	0000365
00	0000366
00	0000367
00	0000368
00	0000369
00	0000370
00	0000371
00	0000372
00	0000373
00	0000374
00	0000375
00	0000376
00	0000377
00	0000378
00	0000379
00	0000380
00	0000381
00	0000382
00	0000383
00	0000384
00	0000385
00	0000386
00	0000387
00	0000388
00	0000389
00	0000390
00	0000391
00	0000392
00	0000393
00	0000394
00	0000395
00	0000396
00	0000397
00	0000398
00	0000399
00	0000400
00	0000401
00	0000402
00	0000403
00	0000404
00	0000405
00	0000406
00	0000407
00	0000408
00	0000409
00	0000410
00	0000411
00	0000412
00	0000413
00	0000414
00	0000415
00	0000416
00	0000417
00	0000418
00	0000419
00	0000420
00	0000421
00	0000422
00	0000423
00	0000424
00	0000425
00	0000426
00	0000427
00	0000428
00	0000429
00	0000430
00	0000431
00	0000432
00	0000433
00	0000434
00	0000435
00	0000436
00	0000437
00	0000438
00	0000439
00	0000440
00	0000441
00	0000442
00	0000443
00	0000444
00	0000445
00	0000446
00	0000447
00	0000448
00	0000449
00	0000450
00	0000451
00	0000452
00	0000453
00	0000454
00	0000455
00	0000456
00	0000457
00	0000458
00	0000459
00	0000460
00	0000461
00	0000462
00	0000463
00	0000464
00	0000465
00	0000466
00	0000467
00	0000468
00	0000469
00	0000470
00	0000471
00	0000472
00	0000473
00	0000474
00	0000475
00	0000476
00	0000477
00	0000478
00	0000479
00	0000480
00	0000481
00	0000482
00	0000483
00	0000484
00	0000485
00	0000486
00	0000487
00	0000488
00	0000489
00	0000490
00	0000491
00	0000492
00	0000493
00	0000494
00	0000495
00	0000496
00	0000497
00	0000498
00	0000499
00	0000500
00	0000501
00	0000502
00	0000503
00	0000504
00	0000505
00	0000506
00	0000507
00	0000508
00	0000509
00	0000510
00	0000511
00	0000512
00	0000513
00	0000514
00	0000515
00	0000516
00	0000517
00	0000518
00	0000519
00	0000520
00	0000521
00	0000522
00	0000523
00	0000524
00	0000525
00	0000526
00	0000527
00	0000528
00	0000529
00	0000530
00	0000531
00	0000532
00	0000533
00	0000534
00	0000535
00	0000536
00	0000537
00	0000538
00	0000539
00	0000540
00	0000541
00	0000542
00	0000543
00	0000544
00	0000545
00	0000546
00	0000547
00	0000548
00	0000549
00	0000550
00	0000551
00	0000552
00	0000553
00	0000554
00	0000555
00	0000556
00	0000557
00	0000558
00	0000559
00	0000560
00	0000561
00	0000562
00	0000563
00	0000564
00	0000565
00	0000566
00	0000567
00	0000568
00	0000569
00	0000570
00	0000571
00	0000572
00	0000573
00	0000574
00	0000575
00	0000576
00	0000577
00	0000578
00	0000579
00	0000580
00	0000581
00	0000582
00	0000583
00	0000584
00	0000585
00	0000586
00	0000587
00	0000588
00	0000589
00	0000590
00	0000591
00	0000592
00	0000593
00	0000594
00	0000595
00	0000596
00	0000597
00	0000598
00	0000599
00	0000600
00	0000601
00	0000602
00	0000603
00	0000604
00	0000605
00	0000606
00	0000607
00	0000608
00	0000609
00	0000610
00	0000611
00	0000612
00	0000613
00	0000614
00	0000615
00	0000616
00	0000617
00	0000618
00	0000619
00	0000620
00	0000621
00	0000622
00	0000623
00	0000624
00	0000625
00	0000626
00	0000627
00	0000628
00	0000629
00	0000630
00	0000631
00	0000632
00	0000633
00	0000634
00	0000635
00	0000636
00	0000637
00	0000638
00	0000639
00	0000640
00	0000641
00	0000642
00	0000643
00	0000644
00	0000645
00	0000646
00	0000647
00	0000648
00	0000649
00	0000650
00	0000651
00	0000652
00	0000653
00	0000654
00	0000655
00	0000656
00	0000657
00	0000658
00	0000659
00	0000660
00	0000661
00	0000662
00	0000663
00	0000664
00	0000665
00	0000666
00	0000667
00	0000668
00	0000669
00	0000670
00	0000671
00	0000672
00	0000673
00	0000674
00	0000675
00	0000676
00	0000677
00	0000678
00	0000679
00	0000680
00	0000681
00	0000682
00	0000683
00	0000684
00	0000685
00	0000686
00	0000687
00	0000688
00	0000689
00	0000690
00	0000691
00	0000692
00	0000693
00	0000694
00	0000695
00	0000696
00	0000697
00	0000698
00	0000699
00	0000700
00	0000701
00	0000702
00	0000703
00	0000704
00	0000705
00	0000706
00	0000707
00	0000708
00	0000709
00	0000710
00	0000711
00	0000712
00	0000713
00	0000714
00	0000715
00	0000716
00	0000717
00	0000718
00	0000719
00	0000720
00	0000721
00	0000722
00	0000723
00	0000724
00	0000725
00	0000726
00	0000727
00	0000728
00	0000729
00	0000730
00	0000731
00	0000732
00	0000733
00	0000734
00	0000735
00	0000736
00	0000737
00	0000738
00	0000739
00	0000740
00	0000741
00	0000742
00	0000743
00	0000744
00	0000745
00	0000746
00	0000747
00	0000748
00	0000749
00	0000750
00	0000751
00	0000752
00	0000753
00	0000754
00	0000755
00	0000756
00	0000757
00	0000758
00	0000759
00	0000760
00	0000761
00	0000762
00	0000763
00	0000764
00	0000765
00	0000766
00	0000767
00	0000768
00	0000769
00	0000770
00	0000771
00	0000772
00	0000773
00	0000774
00	0000775
00	0000776
00	0000777
00	0000778
00	0000779
00	0000780
00	0000781
00	0000782
00	0000783
00	0000784
00	0000785
00	0000786
00	0000787
00	0000788
00	0000789
00	0000790
00	0000791
00	0000792
00	0000793
00	0000794
00	0000795
00	0000796
00	0000797
00	0000798
00	0000799
00	0000800
00	0000801
00	0000802
00	0000803
00	0000804
00	0000805
00	0000806
00	0000807
00	0000808
00	0000809
00	0000810
00	0000811
00	0000812
00	0000813
00	0000814
00	0000815
00	0000816
00	0000817
00	0000818
00	0000819
00	0000820
00	0000821
00	0000822
00	0000823
00	0000824
00	0000825
00	0000826
00	0000827
00	0000828
00	0000829
00	0000830
00	0000831
00	0000832
00	0000833
00	0000834
00	0000835
00	0000836
00	0000837
00	0000838
00	0000839
00	0000840
00	0000841
00	0000842
00	0000843
00	0000844
00	0000845
00	0000846
00	0000847
00	0000848
00	0000849
00	0000850
00	0000851
00	0000852
00	0000853
00	0000854
00	0000855
00	0000856
00	0000857
00	0000858
00	0000859
00	0000860
00	0000861
00	0000862
00	0000863
00	0000864
00	0000865
00	0000866
00	0000867
00	0000868
00	0000869
00	0000870
00	0000871
00	0000872
00	0000873
00	0000874
00	0000875
00	0000876
00	0000877
00	0000878
00	0000879
00	0000880
00	0000881
00	0000882
00	0000883
00	0000884
00	0000885
00	0000886
00	0000887
00	0000888
00	0000889
00	0000890
00	0000891
00	0000892
00	0000893
00	0000894
00	0000895
00	0000896
00	0000897
00	0000898
00	0000899
00	0000900
00	0000901
00	0000902
00	0000903
00	0000904
00	0000905
00	0000906
00	0000907
00	0000908
00	0000909
00	0000910
00	0000911
00	0000912
00	0000913
00	0000914
00	0000915
00	0000916
00	0000917
00	0000918
00	0000919
00	0000920
00	0000921
00	0000922
00	0000923
00	0000924
00	0000925
00	0000926
00	0000927
00	0000928
00	0000929
00	0000930
00	0000931
00	0000932
00	0000933
00	0000934
00	0000935
00	0000936
00	0000937
00	0000938
00	0000939
00	0000940
00	0000941
00	0000942
00	0000943
00	0000944
00	0000945
00	0000946
00	0000947
00	0000948
00	0000949
00	0000950
00	0000951
00	0000952
00	0000953
00	0000954
00	0000955
00	0000956
00	0000957
00	0000958
00	0000959
00	0000960
00	0000961
00	0000962
00	0000963
00	0000964
00	0000965
00	0000966
00	0000967
00	0000968
00	0000969
00	0000970
00	0000971
00	0000972
00	0000973
00	0000974
00	0000975
00	0000976
00	0000977
00	0000978
00	0000979
00	0000980
00	0000981
00	0000982
00	0000983
00	0000984
00	0000985
00	0000986
00	0000987
00	0000988
00	0000989
00	0000990
00	0000991
00	0000992
00	0000993
00	0000994
00	0000995
00	0000996
00	0000997
00	0000998
00	0000999
00	0001000
00	0001001
00	0001002
00	0001003
00	0001004
00	0001005
00	0001006
00	0001007
00	0001008
00	0001009
00	0001010
00	0001011
00	0001012
00	0001013
00	0001014
00	0001015
00	0001016
00	0001017
00	0001018
00	0001019
00	0001020
00	0001021
00	0001022
00	0001023
00	0001024
00	0001025
00	0001026
00	0001027
00	0001028
00	0001029
00	0001030
00	0001031
00	0001032
00	0001033
00	0001034
00	0001035
00	0001036
00	0001037
00	0001038
00	0001039
00	0001040
00	0001041
00	0001042
00	0001043
00	0001044
00	0001045
00	0001046
00	0001047
00	0001048
00	0001049
00	0001050
00	0001051
00	0001052
00	0001053
00	0001054
00	0001055
00	0001056
00	0001057
00	0001058
00	0001059
00	0001060
00	0001061
00	0001062
00	0001063
00	0001064
00	0001065
00	0001066
00	0001067
00	0001068
00	0001069
00	0001070
00	0001071
00	0001072
00	0001073
00	0001074
00	0001075
00	0001076
00	0001077
00	0001078
00	0001079
00	0001080
00	0001081
00	0001082
00	0001083
00	0001084
00	0001085
00	0001086
00	0001087
00	0001088
00	0001089
00	0001090
00	0001091
00	0001092
00	0001093
00	0001094
00	0001095
00	0001096
00	0001097
00	0001098
00	0001099
00	0001100
00	0001101
00	0001102
00	0001103
00	0001104
00	0001105
00	0001106
00	0001107
00	0001108
00	0001109
00	0001110
00	0001111
00	0001112
00	0001113
00	0001114
00	0001115
00	0001116
00	0001117
00	0001118
00	0001119
00	0001120
00	0001121
00	0001122
00	0001123
00	0001124
00	0001125
00	0001126
00	0001127
00	0001128
00	0001129
00	0001130
00	0001131
00	0001132
00	0001133
00	0001134
00	0001135
00	0001136
00	0001137
00	0001138
00	0001139
00	0001140
00	0001141
00	0001142
00	0001143
00	0001144
00	0001145
00	0001146
00	0001147
00	0001148
00	0001149
00	0001150
00	0001151
00	0001152
00	0001153
00	0001154
00	0001155
00	0001156
00	0001157
00	0001158
00	0001159
00	0001160
00	0001161
00	0001162
00	0001163
00	0001164
00	0001165
00	0001166
00	0001167
00	0001168
00	0001169
00	0001170
00	0001171
00	0001172
00	0001173
00	0001174
00	0001175
00	0001176
00	0001177
00	0001178
00	0001179
00	0001180
00	0001181
00	0001182
00	0001183
00	0001184
00	0001185
00	0001186
00	0001187
00	0001188
00	0001189
00	0001190
00	0001191
00	0001192
00	0001193
00	0001194
00	0001195
00	0001196
00	0001197
00	0001198
00	0001199
00	0001200
00	0001201
00	0001202
00	0001203
00	0001204
00	0001205
00	0001206
00	0001207
00	0001208
00	0001209
00	0001210
00	0001211
00	0001212
00	0001213
00	0001214
00	0001215
00	0001216
00	0001217
00	0001218
00	0001219
00	0001220
00	0001221
00	0001222
00	0001223
00	0001224
00	0001225
00	0001226
00	0001227
00	0001228
00	0001229
00	0001230
00	0001231
00	0001232
00	0001233
00	0001234
00	0001235
00	0001236
00	0001237
00	0001238
00	0001239
00	0001240
00	0001241
00	0001242
00	0001243
00	0001244
00	0001245
00	0001246
00	0001247
00	0001248
00	0001249
00	0001250
00	0001251
00	0001252
00	0001253
00	0001254
00	0001255
00	0001256
00	0001257
00	0001258
00	0001259
00	0001260
00	0001261
00	0001262
00	0001263
00	0001264
00	0001265
00	0001266
00	0001267
00	0001268
00	0001269
00	0001270
00	0001271
00	0001272
00	0001273
00	0001274
00	0001275
00	0001276
00	0001277
00	0001278
00	0001279
00	0001280
00	0001281
00	0001282
00	0001283
00	0001284
00	0001285
00	0001286
00	0001287
00	0001288
00	0001289
00	0001290
00	0001291
00	0001292
00	0001293
00	0001294
00	0001295
00	0001296
00	0001297
00	0001298
00	0001299
00	0001300
00	0001301
00	0001302
00	0001303
00	0001304
00	0001305
00	0001306
00	0001307
00	0001308
00	0001309
00	0001310
00	0001311
00	0001312
00	0001313
00	0001314
00	0001315
00	0001316
00	0001317
00	0001318
00	0001319
00	0001320
00	0001321
00	0001322
00	0001323
00	0001324
00	0001325
00	0001326
00	0001327
00	0001328
00	0001329
00	0001330
00	0001331
00	0001332
00	0001333
00	0001334
00	0001335
00	0001336
00	0001337
00	0001338
00	0001339
00	0001340
00	0001341
00	0001342
00	0001343
00	0001344
00	0001345
00	0001346
00	0001347
00	0001348
00	0001349
00	0001350
00	0001351
00	0001352
00	0001353
00	0001354
00	0001355
00	0001356
00	0001357
00	0001358
00	0001359
00	0001360
00	0001361
00	0001362
00	0001363
00	0001364
00	0001365
00	0001366
00	0001367
00	0001368
00	0001369
00	0001370
00	0001371
00	0001372
00	0001373
00	0001374
00	0001375
00	0001376
00	0001377
00	0001378
00	0001379
00	0001380
00	0001381
00	0001383
00	0001384
00	0001385
00	0001386
00	0001387
00	0001388
00	0001389
00	0001390
00	0001391
00	0001392
00	0001393
00	0001394
00	0001395
00	0001396
00	0001397
00	0001398
00	0001399
00	0001400
00	0001401
00	0001402
00	0001403
00	0001404
00	0001405
00	0001406
00	0001407
00	0001408
00	0001409
00	0001410
00	0001411
00	0001412
00	0001413
00	0001414
00	0001415
00	0001416
00	0001417
00	0001418
00	0001419
00	0001420
00	0001421
00	0001422
00	0001423
00	0001424
00	0001425
00	0001426
00	0001427
00	0001428
00	0001429
00	0001430
00	0001431
00	0001432
00	0001433
00	0001434
00	0001435
00	0001436
00	0001437
00	0001438
00	0001439
00	0001440
00	0001441
00	0001442
00	0001443
00	0001444
00	0001445
00	0001446
00	0001447
00	0001448
00	0001449
00	0001450
00	0001451
00	0001452
00	0001453
00	0001454
00	0001455
00	0001456
00	0001457
00	0001458
00	0001459
00	0001460
00	0001461
00	0001462
00	0001463
00	0001464
00	0001465
00	0001466
00	0001467
00	0001468
00	0001469
00	0001470
00	0001471
00	0001472
00	0001473
00	0001474
00	0001475
00	0001476
00	0001477
00	0001478
00	0001479
00	0001480
00	0001481
00	0001482
00	0001483
00	0001484
00	0001485
00	0001486
00	0001487
00	0001488
00	0001489
00	0001490
00	0001491
00	0001492
00	0001493
00	0001494
00	0001495
00	0001496
00	0001497
00	0001498
00	0001499
00	0001500
00	0001501
00	0001502
00	0001503
00	0001504
00	0001505
00	0001506
00	0001507
00	0001508
00	0001509
00	0001510
00	0001511
00	0001512
00	0001513
00	0001514
00	0001515
00	0001516
00	0001517
00	0001518
00	0001519
00	0001520
00	0001521
00	0001522
00	0001523
00	0001524
00	0001525
00	0001526
00	0001527
00	0001528
00	0001529
00	0001530
00	0001531
00	0001532
00	0001533
00	0001534
00	0001535
00	0001536
00	0001537
00	0001538
00	0001539
00	0001540
00	0001541
00	0001542
00	0001543
00	0001544
00	0001545
00	0001546
00	0001547
00	0001548
00	0001549
00	0001550
00	0001551
00	0001552
00	0001553
00	0001554
00	0001555
00	0001556
00	0001557
00	0001558
00	0001559
00	0001560
00	0001561
00	0001562
00	0001563
00	0001564
00	0001565
00	0001566
00	0001567
00	0001568
00	0001569
00	0001570
00	0001571
00	0001572
00	0001573
00	0001574
00	0001575
00	0001576
00	0001577
00	0001578
00	0001579
00	0001580
00	0001581
00	0001582
00	0001583
00	0001584
00	0001585
00	0001586
00	0001587
00	0001588
00	0001589
00	0001590
00	0001591
00	0001592
00	0001593
00	0001594
00	0001595
00	0001596
00	0001597
00	0001598
00	0001599
00	0001600
00	0001601
00	0001602
00	0001603
00	0001604
00	0001605
00	0001606
00	0001607
00	0001608
00	0001609
00	0001610
00	0001611
00	0001612
00	0001613
00	0001614
00	0001615
00	0001616
00	0001617
00	0001618
00	0001619
00	0001620
00	0001621
00	0001622
00	0001623
00	0001624
00	0001625
00	0001626
00	0001627
00	0001628
00	0001629
00	0001630
00	0001631
00	0001632
00	0001633
00	0001634
00	0001635
00	0001636
00	0001637
00	0001638
00	0001639
00	0001640
00	0001641
00	0001642
00	0001643
00	0001644
00	0001645
00	0001646
00	0001647
00	0001648
00	0001649
00	0001650
00	0001651
00	0001652
00	0001653
00	0001654
00	0001655
00	0001656
00	0001657
00	0001658
00	0001659
00	0001660
00	0001661
00	0001662
00	0001663
00	0001664
00	0001665
00	0001666
00	0001667
00	0001668
00	0001669
00	0001670
00	0001671
00	0001672
00	0001673
00	0001674
00	0001675
00	0001676
00	0001677
00	0001678
00	0001679
00	0001680
00	0001681
00	0001682
00	0001683
00	0001684
00	0001685
00	0001686
00	0001687
00	0001688
00	0001689
00	0001690
00	0001691
00	0001692
00	0001693
00	0001694
00	0001695
00	0001696
00	0001697
00	0001698
00	0001699
00	0001700
00	0001701
00	0001702
00	0001703
00	0001704
00	0001705
00	0001706
00	0001707
00	0001708
00	0001709
00	0001710
00	0001711
00	0001712
00	0001713
00	0001714
00	0001715
00	0001716
00	0001717
00	0001718
00	0001719
00	0001720
00	0001721
00	0001722
00	0001723
00	0001724
00	0001725
00	0001726
00	0001727
00	0001728
00	0001729
00	0001730
00	0001731
00	0001732
00	0001733
00	0001734
00	0001735
00	0001736
00	0001737
00	0001738
00	0001739
00	0001740
00	0001741
00	0001742
00	0001743
00	0001744
00	0001745
00	0001746
00	0001747
00	0001748
00	0001749
00	0001750
00	0001751
00	0001752
00	0001753
00	0001754
00	0001755
00	0001756
00	0001757
00	0001758
00	0001759
00	0001760
00	0001761
00	0001762
00	0001763
00	0001764
00	0001765
00	0001766
00	0001767
00	0001768
00	0001769
00	0001770
00	0001771
00	0001772
00	0001773
00	0001774
00	0001775
00	0001776
00	0001777
00	0001778
00	0001779
00	0001780
00	0001781
00	0001782
00	0001783
00	0001784
00	0001785
00	0001786
00	0001787
00	0001788
00	0001789
00	0001790
00	0001791
00	0001792
00	0001793
00	0001794
00	0001795
00	0001796
00	0001797
00	0001798
00	0001799
00	0001800
00	0001801
00	0001802
00	0001803
00	0001804
00	0001805
00	0001806
00	0001807
00	0001808
00	0001809
00	0001810
00	0001811
00	0001812
00	0001813
00	0001814
00	0001815
00	0001816
00	0001817
00	0001818
00	0001819
00	0001820
00	0001821
00	0001822
00	0001823
00	0001824
00	0001825
00	0001826
00	0001827
00	0001828
00	0001829
00	0001830
00	0001831
00	0001832
00	0001833
00	0001834
00	0001835
00	0001836
00	0001837
00	0001838
00	0001839
00	0001840
00	0001841
00	0001842
00	0001843
00	0001844
00	0001845
00	0001846
00	0001847
00	0001848
00	0001849
00	0001850
00	0001851
00	0001852
00	0001853
00	0001854
00	0001855
00	0001856
00	0001857
00	0001858
00	0001859
00	0001860
00	0001861
00	0001862
00	0001863
00	0001864
00	0001865
00	0001866
00	0001867
00	0001868
00	0001869
00	0001870
00	0001871
00	0001872
00	0001873
00	0001874
00	0001875
00	0001876
00	0001877
00	0001878
00	0001879
00	0001880
00	0001881
00	0001882
00	0001883
00	0001884
00	0001885
00	0001886
00	0001887
00	0001888
00	0001889
00	0001890
00	0001891
00	0001892
00	0001893
00	0001894
00	0001895
00	0001896
00	0001897
00	0001898
00	0001899
00	0001900
00	0001901
00	0001902
00	0001903
00	0001904
00	0001905
00	0001906
00	0001907
00	0001908
00	0001909
00	0001910
00	0001911
00	0001912
00	0001913
00	0001914
00	0001915
00	0001916
00	0001917
00	0001918
00	0001919
00	0001920
00	0001921
00	0001922
00	0001923
00	0001924
00	0001925
00	0001926
00	0001927
00	0001928
00	0001929
00	0001930
00	0001931
00	0001932
00	0001933
00	0001934
00	0001935
00	0001936
00	0001937
00	0001938
00	0001939
00	0001940
00	0001941
00	0001942
00	0001943
00	0001944
00	0001945
00	0001946
00	0001947
00	0001948
00	0001949
00	0001950
00	0001951
00	0001952
00	0001953
00	0001954
00	0001955
00	0001956
00	0001957
00	0001958
00	0001959
00	0001960
00	0001961
00	0001962
00	0001963
00	0001964
00	0001965
00	0001966
00	0001967
00	0001968
00	0001969
00	0001970
00	0001971
00	0001972
00	0001973
00	0001974
00	0001975
00	0001976
00	0001977
00	0001978
00	0001979
00	0001980
00	0001981
00	0001982
00	0001983
00	0001984
00	0001985
00	0001986
00	0001987
00	0001988
00	0001989
00	0001990
00	0001991
00	0001992
00	0001993
00	0001994
00	0001995
00	0001996
00	0001997
00	0001998
00	0001999
00	0002000
00	0002001
00	0002002
00	0002003
00	0002004
00	0002005
00	0002006
00	0002007
00	0002008
00	0002009
00	0002010
00	0002011
00	0002012
00	0002013
00	0002014
00	0002015
00	0002016
00	0002017
00	0002018
00	0002019
00	0002020
00	0002021
00	0002022
00	0002023
00	0002024
00	0002025
00	0002026
00	0002027
00	0002028
00	0002029
00	0002030
00	0002031
00	0002032
00	0002033
00	0002034
00	0002035
00	0002036
00	0002037
00	0002038
00	0002039
00	0002040
00	0002041
00	0002042
00	0002043
00	0002044
00	0002045
00	0002046
00	0002047
00	0002048
00	0002049
00	0002050
00	0002051
00	0002052
00	0002053
00	0002054
00	0002055
00	0002056
00	0002057
00	0002058
00	0002059
00	0002060
00	0002061
00	0002062
00	0002063
00	0002064
00	0002065
00	0002066
00	0002067
00	0002068
00	0002069
00	0002070
00	0002071
00	0002072
00	0002073
00	0002074
00	0002075
00	0002076
00	0002077
00	0002078
00	0002079
00	0002080
00	0002081
00	0002082
00	0002083
00	0002084
00	0002085
00	0002086
00	0002087
00	0002088
00	0002089
00	0002090
00	0002091
00	0002092
00	0002093
00	0002094
00	0002095
00	0002096
00	0002097
00	0002098
00	0002099
00	0002100
00	0002101
00	0002102
00	0002103
00	0002104
00	0002105
00	0002106
00	0002107
00	0002108
00	0002109
00	0002110
00	0002111
00	0002112
00	0002113
00	0002114
00	0002115
00	0002116
00	0002117
00	0002118
00	0002119
00	0002120
00	0002121
00	0002122
00	0002123
00	0002124
00	0002125
00	0002126
00	0002127
00	0002128
00	0002129
00	0002130
00	0002131
00	0002132
00	0002133
00	0002134
00	0002135
00	0002136
00	0002137
00	0002138
00	0002139
00	0002140
00	0002141
00	0002142
00	0002143
00	0002144
00	0002145
00	0002146
00	0002147
00	0002148
00	0002149
00	0002150
00	0002151
00	0002152
00	0002153
00	0002154
00	0002155
00	0002156
00	0002157
00	0002158
00	0002159
00	0002160
00	0002161
00	0002162
00	0002163
00	0002164
00	0002165
00	0002166
00	0002167
00	0002168
00	0002169
00	0002170
00	0002171
00	0002172
00	0002173
00	0002174
00	0002175
00	0002176
00	0002177
00	0002178
00	0002179
00	0002180
00	0002181
00	0002182
00	0002183
00	0002184
00	0002185
00	0002186
00	0002187
00	0002188
00	0002189
00	0002190
00	0002191
00	0002192
00	0002193
00	0002194
00	0002195
00	0002196
00	0002197
00	0002198
00	0002199
00	0002200
00	0002201
00	0002202
00	0002203
00	0002204
00	0002205
00	0002206
00	0002207
00	0002208
00	0002209
00	0002210
00	0002211
00	0002212
00	0002213
00	0002214
00	0002215
00	0002216
00	0002217
00	0002218
00	0002219
00	0002220
00	0002221
00	0002222
00	0002223
00	0002224
00	0002225
00	0002226
00	0002227
00	0002228
00	0002229
00	0002230
00	0002231
00	0002232
00	0002233
00	0002234
00	0002235
00	0002236
00	0002237
00	0002238
00	0002239
00	0002240
00	0002241
00	0002242
00	0002243
00	0002244
00	0002245
00	0002246
00	0002247
00	0002248
00	0002249
00	0002250
00	0002251
00	0002252
00	0002253
00	0002254
00	0002255
00	0002256
00	0002257
00	0002258
00	0002259
00	0002260
00	0002261
00	0002262
00	0002263
00	0002264
00	0002265
00	0002266
00	0002267
00	0002268
00	0002269
00	0002270
00	0002271
00	0002272
00	0002273
00	0002274
00	0002275
00	0002276
00	0002277
00	0002278
00	0002279
00	0002280
00	0002281
00	0002282
00	0002283
00	0002284
00	0002285
00	0002286
00	0002287
00	0002288
00	0002289
00	0002290
00	0002291
00	0002292
00	0002293
00	0002294
00	0002295
00	0002296
00	0002297
00	0002298
00	0002299
00	0002300
00	0002301
00	0002302
00	0002303
00	0002304
00	0002305
00	0002306
00	0002307
00	0002308
00	0002309
00	0002310
00	0002311
00	0002312
00	0002313
00	0002314
00	0002315
00	0002316
00	0002317
00	0002318
00	0002319
00	0002320
00	0002321
00	0002322
00	0002323
00	0002324
00	0002325
00	0002326
00	0002327
00	0002328
00	0002329
00	0002330
00	0002331
00	0002332
00	0002333
00	0002334
00	0002335
00	0002336
00	0002337
00	0002338
00	0002339
00	0002340
00	0002341
00	0002342
00	0002343
00	0002344
00	0002345
00	0002346
00	0002347
00	0002348
00	0002349
00	0002350
00	0002351
00	0002352
00	0002353
00	0002354
00	0002355
00	0002356
00	0002357
00	0002358
00	0002359
00	0002360
00	0002361
00	0002362
00	0002363
00	0002364
00	0002365
00	0002366
00	0002367
00	0002368
00	0002369
00	0002370
00	0002371
00	0002372
00	0002373
00	0002374
00	0002375
00	0002376
00	0002377
00	0002378
00	0002379
00	0002380
00	0002381
00	0002382
00	0002383
00	0002384
00	0002385
00	0002386
00	0002387
00	0002388
00	0002389
00	0002390
00	0002391
00	0002392
00	0002393
00	0002394
00	0002395
00	0002396
00	0002397
00	0002398
00	0002399
00	0002400
00	0002401
00	0002402
00	0002403
00	0002404
00	0002405
00	0002406
00	0002407
00	0002408
00	0002409
00	0002410
00	0002411
00	0002412
00	0002413
00	0002414
00	0002415
00	0002416
00	0002417
00	0002418
00	0002419
00	0002420
00	0002421
00	0002422
00	0002423
00	0002424
00	0002425
00	0002426
00	0002427
00	0002428
00	0002429
00	0002430
00	0002431
00	0002432
00	0002433
00	0002434
00	0002435
00	0002436
00	0002437
00	0002438
00	0002439
00	0002440
00	0002441
00	0002442
00	0002443
00	0002444
00	0002445
00	0002446
00	0002447
00	0002448
00	0002449
00	0002450
00	0002451
00	0002452
00	0002453
00	0002454
00	0002455
00	0002456
00	0002457
00	0002458
00	0002459
00	0002460
00	0002461
00	0002462
00	0002463
00	0002464
00	0002465
00	0002466
00	0002467
00	0002468
00	0002469
00	0002470
00	0002471
00	0002472
00	0002473
00	0002474
00	0002475
00	0002476
00	0002477
00	0002478
00	0002479
00	0002480
00	0002481
00	0002482
00	0002483
00	0002484
00	0002485
00	0002486
00	0002487
00	0002488
00	0002489
00	0002490
00	0002491
00	0002492
00	0002493
00	0002494
00	0002495
00	0002496
00	0002497
00	0002498
00	0002499
00	0002500
00	0002501
00	0002502
00	0002503
00	0002504
00	0002505
00	0002506
00	0002507
00	0002508
00	0002509
00	0002510
00	0002511
00	0002512
00	0002513
00	0002514
00	0002515
00	0002516
00	0002517
00	0002518
00	0002519
00	0002520
00	0002521
00	0002522
00	0002523
00	0002524
00	0002525
00	0002526
00	0002527
00	0002528
00	0002529
00	0002530
00	0002531
00	0002532
00	0002533
00	0002534
00	0002535
00	0002536
00	0002537
00	0002538
00	0002539
00	0002540
00	0002541
00	0002542
00	0002543
00	0002544
00	0002545
00	0002546
00	0002547
00	0002548
00	0002549
00	0002550
00	0002551
00	0002552
00	0002553
00	0002554
00	0002555
00	0002556
00	0002557
00	0002558
00	0002559
00	0002560
00	0002561
00	0002562
00	0002563
00	0002564
00	0002565
00	0002566
00	0002567
00	0002568
00	0002569
00	0002570
00	0002571
00	0002572
00	0002573
00	0002574
00	0002575
00	0002576
00	0002577
00	0002578
00	0002579
00	0002580
00	0002581
00	0002582
00	0002583
00	0002584
00	0002585
00	0002586
00	0002587
00	0002588
00	0002589
00	0002590
00	0002591
00	0002592
00	0002593
00	0002594
00	0002595
00	0002596
00	0002597
00	0002598
00	0002599
00	0002600
00	0002601
00	0002602
00	0002603
00	0002604
00	0002605
00	0002606
00	0002607
00	0002608
00	0002609
00	0002610
00	0002611
00	0002612
00	0002613
00	0002614
00	0002615
00	0002616
00	0002617
00	0002618
00	0002619
00	0002620
00	0002621
00	0002622
00	0002623
00	0002624
00	0002625
00	0002626
00	0002627
00	0002628
00	0002629
00	0002630
00	0002631
00	0002632
00	0002633
00	0002634
00	0002635
00	0002636
00	0002637
00	0002638
00	0002639
00	0002640
00	0002641
00	0002642
00	0002643
00	0002644
00	0002645
00	0002646
00	0002647
00	0002648
00	0002649
00	0002650
00	0002651
00	0002652
00	0002653
00	0002654
00	0002655
00	0002656
00	0002657
00	0002658
00	0002659
00	0002660
00	0002661
00	0002662
00	0002663
00	0002664
00	0002665
00	0002666
00	0002667
00	0002668
00	0002669
00	0002670
00	0002671
00	0002672
00	0002673
00	0002674
00	0002675
00	0002676
00	0002677
00	0002678
00	0002679
00	0002680
00	0002681
00	0002682
00	0002683
00	0002684
00	0002685
00	0002686
00	0002687
00	0002688
00	0002689
00	0002690
00	0002691
00	0002692
00	0002693
00	0002694
00	0002695
00	0002696
00	0002697
00	0002698
00	0002699
00	0002700
00	0002701
00	0002702
00	0002703
00	0002704
00	0002705
00	0002706
00	0002707
00	0002708
00	0002709
00	0002710
00	0002711
00	0002712
00	0002713
00	0002714
00	0002715
00	0002716
00	0002717
00	0002718
00	0002719
00	0002720
00	0002721
00	0002722
00	0002723
00	0002724
00	0002725
00	0002726
00	0002727
00	0002728
00	0002729
00	0002730
00	0002731
00	0002732
00	0002733
00	0002734
00	0002735
00	0002736
00	0002737
00	0002738
00	0002739
00	0002740
00	0002741
00	0002742
00	0002743
00	0002744
00	0002745
00	0002746
00	0002747
00	0002748
00	0002749
00	0002750
00	0002751
00	0002752
00	0002753
00	0002754
00	0002755
00	0002756
00	0002757
00	0002758
00	0002759
00	0002760
00	0002761
00	0002762
00	0002763
00	0002764
00	0002765
00	0002766
00	0002767
00	0002768
00	0002769
00	0002770
00	0002771
00	0002772
00	0002773
00	0002774
00	0002775
00	0002776
00	0002777
00	0002778
00	0002779
00	0002780
00	0002781
00	0002782
00	0002783
00	0002784
00	0002785
00	0002786
00	0002787
00	0002788
00	0002789
00	0002790
00	0002791
00	0002792
00	0002793
00	0002794
00	0002795
00	0002796
00	0002797
00	0002798
00	0002799
00	0002800
00	0002801
00	0002802
00	0002803
00	0002804
00	0002805
00	0002806
00	0002807
00	0002808
00	0002809
00	0002810
00	0002811
00	0002812
00	0002813
00	0002814
00	0002815
00	0002816
00	0002817
00	0002818
00	0002819
00	0002820
00	0002821
00	0002822
00	0002823
00	0002824
00	0002825
00	0002826
00	0002827
00	0002828
00	0002829
00	0002830
00	0002831
00	0002832
00	0002833
00	0002834
00	0002835
00	0002836
00	0002837
00	0002838
00	0002839
00	0002840
00	0002841
00	0002842
00	0002843
00	0002844
00	0002845
00	0002846
00	0002847
00	0002848
00	0002849
00	0002850
00	0002851
00	0002852
00	0002853
00	0002854
00	0002855
00	0002856
00	0002857
00	0002858
00	0002859
00	0002860
00	0002861
00	0002862
00	0002863
00	0002864
00	0002865
00	0002866
00	0002867
00	0002868
00	0002869
00	0002870
00	0002871
00	0002872
00	0002873
00	0002874
00	0002875
00	0002876
00	0002877
00	0002878
00	0002879
00	0002880
00	0002881
00	0002882
00	0002883
00	0002884
00	0002885
00	0002886
00	0002887
00	0002888
00	0002889
00	0002890
00	0002891
00	0002892
00	0002893
00	0002894
00	0002895
00	0002896
00	0002897
00	0002898
00	0002899
00	0002900
00	0002901
00	0002902
00	0002903
00	0002904
00	0002905
00	0002906
00	0002907
00	0002908
00	0002909
00	0002910
00	0002911
00	0002912
00	0002913
00	0002914
00	0002915
00	0002916
00	0002917
00	0002918
00	0002919
00	0002920
00	0002921
00	0002922
00	0002923
00	0002924
00	0002925
00	0002926
00	0002927
00	0002928
00	0002929
00	0002930
00	0002931
00	0002932
00	0002933
00	0002934
00	0002935
00	0002936
00	0002937
00	0002938
00	0002939
00	0002940
00	0002941
00	0002942
00	0002943
00	0002944
00	0002945
00	0002946
00	0002947
00	0002948
00	0002949
00	0002950
00	0002951
00	0002952
00	0002953
00	0002954
00	0002955
00	0002956
00	0002957
00	0002958
00	0002959
00	0002960
00	0002961
00	0002962
00	0002963
00	0002964
00	0002965
00	0002966
00	0002967
00	0002968
00	0002969
00	0002970
00	0002971
00	0002972
00	0002973
00	0002974
00	0002975
00	0002976
00	0002977
00	0002978
00	0002979
00	0002980
00	0002981
00	0002982
00	0002983
00	0002984
00	0002985
00	0002986
00	0002987
00	0002988
00	0002989
00	0002990
00	0002991
00	0002992
00	0002993
00	0002994
00	0002995
00	0002996
00	0002997
00	0002998
00	0002999
00	0003000
00	0003001
00	0003002
00	0003003
00	0003004
00	0003005
00	0003006
00	0003007
00	0003008
00	0003009
00	0003010
00	0003011
00	0003012
00	0003013
00	0003014
00	0003015
00	0003016
00	0003017
00	0003018
00	0003019
00	0003020
00	0003021
00	0003022
00	0003023
00	0003024
00	0003025
00	0003026
00	0003027
00	0003028
00	0003029
00	0003030
00	0003031
00	0003032
00	0003033
00	0003034
00	0003035
00	0003036
00	0003037
00	0003038
00	0003039
00	0003040
00	0003041
00	0003042
00	0003043
00	0003044
00	0003045
00	0003046
00	0003047
00	0003048
00	0003049
00	0003050
00	0003051
00	0003052
00	0003053
00	0003054
00	0003055
00	0003056
00	0003057
00	0003058
00	0003059
00	0003060
00	0003061
00	0003062
00	0003063
00	0003064
00	0003065
00	0003066
00	0003067
00	0003068
00	0003069
00	0003070
00	0003071
00	0003072
00	0003073
00	0003074
00	0003075
00	0003076
00	0003077
00	0003078
00	0003079
00	0003080
00	0003081
00	0003082
00	0003083
00	0003084
00	0003085
00	0003086
00	0003087
00	0003088
00	0003089
00	0003090
00	0003091
00	0003092
00	0003093
00	0003094
00	0003095
00	0003096
00	0003097
00	0003098
00	0003099
00	0003100
00	0003101
00	0003102
00	0003103
00	0003104
00	0003105
00	0003106
00	0003107
00	0003108
00	0003109
00	0003110
00	0003111
00	0003112
00	0003113
00	0003114
00	0003115
00	0003116
00	0003117
00	0003118
00	0003119
00	0003120
00	0003121
00	0003122
00	0003123
00	0003124
00	0003125
00	0003126
00	0003127
00	0003128
00	0003129
00	0003130
00	0003131
00	0003132
00	0003133
00	0003134
00	0003135
00	0003136
00	0003137
00	0003138
00	0003139
00	0003140
00	0003141
00	0003142
00	0003143
00	0003144
00	0003145
00	0003146
00	0003147
00	0003148
00	0003149
00	0003150
00	0003151
00	0003152
00	0003153
00	0003154
00	0003155
00	0003156
00	0003157
00	0003158
00	0003159
00	0003160
00	0003161
00	0003162
00	0003163
00	0003164
00	0003165
00	0003166
00	0003167
00	0003168
00	0003169
00	0003170
00	0003171
00	0003172
00	0003173
00	0003174
00	0003175
00	0003176
00	0003177
00	0003178
00	0003179
00	0003180
00	0003181
00	0003182
00	0003183
00	0003184
00	0003185
00	0003186
00	0003188
00	0003189
00	0003190
00	0003191
00	0003192
00	0003193
00	0003194
00	0003195
00	0003196
00	0003197
00	0003198
00	0003199
00	0003200
00	0003201
00	0003202
00	0003203
00	0003204
00	0003205
00	0003206
00	0003207
00	0003208
00	0003209
00	0003210
00	0003211
00	0003212
00	0003213
00	0003214
00	0003215
00	0003216
00	0003217
00	0003218
00	0003219
00	0003220
00	0003221
00	0003222
00	0003223
00	0003224
00	0003225
00	0003226
00	0003227
00	0003228
00	0003229
00	0003230
00	0003231
00	0003232
00	0003233
00	0003234
00	0003235
00	0003236
00	0003237
00	0003238
00	0003239
00	0003240
00	0003241
00	0003242
00	0003243
00	0003244
00	0003245
00	0003246
00	0003247
00	0003248
00	0003249
00	0003250
00	0003251
00	0003252
00	0003253
00	0003254
00	0003255
00	0003256
00	0003257
00	0003258
00	0003259
00	0003260
00	0003261
00	0003262
00	0003263
00	0003264
00	0003265
00	0003266
00	0003267
00	0003268
00	0003269
00	0003270
00	0003271
00	0003272
00	0003273
00	0003274
00	0003275
00	0003276
00	0003277
00	0003278
00	0003279
00	0003280
00	0003281
00	0003282
00	0003283
00	0003284
00	0003285
00	0003286
00	0003287
00	0003288
00	0003289
00	0003290
00	0003291
00	0003292
00	0003293
00	0003294
00	0003295
00	0003296
00	0003297
00	0003298
00	0003299
00	0003300
00	0003301
00	0003302
00	0003303
00	0003304
00	0003305
00	0003306
00	0003307
00	0003308
00	0003309
00	0003310
00	0003311
00	0003312
00	0003313
00	0003314
00	0003315
00	0003316
00	0003317
00	0003318
00	0003319
00	0003320
00	0003321
00	0003322
00	0003323
00	0003324
00	0003325
00	0003326
00	0003327
00	0003328
00	0003329
00	0003330
00	0003331
00	0003332
00	0003333
00	0003334
00	0003335
00	0003336
00	0003337
00	0003338
00	0003339
00	0003340
00	0003341
00	0003342
00	0003343
00	0003344
00	0003345
00	0003346
00	0003347
00	0003348
00	0003349
00	0003350
00	0003351
00	0003352
00	0003353
00	0003354
00	0003355
00	0003356
00	0003358
00	0003359
00	0003360
00	0003361
00	0003362
00	0003363
00	0003364
00	0003365
00	0003366
00	0003367
00	0003368
00	0003369
00	0003370
00	0003371
00	0003372
00	0003373
00	0003374
00	0003375
00	0003376
00	0003377
00	0003378
00	0003379
00	0003380
00	0003381
00	0003382
00	0003383
00	0003384
00	0003385
00	0003386
00	0003387
00	0003388
00	0003389
00	0003390
00	0003391
00	0003392
00	0003393
00	0003394
00	0003395
00	0003396
00	0003397
00	0003398
00	0003399
00	0003400
00	0003401
00	0003402
00	0003403
00	0003404
00	0003405
00	0003406
00	0003407
00	0003408
00	0003409
00	0003410
00	0003411
00	0003412
00	0003413
00	0003414
00	0003415
00	0003416
00	0003417
00	0003418
00	0003419
00	0003420
00	0003421
00	0003422
00	0003423
00	0003424
00	0003425
00	0003426
00	0003427
00	0003428
00	0003429
00	0003430
00	0003431
00	0003432
00	0003433
00	0003434
00	0003435
00	0003436
00	0003437
00	0003438
00	0003439
00	0003440
00	0003441
00	0003442
00	0003443
00	0003444
00	0003445
00	0003446
00	0003447
00	0003448
00	0003449
00	0003450
00	0003451
00	0003452
00	0003453
00	0003454
00	0003455
00	0003456
00	0003457
00	0003458
00	0003459
00	0003460
00	0003461
00	0003462
00	0003463
00	0003464
00	0003465
00	0003466
00	0003467
00	0003468
00	0003469
00	0003470
00	0003471
00	0003472
00	0003473
00	0003474
00	0003475
00	0003476
00	0003477
00	0003478
00	0003479
00	0003480
00	0003481
00	0003482
00	0003483
00	0003484
00	0003485
00	0003486
00	0003487
00	0003488
00	0003489
00	0003490
00	0003491
00	0003492
00	0003493
00	0003494
00	0003495
00	0003496
00	0003497
00	0003498
00	0003499
00	0003500
00	0003501
00	0003502
00	0003503
00	0003504
00	0003505
00	0003506
00	0003507
00	0003508
00	0003509
00	0003510
00	0003511
00	0003512
00	0003513
00	0003514
00	0003515
00	0003516
00	0003517
00	0003518
00	0003519
00	0003520
00	0003521
00	0003522
00	0003523
00	0003524
00	0003525
00	0003526
00	0003527
00	0003528
00	0003529
00	0003530
00	0003531
00	0003532
00	0003533
00	0003534
00	0003535
00	0003536
00	0003537
00	0003538
00	0003539
00	0003540
00	0003541
00	0003542
00	0003543
00	0003544
00	0003545
00	0003546
00	0003547
00	0003548
00	0003549
00	0003550
00	0003551
00	0003552
00	0003553
00	0003554
00	0003555
00	0003556
00	0003557
00	0003558
00	0003559
00	0003560
00	0003561
00	0003562
00	0003563
00	0003564
00	0003565
00	0003566
00	0003567
00	0003568
00	0003569
00	0003570
00	0003571
00	0003572
00	0003573
00	0003574
00	0003575
00	0003576
00	0003577
00	0003578
00	0003579
00	0003580
00	0003581
00	0003582
00	0003583
00	0003584
00	0003585
00	0003586
00	0003587
00	0003588
00	0003589
00	0003590
00	0003591
00	0003592
00	0003593
00	0003594
00	0003595
00	0003596
00	0003597
00	0003598
00	0003599
00	0003600
00	0003601
00	0003602
00	0003603
00	0003604
00	0003605
00	0003606
00	0003607
00	0003608
00	0003609
00	0003610
00	0003611
00	0003612
00	0003613
00	0003614
00	0003615
00	0003616
00	0003617
00	0003618
00	0003619
00	0003620
00	0003621
00	0003622
00	0003623
00	0003624
00	0003625
00	0003626
00	0003627
00	0003628
00	0003629
00	0003630
00	0003631
00	0003632
00	0003633
00	0003634
00	0003635
00	0003636
00	0003637
00	0003638
00	0003639
00	0003640
00	0003641
00	0003642
00	0003643
00	0003644
00	0003645
00	0003646
00	0003647
00	0003648
00	0003649
00	0003650
00	0003651
00	0003652
00	0003653
00	0003654
00	0003655
00	0003656
00	0003657
00	0003658
00	0003659
00	0003660
00	0003661
00	0003662
00	0003663
00	0003664
00	0003665
00	0003666
00	0003667
00	0003668
00	0003669
00	0003670
00	0003671
00	0003672
00	0003673
00	0003674
00	0003675
00	0003676
00	0003677
00	0003678
00	0003679
00	0003680
00	0003681
00	0003682
00	0003683
00	0003684
00	0003685
00	0003686
00	0003687
00	0003688
00	0003689
00	0003690
00	0003691
00	0003692
00	0003693
00	0003694
00	0003695
00	0003696
00	0003697
00	0003698
00	0003699
00	0003700
00	0003701
00	0003702
00	0003703
00	0003704
00	0003705
00	0003706
00	0003707
00	0003708
00	0003709
00	0003710
00	0003711
00	0003712
00	0003713
00	0003714
00	0003715
00	0003716
00	0003717
00	0003718
00	0003719
00	0003720
00	0003721
00	0003722
00	0003723
00	0003724
00	0003725
00	0003726
00	0003727
00	0003728
00	0003729
00	0003730
00	0003731
00	0003732
00	0003733
00	0003734
00	0003735
00	0003736
00	0003737
00	0003738
00	0003739
00	0003740
00	0003741
00	0003742
00	0003743
00	0003744
00	0003745
00	0003746
00	0003747
00	0003748
00	0003749
00	0003750
00	0003751
00	0003752
00	0003753
00	0003754
00	0003755
00	0003756
00	0003757
00	0003758
00	0003759
00	0003760
00	0003761
00	0003762
00	0003763
00	0003764
00	0003765
00	0003766
00	0003767
00	0003768
00	0003769
00	0003770
00	0003771
00	0003772
00	0003773
00	0003774
00	0003775
00	0003776
00	0003777
00	0003778
00	0003779
00	0003780
00	0003781
00	0003782
00	0003783
00	0003784
00	0003785
00	0003786
00	0003787
00	0003788
00	0003789
00	0003790
00	0003791
00	0003792
00	0003793
00	0003794
00	0003795
00	0003796
00	0003797
00	0003798
00	0003799
00	0003800
00	0003801
00	0003802
00	0003803
00	0003804
00	0003805
00	0003806
00	0003807
00	0003808
00	0003809
00	0003810
00	0003811
00	0003812
00	0003813
00	0003814
00	0003815
00	0003816
00	0003817
00	0003818
00	0003819
00	0003820
00	0003821
00	0003822
00	0003823
00	0003824
00	0003825
00	0003826
00	0003827
00	0003828
00	0003829
00	0003830
00	0003831
00	0003832
00	0003833
00	0003834
00	0003835
00	0003836
00	0003837
00	0003838
00	0003839
00	0003840
00	0003841
00	0003842
00	0003843
00	0003844
00	0003845
00	0003846
00	0003847
00	0003848
00	0003849
00	0003850
00	0003851
00	0003852
00	0003853
00	0003854
00	0003855
00	0003856
00	0003857
00	0003858
00	0003859
00	0003860
00	0003861
00	0003862
00	0003863
00	0003864
00	0003865
00	0003866
00	0003867
00	0003868
00	0003869
00	0003870
00	0003871
00	0003872
00	0003873
00	0003874
00	0003875
00	0003876
00	0003877
00	0003878
00	0003879
00	0003880
00	0003881
00	0003882
00	0003883
00	0003884
00	0003885
00	0003886
00	0003887
00	0003888
00	0003889
00	0003890
00	0003891
00	0003892
00	0003893
00	0003894
00	0003895
00	0003896
00	0003897
00	0003898
00	0003899
00	0003900
00	0003901
00	0003902
00	0003903
00	0003904
00	0003905
00	0003906
00	0003907
00	0003908
00	0003909
00	0003910
00	0003911
00	0003912
00	0003913
00	0003914
00	0003915
00	0003916
00	0003917
00	0003918
00	0003919
00	0003920
00	0003921
00	0003922
00	0003923
00	0003924
00	0003925
00	0003926
00	0003927
00	0003928
00	0003929
00	0003930
00	0003931
00	0003932
00	0003933
00	0003934
00	0003935
00	0003936
00	0003937
00	0003938
00	0003939
00	0003940
00	0003941
00	0003942
00	0003943
00	0003944
00	0003945
00	0003946
00	0003947
00	0003948
00	0003949
00	0003950
00	0003951
00	0003952
00	0003953
00	0003954
00	0003955
00	0003956
00	0003957
00	0003958
00	0003959
00	0003960
00	0003961
00	0003962
00	0003963
00	0003964
00	0003965
00	0003966
00	0003967
00	0003968
00	0003969
00	0003970
00	0003971
00	0003972
00	0003973
00	0003974
00	0003975
00	0003976
00	0003977
00	0003978
00	0003979
00	0003980
00	0003981
00	0003982
00	0003983
00	0003984
00	0003985
00	0003986
00	0003987
00	0003988
00	0003989
00	0003990
00	0003991
00	0003992
00	0003993
00	0003994
00	0003995
00	0003996
00	0003997
00	0003998
00	0003999
00	0004000
00	0004001
00	0004002
00	0004003
00	0004004
00	0004005
00	0004006
00	0004007
00	0004008
00	0004009
00	0004010
00	0004011
00	0004012
00	0004013
00	0004014
00	0004015
00	0004016
00	0004017
00	0004018
00	0004019
00	0004020
00	0004021
00	0004022
00	0004023
00	0004024
00	0004025
00	0004026
00	0004027
00	0004028
00	0004029
00	0004030
00	0004031
00	0004032
00	0004033
00	0004034
00	0004035
00	0004036
00	0004037
00	0004038
00	0004039
00	0004040
00	0004041
00	0004042
00	0004043
00	0004044
00	0004045
00	0004046
00	0004047
00	0004048
00	0004049
00	0004050
00	0004051
00	0004052
00	0004053
00	0004054
00	0004055
00	0004056
00	0004057
00	0004058
00	0004059
00	0004060
00	0004061
00	0004062
00	0004063
00	0004064
00	0004065
00	0004066
00	0004067
00	0004068
00	0004069
00	0004070
00	0004071
00	0004072
00	0004073
00	0004074
00	0004075
00	0004076
00	0004077
00	0004078
00	0004079
00	0004080
00	0004081
00	0004082
00	0004083
00	0004084
00	0004085
00	0004086
00	0004087
00	0004088
00	0004089
00	0004090
00	0004091
00	0004092
00	0004093
00	0004094
00	0004095
00	0004096
00	0004097
00	0004098
00	0004099
00	0004100
00	0004101
00	0004102
00	0004103
00	0004104
00	0004105
00	0004106
00	0004107
00	0004108
00	0004109
00	0004110
00	0004111
00	0004112
00	0004113
00	0004114
00	0004115
00	0004116
00	0004117
00	0004118
00	0004119
00	0004120
00	0004121
00	0004122
00	0004123
00	0004124
00	0004125
00	0004126
00	0004127
00	0004128
00	0004129
00	0004130
00	0004131
00	0004132
00	0004133
00	0004134
00	0004135
00	0004136
00	0004137
00	0004138
00	0004139
00	0004140
00	0004141
00	0004142
00	0004143
00	0004144
00	0004145
00	0004146
00	0004147
00	0004148
00	0004149
00	0004150
00	0004151
00	0004152
00	0004153
00	0004154
00	0004155
00	0004156
00	0004157
00	0004159
00	0004160
00	0004161
00	0004162
00	0004163
00	0004164
00	0004165
00	0004166
00	0004167
00	0004168
00	0004169
00	0004170
00	0004171
00	0004172
00	0004173
00	0004174
00	0004175
00	0004176
00	0004177
00	0004178
00	0004179
00	0004180
00	0004181
00	0004182
00	0004183
00	0004184
00	0004185
00	0004186
00	0004187
00	0004188
00	0004189
00	0004190
00	0004191
00	0004192
00	0004193
00	0004194
00	0004195
00	0004196
00	0004197
00	0004198
00	0004199
00	0004200
00	0004201
00	0004202
00	0004203
00	0004204
00	0004205
00	0004206
00	0004207
00	0004208
00	0004209
00	0004210
00	0004211
00	0004212
00	0004213
00	0004214
00	0004215
00	0004216
00	0004217
00	0004218
00	0004219
00	0004220
00	0004221
00	0004222
00	0004223
00	0004224
00	0004225
00	0004226
00	0004227
00	0004228
00	0004229
00	0004230
00	0004231
00	0004232
00	0004233
00	0004234
00	0004235
00	0004236
00	0004237
00	0004238
00	0004239
00	0004240
00	0004241
00	0004242
00	0004243
00	0004244
00	0004245
00	0004246
00	0004247
00	0004248
00	0004249
00	0004250
00	0004251
00	0004252
00	0004253
00	0004254
00	0004255
00	0004256
00	0004257
00	0004258
00	0004259
00	0004260
00	0004261
00	0004262
00	0004263
00	0004264
00	0004265
00	0004266
00	0004267
00	0004268
00	0004269
00	0004270
00	0004271
00	0004272
00	0004273
00	0004274
00	0004275
00	0004276
00	0004277
00	0004278
00	0004279
00	0004280
00	0004281
00	0004283
00	0004284
00	0004285
00	0004286
00	0004287
00	0004288
00	0004289
00	0004290
00	0004291
00	0004292
00	0004293
00	0004294
00	0004295
00	0004296
00	0004297
00	0004298
00	0004299
00	0004300
00	0004301
00	0004302
00	0004303
00	0004304
00	0004305
00	0004306
00	0004307
00	0004308
00	0004309
00	0004310
00	0004311
00	0004312
00	0004313
00	0004314
00	0004315
00	0004316
00	0004317
00	0004318
00	0004319
00	0004320
00	0004321
00	0004322
00	0004323
00	0004324
00	0004325
00	0004327
00	0004328
00	0004329
00	0004330
00	0004331
00	0004332
00	0004333
00	0004334
00	0004335
00	0004336
00	0004337
00	0004338
00	0004339
00	0004340
00	0004341
00	0004342
00	0004343
00	0004344
00	0004345
00	0004346
00	0004347
00	0004348
00	0004349
00	0004350
00	0004351
00	0004352
00	0004353
00	0004354
00	0004355
00	0004356
00	0004357
00	0004358
00	0004359
00	0004360
00	0004361
00	0004362
00	0004363
00	0004364
00	0004365
00	0004366
00	0004367
00	0004368
00	0004369
00	0004370
00	0004371
00	0004372
00	0004373
00	0004374
00	0004375
00	0004376
00	0004377
00	0004378
00	0004379
00	0004380
00	0004381
00	0004382
00	0004383
00	0004384
00	0004385
00	0004386
00	0004387
00	0004388
00	0004389
00	0004390
00	0004391
00	0004392
00	0004393
00	0004394
00	0004395
00	0004396
00	0004397
00	0004398
00	0004399
00	0004400
00	0004401
00	0004402
00	0004403
00	0004404
00	0004405
00	0004406
00	0004407
00	0004408
00	0004409
00	0004410
00	0004411
00	0004412
00	0004413
00	0004414
00	0004415
00	0004416
00	0004417
00	0004418
00	0004419
00	0004420
00	0004421
00	0004422
00	0004423
00	0004424
00	0004425
00	0004426
00	0004427
00	0004428
00	0004429
00	0004430
00	0004431
00	0004432
00	0004433
00	0004434
00	0004435
00	0004436
00	0004437
00	0004438
00	0004439
00	0004440
00	0004441
00	0004442
00	0004443
00	0004444
00	0004445
00	0004446
00	0004447
00	0004448
00	0004449
00	0004450
00	0004451
00	0004452
00	0004453
00	0004454
00	0004455
00	0004456
00	0004457
00	0004458
00	0004460
00	0004461
00	0004462
00	0004463
00	0004464
00	0004465
00	0004466
00	0004467
00	0004468
00	0004469
00	0004470
00	0004471
00	0004472
00	0004473
00	0004474
00	0004475
00	0004476
00	0004477
00	0004478
00	0004479
00	0004480
00	0004481
00	0004482
00	0004483
00	0004484
00	0004485
00	0004486
00	0004487
00	0004488
00	0004489
00	0004490
00	0004491
00	0004492
00	0004493
00	0004494
00	0004495
00	0004496
00	0004497
00	0004498
00	0004499
00	0004500
00	0004501
00	0004502
00	0004503
00	0004504
00	0004505
00	0004506
00	0004507
00	0004508
00	0004509
00	0004510
00	0004511
00	0004512
00	0004513
00	0004514
00	0004515
00	0004516
00	0004517
00	0004518
00	0004519
00	0004520
00	0004521
00	0004522
00	0004523
00	0004524
00	0004525
00	0004526
00	0004527
00	0004528
00	0004529
00	0004530
00	0004531
00	0004532
00	0004533
00	0004534
00	0004535
00	0004536
00	0004537
00	0004538
00	0004539
00	0004540
00	0004541
00	0004542
00	0004543
00	0004544
00	0004545
00	0004546
00	0004547
00	0004548
00	0004549
00	0004550
00	0004551
00	0004552
00	0004553
00	0004554
00	0004555
00	0004556
00	0004557
00	0004558
00	0004559
00	0004560
00	0004561
00	0004562
00	0004563
00	0004564
00	0004565
00	0004566
00	0004567
00	0004568
00	0004569
00	0004570
00	0004571
00	0004572
00	0004573
00	0004574
00	0004575
00	0004576
00	0004577
00	0004578
00	0004579
00	0004580
00	0004581
00	0004582
00	0004583
00	0004584
00	0004585
00	0004586
00	0004587
00	0004588
00	0004589
00	0004590
00	0004591
00	0004592
00	0004593
00	0004594
00	0004595
00	0004596
00	0004597
00	0004598
00	0004599
00	0004600
00	0004601
00	0004602
00	0004603
00	0004604
00	0004605
00	0004606
00	0004607
00	0004608
00	0004609
00	0004610
00	0004611
00	0004612
00	0004613
00	0004614
00	0004615
00	0004616
00	0004617
00	0004618
00	0004619
00	0004620
00	0004621
00	0004622
00	0004623
00	0004624
00	0004625
00	0004626
00	0004627
00	0004628
00	0004629
00	0004630
00	0004631
00	0004632
00	0004633
00	0004634
00	0004635
00	0004636
00	0004637
00	0004638
00	0004639
00	0004640
00	0004641
00	0004642
00	0004643
00	0004644
00	0004645
00	0004646
00	0004647
00	0004648
00	0004649
00	0004650
00	0004651
00	0004652
00	0004653
00	0004654
00	0004655
00	0004656
00	0004657
00	0004658
00	0004659
00	0004660
00	0004661
00	0004662
00	0004663
00	0004664
00	0004665
00	0004666
00	0004667
00	0004668
00	0004669
00	0004670
00	0004671
00	0004672
00	0004673
00	0004674
00	0004675
00	0004676
00	0004677
00	0004678
00	0004679
00	0004680
00	0004681
00	0004682
00	0004683
00	0004684
00	0004685
00	0004686
00	0004687
00	0004688
00	0004689
00	0004690
00	0004691
00	0004692
00	0004693
00	0004694
00	0004695
00	0004696
00	0004697
00	0004698
00	0004699
00	0004700
00	0004701
00	0004702
00	0004703
00	0004704
00	0004705
00	0004706
00	0004707
00	0004708
00	0004709
00	0004710
00	0004711
00	0004712
00	0004713
00	0004714
00	0004715
00	0004716
00	0004717
00	0004718
00	0004719
00	0004720
00	0004721
00	0004722
00	0004723
00	0004724
00	0004725
00	0004726
00	0004727
00	0004728
00	0004729
00	0004730
00	0004731
00	0004732
00	0004733
00	0004734
00	0004735
00	0004736
00	0004737
00	0004738
00	0004739
00	0004740
00	0004741
00	0004742
00	0004743
00	0004744
00	0004745
00	0004746
00	0004747
00	0004748
00	0004749
00	0004750
00	0004751
00	0004752
00	0004753
00	0004754
00	0004755
00	0004756
00	0004757
00	0004758
00	0004759
00	0004760
00	0004761
00	0004762
00	0004763
00	0004764
00	0004765
00	0004766
00	0004767
00	0004768
00	0004769
00	0004770
00	0004771
00	0004772
00	0004773
00	0004774
00	0004775
00	0004776
00	0004777
00	0004778
00	0004779
00	0004780
00	0004781
00	0004782
00	0004783
00	0004784
00	0004785
00	0004786
00	0004787
00	0004788
00	0004789
00	0004790
00	0004791
00	0004792
00	0004793
00	0004794
00	0004795
00	0004796
00	0004797
00	0004798
00	0004799
00	0004800
00	0004801
00	0004802
00	0004803
00	0004804
00	0004805
00	0004806
00	0004807
00	0004808
00	0004809
00	0004810
00	0004811
00	0004812
00	0004813
00	0004814
00	0004815
00	0004816
00	0004817
00	0004818
00	0004819
00	0004820
00	0004821
00	0004822
00	0004823
00	0004824
00	0004825
00	0004826
00	0004827
00	0004828
00	0004829
00	0004830
00	0004831
00	0004832
00	0004833
00	0004834
00	0004835
00	0004836
00	0004837
00	0004838
00	0004839
00	0004840
00	0004841
00	0004842
00	0004843
00	0004844
00	0004845
00	0004846
00	0004847
00	0004848
00	0004849
00	0004850
00	0004851
00	0004852
00	0004853
00	0004854
00	0004855
00	0004856
00	0004857
00	0004858
00	0004859
00	0004860
00	0004861
00	0004862
00	0004863
00	0004864
00	0004865
00	0004866
00	0004867
00	0004868
00	0004869
00	0004870
00	0004871
00	0004872
00	0004873
00	0004874
00	0004875
00	0004876
00	0004877
00	0004878
00	0004879
00	0004880
00	0004881
00	0004882
00	0004883
00	0004884
00	0004885
00	0004886
00	0004887
00	0004888
00	0004889
00	0004890
00	0004891
00	0004892
00	0004893
00	0004894
00	0004895
00	0004896
00	0004897
00	0004898
00	0004899
00	0004900
00	0004901
00	0004902
00	0004903
00	0004904
00	0004905
00	0004906
00	0004907
00	0004908
00	0004909
00	0004910
00	0004911
00	0004912
00	0004913
00	0004914
00	0004915
00	0004916
00	0004917
00	0004918
00	0004919
00	0004920
00	0004921
00	0004922
00	0004923
00	0004924
00	0004925
00	0004926
00	0004927
00	0004928
00	0004929
00	0004930
00	0004931
00	0004932
00	0004933
00	0004934
00	0004935
00	0004936
00	0004937
00	0004938
00	0004939
00	0004940
00	0004941
00	0004942
00	0004943
00	0004944
00	0004945
00	0004946
00	0004947
00	0004948
00	0004949
00	0004950
00	0004951
00	0004952
00	0004953
00	0004954
00	0004955
00	0004956
00	0004958
00	0004959
00	0004960
00	0004961
00	0004962
00	0004963
00	0004964
00	0004965
00	0004966
00	0004967
00	0004968
00	0004969
00	0004970
00	0004971
00	0004972
00	0004973
00	0004974
00	0004975
00	0004976
00	0004977
00	0004978
00	0004979
00	0004980
00	0004981
00	0004982
00	0004983
00	0004984
00	0004985
00	0004986
00	0004987
00	0004988
00	0004989
00	0004990
00	0004991
00	0004992
00	0004993
00	0004994
00	0004995
00	0004996
00	0004997
00	0004998
00	0004999
00	0005000
00	0005001
00	0005002
00	0005003
00	0005004
00	0005005
00	0005006
00	0005007
00	0005008
00	0005009
00	0005010
00	0005011
00	0005012
00	0005013
00	0005014
00	0005015
00	0005016
00	0005017
00	0005018
00	0005019
00	0005020
00	0005021
00	0005022
00	0005023
00	0005024
00	0005025
00	0005026
00	0005027
00	0005028
00	0005029
00	0005030
00	0005031
00	0005032
00	0005033
00	0005034
00	0005035
00	0005036
00	0005037
00	0005038
00	0005039
00	0005040
00	0005041
00	0005042
00	0005043
00	0005044
00	0005045
00	0005046
00	0005047
00	0005048
00	0005049
00	0005050
00	0005051
00	0005052
00	0005053
00	0005054
00	0005055
00	0005056
00	0005057
00	0005058
00	0005059
00	0005060
00	0005061
00	0005062
00	0005063
00	0005064
00	0005065
00	0005066
00	0005067
00	0005068
00	0005069
00	0005070
00	0005071
00	0005072
00	0005073
00	0005074
00	0005075
00	0005076
00	0005077
00	0005078
00	0005079
00	0005080
00	0005081
00	0005082
00	0005083
00	0005084
00	0005085
00	0005086
00	0005087
00	0005088
00	0005089
00	0005090
00	0005091
00	0005092
00	0005093
00	0005094
00	0005095
00	0005096
00	0005097
00	0005098
00	0005099
00	0005100
00	0005101
00	0005102
00	0005103
00	0005104
00	0005105
00	0005106
00	0005107
00	0005108
00	0005109
00	0005110
00	0005111
00	0005112
00	0005113
00	0005114
00	0005115
00	0005116
00	0005117
00	0005118
00	0005119
00	0005120
00	0005121
00	0005122
00	0005123
00	0005124
00	0005125
00	0005126
00	0005127
00	0005128
00	0005129
00	0005130
00	0005131
00	0005132
00	0005133
00	0005134
00	0005135
00	0005136
00	0005137
00	0005138
00	0005139
00	0005140
00	0005141
00	0005142
00	0005143
00	0005144
00	0005145
00	0005146
00	0005147
00	0005148
00	0005149
00	0005150
00	0005151
00	0005152
00	0005153
00	0005154
00	0005155
00	0005156
00	0005157
00	0005158
00	0005159
00	0005160
00	0005161
00	0005162
00	0005163
00	0005164
00	0005165
00	0005166
00	0005167
00	0005168
00	0005169
00	0005170
00	0005171
00	0005172
00	0005173
00	0005174
00	0005175
00	0005176
00	0005177
00	0005178
00	0005179
00	0005180
00	0005181
00	0005182
00	0005183
00	0005184
00	0005185
00	0005186
00	0005187
00	0005188
00	0005189
00	0005190
00	0005191
00	0005192
00	0005193
00	0005194
00	0005195
00	0005196
00	0005197
00	0005198
00	0005199
00	0005200
00	0005201
00	0005202
00	0005203
00	0005204
00	0005205
00	0005206
00	0005207
00	0005208
00	0005209
00	0005210
00	0005211
00	0005212
00	0005213
00	0005214
00	0005215
00	0005216
00	0005217
00	0005218
00	0005219
00	0005220
00	0005221
00	0005222
00	0005223
00	0005224
00	0005225
00	0005226
00	0005227
00	0005228
00	0005229
00	0005230
00	0005231
00	0005232
00	0005233
00	0005234
00	0005235
00	0005236
00	0005237
00	0005238
00	0005239
00	0005240
00	0005241
00	0005242
00	0005243
00	0005244
00	0005245
00	0005246
00	0005247
00	0005248
00	0005249
00	0005250
00	0005251
00	0005252
00	0005253
00	0005254
00	0005255
00	0005256
00	0005257
00	0005258
00	0005259
00	0005260
00	0005261
00	0005262
00	0005263
00	0005264
00	0005265
00	0005266
00	0005267
00	0005268
00	0005269
00	0005270
00	0005271
00	0005272
00	0005273
00	0005274
00	0005275
00	0005276
00	0005277
00	0005278
00	0005279
00	0005280
00	0005281
00	0005282
00	0005283
00	0005284
00	0005285
00	0005286
00	0005287
00	0005288
00	0005289
00	0005290
00	0005291
00	0005292
00	0005293
00	0005294
00	0005295
00	0005296
00	0005297
00	0005298
00	0005299
00	0005300
00	0005301
00	0005302
00	0005303
00	0005304
00	0005305
00	0005306
00	0005307
00	0005308
00	0005309
00	0005310
00	0005311
00	0005312
00	0005313
00	0005314
00	0005315
00	0005316
00	0005317
00	0005318
00	0005319
00	0005320
00	0005321
00	0005322
00	0005323
00	0005324
00	0005325
00	0005326
00	0005327
00	0005328
00	0005329
00	0005330
00	0005331
00	0005332
00	0005333
00	0005334
00	0005335
00	0005336
00	0005337
00	0005338
00	0005339
00	0005340
00	0005341
00	0005342
00	0005343
00	0005344
00	0005345
00	0005346
00	0005347
00	0005348
00	0005349
00	0005350
00	0005351
00	0005352
00	0005353
00	0005354
00	0005355
00	0005356
00	0005357
00	0005358
00	0005359
00	0005360
00	0005361
00	0005362
00	0005363
00	0005364
00	0005365
00	0005366
00	0005367
00	0005368
00	0005369
00	0005370
00	0005371
00	0005372
00	0005373
00	0005374
00	0005375
00	0005376
00	0005377
00	0005378
00	0005379
00	0005380
00	0005381
00	0005382
00	0005383
00	0005384
00	0005385
00	0005386
00	0005387
00	0005388
00	0005389
00	0005390
00	0005391
00	0005392
00	0005393
00	0005394
00	0005395
00	0005396
00	0005397
00	0005398
00	0005399
00	0005400
00	0005401
00	0005402
00	0005403
00	0005404
00	0005405
00	0005406
00	0005407
00	0005408
00	0005409
00	0005410
00	0005411
00	0005412
00	0005413
00	0005414
00	0005415
00	0005416
00	0005417
00	0005418
00	0005419
00	0005420
00	0005421
00	0005422
00	0005423
00	0005424
00	0005425
00	0005426
00	0005427
00	0005428
00	0005429
00	0005430
00	0005431
00	0005432
00	0005433
00	0005434
00	0005435
00	0005436
00	0005437
00	0005438
00	0005439
00	0005440
00	0005441
00	0005442
00	0005443
00	0005444
00	0005445
00	0005446
00	0005447
00	0005448
00	0005449
00	0005450
00	0005451
00	0005452
00	0005453
00	0005454
00	0005455
00	0005456
00	0005457
00	0005458
00	0005459
00	0005460
00	0005461
00	0005462
00	0005463
00	0005464
00	0005465
00	0005466
00	0005467
00	0005468
00	0005469
00	0005470
00	0005471
00	0005472
00	0005473
00	0005474
00	0005475
00	0005476
00	0005477
00	0005478
00	0005479
00	0005480
00	0005481
00	0005482
00	0005483
00	0005484
00	0005485
00	0005486
00	0005487
00	0005488
00	0005489
00	0005490
00	0005491
00	0005492
00	0005493
00	0005494
00	0005495
00	0005496
00	0005497
00	0005498
00	0005499
00	0005500
00	0005501
00	0005502
00	0005503
00	0005504
00	0005505
00	0005506
00	0005507
00	0005508
00	0005509
00	0005510
00	0005511
00	0005512
00	0005513
00	0005514
00	0005515
00	0005516
00	0005517
00	0005518
00	0005519
00	0005520
00	0005521
00	0005522
00	0005523
00	0005524
00	0005525
00	0005526
00	0005527
00	0005528
00	0005529
00	0005530
00	0005531
00	0005532
00	0005533
00	0005534
00	0005535
00	0005536
00	0005537
00	0005538
00	0005539
00	0005540
00	0005541
00	0005542
00	0005543
00	0005544
00	0005545
00	0005546
00	0005547
00	0005548
00	0005549
00	0005550
00	0005551
00	0005552
00	0005553
00	0005554
00	0005555
00	0005556
00	0005557
00	0005558
00	0005559
00	0005560
00	0005561
00	0005562
00	0005563
00	0005564
00	0005565
00	0005566
00	0005567
00	0005568
00	0005569
00	0005570
00	0005571
00	0005572
00	0005573
00	0005574
00	0005575
00	0005576
00	0005577
00	0005578
00	0005579
00	0005580
00	0005581
00	0005582
00	0005583
00	0005584
00	0005585
00	0005586
00	0005587
00	0005588
00	0005589
00	0005590
00	0005591
00	0005592
00	0005593
00	0005594
00	0005595
00	0005596
00	0005597
00	0005598
00	0005599
00	0005600
00	0005601
00	0005602
00	0005603
00	0005604
00	0005605
00	0005606
00	0005607
00	0005608
00	0005609
00	0005610
00	0005611
00	0005612
00	0005613
00	0005614
00	0005615
00	0005616
00	0005617
00	0005618
00	0005619
00	0005620
00	0005622
00	0005623
00	0005624
00	0005625
00	0005626
00	0005627
00	0005628
00	0005629
00	0005630
00	0005631
00	0005632
00	0005633
00	0005634
00	0005635
00	0005636
00	0005637
00	0005638
00	0005639
00	0005640
00	0005641
00	0005642
00	0005643
00	0005644
00	0005645
00	0005646
00	0005647
00	0005648
00	0005649
00	0005650
00	0005651
00	0005652
00	0005653
00	0005654
00	0005655
00	0005656
00	0005657
00	0005658
00	0005659
00	0005660
00	0005661
00	0005662
00	0005663
00	0005664
00	0005665
00	0005666
00	0005667
00	0005668
00	0005669
00	0005670
00	0005671
00	0005672
00	0005673
00	0005674
00	0005675
00	0005676
00	0005677
00	0005678
00	0005679
00	0005680
00	0005681
00	0005682
00	0005683
00	0005684
00	0005685
00	0005686
00	0005687
00	0005688
00	0005689
00	0005690
00	0005691
00	0005692
00	0005693
00	0005694
00	0005695
00	0005696
00	0005697
00	0005698
00	0005699
00	0005700
00	0005701
00	0005702
00	0005703
00	0005704
00	0005705
00	0005706
00	0005707
00	0005708
00	0005709
00	0005710
00	0005711
00	0005712
00	0005713
00	0005714
00	0005715
00	0005716
00	0005717
00	0005718
00	0005719
00	0005720
00	0005721
00	0005722
00	0005723
00	0005724
00	0005725
00	0005726
00	0005727
00	0005728
00	0005729
00	0005730
00	0005731
00	0005732
00	0005733
00	0005734
00	0005735
00	0005736
00	0005737
00	0005738
00	0005739
00	0005740
00	0005741
00	0005742
00	0005743
00	0005744
00	0005745
00	0005746
00	0005747
00	0005748
00	0005749
00	0005750
00	0005751
00	0005752
00	0005753
00	0005754
00	0005755
00	0005756
00	0005757
00	0005758
00	0005759
00	0005760
00	0005761
00	0005762
00	0005763
00	0005764
00	0005765
00	0005766
00	0005767
00	0005768
00	0005769
00	0005770
00	0005771
00	0005772
00	0005773
00	0005774
00	0005775
00	0005776
00	0005777
00	0005778
00	0005779
00	0005780
00	0005781
00	0005782
00	0005783
00	0005784
00	0005785
00	0005786
00	0005787
00	0005788
00	0005789
00	0005790
00	0005791
00	0005792
00	0005793
00	0005794
00	0005795
00	0005796
00	0005797
00	0005798
00	0005799
00	0005800
00	0005801
00	0005802
00	0005803
00	0005804
00	0005805
00	0005806
00	0005807
00	0005808
00	0005809
00	0005810
00	0005811
00	0005812
00	0005813
00	0005814
00	0005815
00	0005816
00	0005817
00	0005818
00	0005819
00	0005820
00	0005821
00	0005822
00	0005823
00	0005824
00	0005825
00	0005826
00	0005827
00	0005828
00	0005829
00	0005830
00	0005831
00	0005832
00	0005833
00	0005834
00	0005835
00	0005836
00	0005837
00	0005838
00	0005839
00	0005840
00	0005841
00	0005842
00	0005843
00	0005844
00	0005845
00	0005846
00	0005847
00	0005848
00	0005849
00	0005850
00	0005851
00	0005852
00	0005853
00	0005854
00	0005855
00	0005856
00	0005857
00	0005858
00	0005859
00	0005860
00	0005861
00	0005862
00	0005863
00	0005864
00	0005865
00	0005866
00	0005867
00	0005868
00	0005869
00	0005870
00	0005871
00	0005872
00	0005873
00	0005874
00	0005875
00	0005876
00	0005877
00	0005878
00	0005879
00	0005880
00	0005881
00	0005882
00	0005883
00	0005884
00	0005885
00	0005886
00	0005887
00	0005888
00	0005889
00	0005890
00	0005891
00	0005892
00	0005893
00	0005894
00	0005895
00	0005896
00	0005897
00	0005898
00	0005899
00	0005900
00	0005901
00	0005902
00	0005903
00	0005904
00	0005905
00	0005906
00	0005907
00	0005908
00	0005909
00	0005910
00	0005911
00	0005912
00	0005913
00	0005914
00	0005915
00	0005916
00	0005917
00	0005918
00	0005919
00	0005920
00	0005921
00	0005922
00	0005923
00	0005924
00	0005925
00	0005926
00	0005927
00	0005928
00	0005929
00	0005930
00	0005931
00	0005932
00	0005933
00	0005934
00	0005935
00	0005936
00	0005937
00	0005938
00	0005939
00	0005940
00	0005941
00	0005942
00	0005943
00	0005944
00	0005945
00	0005946
00	0005947
00	0005948
00	0005949
00	0005950
00	0005951
00	0005952
00	0005953
00	0005954
00	0005955
00	0005956
00	0005957
00	0005958
00	0005959
00	0005960
00	0005961
00	0005962
00	0005963
00	0005964
00	0005965
00	0005966
00	0005967
00	0005968
00	0005969
00	0005970
00	0005971
00	0005972
00	0005973
00	0005974
00	0005975
00	0005976
00	0005977
00	0005978
00	0005979
00	0005980
00	0005981
00	0005982
00	0005983
00	0005984
00	0005985
00	0005986
00	0005987
00	0005988
00	0005989
00	0005990
00	0005991
00	0005992
00	0005993
00	0005994
00	0005995
00	0005996
00	0005997
00	0005998
00	0005999
00	0006000
00	0006001
00	0006002
00	0006003
00	0006004
00	0006005
00	0006006
00	0006007
00	0006008
00	0006009
00	0006010
00	0006011
00	0006012
00	0006013
00	0006014
00	0006015
00	0006016
00	0006017
00	0006018
00	0006019
00	0006020
00	0006021
00	0006022
00	0006023
00	0006024
00	0006025
00	0006026
00	0006027
00	0006028
00	0006029
00	0006030
00	0006031
00	0006032
00	0006033
00	0006034
00	0006035
00	0006036
00	0006037
00	0006038
00	0006039
00	0006040
00	0006041
00	0006042
00	0006043
00	0006044
00	0006045
00	0006046
00	0006047
00	0006048
00	0006049
00	0006050
00	0006051
00	0006052
00	0006053
00	0006054
00	0006055
00	0006056
00	0006057
00	0006058
00	0006059
00	0006060
00	0006061
00	0006062
00	0006063
00	0006064
00	0006065
00	0006066
00	0006067
00	0006068
00	0006069
00	0006070
00	0006071
00	0006072
00	0006073
00	0006074
00	0006075
00	0006076
00	0006077
00	0006078
00	0006079
00	0006080
00	0006081
00	0006082
00	0006083
00	0006084
00	0006085
00	0006086
00	0006087
00	0006088
00	0006089
00	0006090
00	0006091
00	0006092
00	0006093
00	0006094
00	0006095
00	0006096
00	0006097
00	0006098
00	0006099
00	0006100
00	0006101
00	0006102
00	0006103
00	0006104
00	0006105
00	0006106
00	0006107
00	0006108
00	0006109
00	0006110
00	0006111
00	0006112
00	0006113
00	0006114
00	0006115
00	0006116
00	0006117
00	0006118
00	0006119
00	0006120
00	0006121
00	0006122
00	0006123
00	0006124
00	0006125
00	0006126
00	0006127
00	0006128
00	0006129
00	0006130
00	0006131
00	0006132
00	0006133
00	0006134
00	0006135
00	0006136
00	0006137
00	0006138
00	0006139
00	0006140
00	0006141
00	0006142
00	0006143
00	0006144
00	0006145
00	0006146
00	0006147
00	0006148
00	0006149
00	0006150
00	0006151
00	0006152
00	0006153
00	0006154
00	0006155
00	0006156
00	0006157
00	0006158
00	0006159
00	0006160
00	0006161
00	0006162
00	0006163
00	0006164
00	0006165
00	0006166
00	0006167
00	0006168
00	0006169
00	0006170
00	0006171
00	0006172
00	0006173
00	0006174
00	0006175
00	0006176
00	0006177
00	0006178
00	0006179
00	0006180
00	0006181
00	0006182
00	0006183
00	0006184
00	0006185
00	0006186
00	0006187
00	0006188
00	0006189
00	0006190
00	0006191
00	0006192
00	0006193
00	0006194
00	0006195
00	0006196
00	0006197
00	0006198
00	0006199
00	0006200
00	0006201
00	0006202
00	0006203
00	0006204
00	0006205
00	0006206
00	0006207
00	0006208
00	0006209
00	0006210
00	0006211
00	0006212
00	0006213
00	0006214
00	0006215
00	0006216
00	0006217
00	0006218
00	0006219
00	0006220
00	0006221
00	0006222
00	0006223
00	0006224
00	0006225
00	0006226
00	0006227
00	0006228
00	0006229
00	0006230
00	0006231
00	0006232
00	0006233
00	0006234
00	0006235
00	0006236
00	0006237
00	0006238
00	0006239
00	0006240
00	0006241
00	0006242
00	0006243
00	0006244
00	0006245
00	0006246
00	0006247
00	0006248
00	0006249
00	0006250
00	0006251
00	0006252
00	0006253
00	0006254
00	0006255
00	0006256
00	0006257
00	0006258
00	0006259
00	0006260
00	0006261
00	0006262
00	0006263
00	0006264
00	0006265
00	0006266
00	0006267
00	0006268
00	0006269
00	0006270
00	0006271
00	0006272
00	0006273
00	0006274
00	0006275
00	0006276
00	0006277
00	0006278
00	0006279
00	0006280
00	0006281
00	0006282
00	0006283
00	0006284
00	0006285
00	0006286
00	0006287
00	0006288
00	0006289
00	0006290
00	0006291
00	0006292
00	0006293
00	0006294
00	0006295
00	0006296
00	0006297
00	0006298
00	0006299
00	0006300
00	0006301
00	0006302
00	0006303
00	0006304
00	0006305
00	0006306
00	0006307
00	0006308
00	0006309
00	0006310
00	0006311
00	0006312
00	0006313
00	0006314
00	0006315
00	0006316
00	0006317
00	0006318
00	0006319
00	0006320
00	0006321
00	0006322
00	0006323
00	0006324
00	0006325
00	0006326
00	0006327
00	0006328
00	0006329
00	0006330
00	0006331
00	0006332
00	0006333
00	0006334
00	0006335
00	0006336
00	0006337
00	0006338
00	0006339
00	0006340
00	0006341
00	0006342
00	0006343
00	0006344
00	0006345
00	0006346
00	0006347
00	0006348
00	0006349
00	0006350
00	0006351
00	0006352
00	0006353
00	0006354
00	0006355
00	0006356
00	0006357
00	0006358
00	0006359
00	0006360
00	0006361
00	0006362
00	0006363
00	0006364
00	0006365
00	0006366
00	0006367
00	0006368
00	0006369
00	0006370
00	0006371
00	0006372
00	0006373
00	0006374
00	0006375
00	0006376
00	0006377
00	0006378
00	0006379
00	0006380
00	0006381
00	0006382
00	0006383
00	0006384
00	0006385
00	0006386
00	0006387
00	0006388
00	0006389
00	0006390
00	0006391
00	0006392
00	0006393
00	0006394
00	0006395
00	0006396
00	0006397
00	0006398
00	0006399
00	0006400
00	0006401
00	0006402
00	0006403
00	0006404
00	0006405
00	0006406
00	0006407
00	0006408
00	0006409
00	0006410
00	0006411
00	0006412
00	0006413
00	0006414
00	0006415
00	0006416
00	0006417
00	0006418
00	0006419
00	0006420
00	0006421
00	0006422
00	0006423
00	0006424
00	0006425
00	0006426
00	0006427
00	0006428
00	0006429
00	0006430
00	0006431
00	0006432
00	0006433
00	0006434
00	0006435
00	0006436
00	0006437
00	0006438
00	0006439
00	0006440
00	0006441
00	0006442
00	0006443
00	0006444
00	0006445
00	0006446
00	0006447
00	0006448
00	0006449
00	0006450
00	0006451
00	0006452
00	0006453
00	0006454
00	0006455
00	0006456
00	0006457
00	0006458
00	0006459
00	0006460
00	0006461
00	0006462
00	0006463
00	0006464
00	0006465
00	0006466
00	0006467
00	0006468
00	0006469
00	0006470
00	0006471
00	0006472
00	0006473
00	0006474
00	0006475
00	0006476
00	0006477
00	0006478
00	0006479
00	0006480
00	0006481
00	0006482
00	0006483
00	0006484
00	0006485
00	0006486
00	0006487
00	0006488
00	0006489
00	0006490
00	0006491
00	0006492
00	0006493
00	0006494
00	0006495
00	0006496
00	0006497
00	0006498
00	0006499
00	0006500
00	0006501
00	0006502
00	0006503
00	0006504
00	0006505
00	0006506
00	0006507
00	0006508
00	0006509
00	0006510
00	0006511
00	0006512
00	0006513
00	0006514
00	0006515
00	0006516
00	0006517
00	0006518
00	0006519
00	0006520
00	0006521
00	0006522
00	0006523
00	0006524
00	0006525
00	0006526
00	0006527
00	0006528
00	0006529
00	0006530
00	0006531
00	0006532
00	0006533
00	0006534
00	0006535
00	0006536
00	0006537
00	0006538
00	0006539
00	0006540
00	0006541
00	0006542
00	0006543
00	0006544
00	0006545
00	0006546
00	0006547
00	0006548
00	0006549
00	0006550
00	0006551
00	0006552
00	0006553
00	0006554
00	0006555
00	0006556
00	0006557
00	0006558
00	0006559
00	0006560
00	0006561
00	0006562
00	0006563
00	0006564
00	0006565
00	0006566
00	0006567
00	0006568
00	0006569
00	0006570
00	0006571
00	0006572
00	0006573
00	0006574
00	0006575
00	0006576
00	0006577
00	0006578
00	0006579
00	0006580
00	0006581
00	0006582
00	0006583
00	0006584
00	0006585
00	0006586
00	0006587
00	0006588
00	0006589
00	0006590
00	0006591
00	0006592
00	0006593
00	0006594
00	0006595
00	0006596
00	0006597
00	0006598
00	0006599
00	0006600
00	0006601
00	0006602
00	0006603
00	0006604
00	0006605
00	0006606
00	0006607
00	0006608
00	0006609
00	0006610
00	0006611
00	0006612
00	0006613
00	0006614
00	0006615
00	0006616
00	0006617
00	0006618
00	0006619
00	0006620
00	0006621
00	0006622
00	0006623
00	0006624
00	0006625
00	0006626
00	0006627
00	0006628
00	0006629
00	0006630
00	0006631
00	0006632
00	0006633
00	0006634
00	0006635
00	0006636
00	0006637
00	0006638
00	0006639
00	0006640
00	0006641
00	0006642
00	0006643
00	0006644
00	0006645
00	0006646
00	0006647
00	0006648
00	0006649
00	0006650
00	0006651
00	0006652
00	0006653
00	0006654
00	0006655
00	0006656
00	0006657
00	0006658
00	0006659
00	0006660
00	0006661
00	0006662
00	0006663
00	0006664
00	0006665
00	0006666
00	0006667
00	0006668
00	0006669
00	0006670
00	0006671
00	0006672
00	0006673
00	0006674
00	0006675
00	0006676
00	0006677
00	0006678
00	0006679
00	0006680
00	0006681
00	0006682
00	0006683
00	0006684
00	0006685
00	0006686
00	0006687
00	0006688
00	0006689
00	0006690
00	0006691
00	0006692
00	0006693
00	0006694
00	0006695
00	0006696
00	0006697
00	0006698
00	0006699
00	0006700
00	0006701
00	0006702
00	0006703
00	0006704
00	0006705
00	0006706
00	0006707
00	0006708
00	0006709
00	0006710
00	0006711
00	0006712
00	0006713
00	0006714
00	0006715
00	0006716
00	0006717
00	0006718
00	0006719
00	0006720
00	0006721
00	0006722
00	0006723
00	0006724
00	0006725
00	0006726
00	0006727
00	0006728
00	0006729
00	0006730
00	0006731
00	0006732
00	0006733
00	0006734
00	0006735
00	0006736
00	0006737
00	0006738
00	0006739
00	0006740
00	0006741
00	0006742
00	0006743
00	0006744
00	0006745
00	0006746
00	0006747
00	0006748
00	0006749
00	0006750
00	0006751
00	0006752
00	0006753
00	0006754
00	0006755
00	0006756
00	0006757
00	0006758
00	0006759
00	0006760
00	0006761
00	0006762
00	0006763
00	0006764
00	0006765
00	0006766
00	0006767
00	0006768
00	0006769
00	0006770
00	0006771
00	0006772
00	0006773
00	0006774
00	0006775
00	0006776
00	0006777
00	0006778
00	0006779
00	0006780
00	0006781
00	0006782
00	0006783
00	0006784
00	0006785
00	0006786
00	0006787
00	0006788
00	0006789
00	0006790
00	0006791
00	0006792
00	0006793
00	0006794
00	0006795
00	0006796
00	0006797
00	0006798
00	0006799
00	0006800
00	0006801
00	0006802
00	0006803
00	0006804
00	0006805
00	0006806
00	0006807
00	0006808
00	0006809
00	0006810
00	0006811
00	0006812
00	0006813
00	0006814
00	0006815
00	0006816
00	0006817
00	0006818
00	0006819
00	0006820
00	0006821
00	0006822
00	0006823
00	0006824
00	0006825
00	0006826
00	0006827
00	0006828
00	0006829
00	0006830
00	0006831
00	0006832
00	0006833
00	0006834
00	0006835
00	0006836
00	0006837
00	0006838
00	0006839
00	0006840
00	0006841
00	0006842
00	0006843
00	0006844
00	0006845
00	0006846
00	0006847
00	0006848
00	0006849
00	0006850
00	0006851
00	0006852
00	0006853
00	0006854
00	0006855
00	0006856
00	0006857
00	0006858
00	0006859
00	0006860
00	0006861
00	0006862
00	0006863
00	0006864
00	0006865
00	0006866
00	0006867
00	0006868
00	0006869
00	0006870
00	0006871
00	0006872
00	0006873
00	0006874
00	0006875
00	0006876
00	0006877
00	0006878
00	0006879
00	0006880
00	0006881
00	0006882
00	0006883
00	0006884
00	0006885
00	0006886
00	0006887
00	0006888
00	0006889
00	0006890
00	0006891
00	0006892
00	0006893
00	0006894
00	0006895
00	0006896
00	0006897
00	0006898
00	0006899
00	0006900
00	0006901
00	0006902
00	0006903
00	0006904
00	0006905
00	0006906
00	0006907
00	0006908
00	0006909
00	0006910
00	0006911
00	0006912
00	0006913
00	0006914
00	0006915
00	0006916
00	0006917
00	0006918
00	0006919
00	0006920
00	0006921
00	0006922
00	0006923
00	0006924
00	0006925
00	0006926
00	0006927
00	0006928
00	0006929
00	0006930
00	0006931
00	0006932
00	0006933
00	0006934
00	0006935
00	0006936
00	0006937
00	0006938
00	0006939
00	0006940
00	0006941
00	0006942
00	0006943
00	0006944
00	0006945
00	0006946
00	0006947
00	0006948
00	0006949
00	0006950
00	0006951
00	0006952
00	0006953
00	0006954
00	0006955
00	0006956
00	0006957
00	0006958
00	0006959
00	0006960
00	0006961
00	0006962
00	0006963
00	0006964
00	0006965
00	0006966
00	0006967
00	0006968
00	0006969
00	0006970
00	0006971
00	0006972
00	0006973
00	0006974
00	0006975
00	0006976
00	0006977
00	0006978
00	0006979
00	0006980
00	0006981
00	0006982
00	0006983
00	0006984
00	0006985
00	0006986
00	0006987
00	0006988
00	0006989
00	0006990
00	0006991
00	0006992
00	0006993
00	0006994
00	0006995
00	0006996
00	0006997
00	0006998
00	0006999
00	0007000
00	0007001
00	0007002
00	0007003
00	0007004
00	0007005
00	0007006
00	0007007
00	0007008
00	0007009
00	0007010
00	0007011
00	0007012
00	0007013
00	0007014
00	0007015
00	0007016
00	0007017
00	0007018
00	0007019
00	0007020
00	0007021
00	0007022
00	0007023
00	0007024
00	0007025
00	0007026
00	0007027
00	0007028
00	0007029
00	0007030
00	0007031
00	0007032
00	0007033
00	0007034
00	0007035
00	0007036
00	0007037
00	0007038
00	0007039
00	0007040
00	0007041
00	0007042
00	0007043
00	0007044
00	0007045
00	0007046
00	0007047
00	0007048
00	0007049
00	0007050
00	0007051
00	0007052
00	0007053
00	0007054
00	0007055
00	0007056
00	0007057
00	0007058
00	0007059
00	0007060
00	0007061
00	0007062
00	0007063
00	0007064
00	0007065
00	0007066
00	0007067
00	0007068
00	0007069
00	0007070
00	0007071
00	0007072
00	0007073
00	0007074
00	0007075
00	0007076
00	0007077
00	0007078
00	0007079
00	0007080
00	0007081
00	0007082
00	0007083
00	0007084
00	0007085
00	0007086
00	0007087
00	0007088
00	0007089
00	0007090
00	0007091
00	0007092
00	0007093
00	0007094
00	0007095
00	0007096
00	0007097
00	0007098
00	0007099
00	0007100
00	0007101
00	0007102
00	0007103
00	0007104
00	0007105
00	0007106
00	0007107
00	0007108
00	0007109
00	0007110
00	0007111
00	0007112
00	0007113
00	0007114
00	0007115
00	0007116
00	0007117
00	0007118
00	0007119
00	0007120
00	0007121
00	0007122
00	0007123
00	0007124
00	0007125
00	0007126
00	0007127
00	0007128
00	0007129
00	0007130
00	0007131
00	0007132
00	0007133
00	0007134
00	0007135
00	0007136
00	0007137
00	0007138
00	0007139
00	0007140
00	0007141
00	0007142
00	0007143
00	0007144
00	0007145
00	0007146
00	0007147
00	0007148
00	0007149
00	0007150
00	0007151
00	0007152
00	0007153
00	0007154
00	0007155
00	0007156
00	0007157
00	0007158
00	0007159
00	0007160
00	0007161
00	0007162
00	0007163
00	0007164
00	0007165
00	0007166
00	0007167
00	0007168
00	0007169
00	0007170
00	0007171
00	0007172
00	0007173
00	0007174
00	0007175
00	0007176
00	0007177
00	0007178
00	0007179
00	0007180
00	0007181
00	0007182
00	0007183
00	0007184
00	0007185
00	0007186
00	0007187
00	0007188
00	0007189
00	0007190
00	0007191
00	0007192
00	0007193
00	0007194
00	0007195
00	0007196
00	0007197
00	0007198
00	0007199
00	0007200
00	0007201
00	0007202
00	0007203
00	0007204
00	0007205
00	0007206
00	0007207
00	0007208
00	0007209
00	0007210
00	0007211
00	0007212
00	0007213
00	0007214
00	0007215
00	0007216
00	0007217
00	0007218
00	0007219
00	0007220
00	0007221
00	0007222
00	0007223
00	0007224
00	0007225
00	0007226
00	0007227
00	0007228
00	0007229
00	0007230
00	0007231
00	0007232
00	0007233
00	0007234
00	0007235
00	0007236
00	0007237
00	0007238
00	0007239
00	0007240
00	0007241
00	0007242
00	0007243
00	0007244
00	0007245
00	0007246
00	0007247
00	0007248
00	0007249
00	0007250
00	0007251
00	0007252
00	0007253
00	0007254
00	0007255
00	0007256
00	0007257
00	0007258
00	0007259
00	0007260
00	0007261
00	0007262
00	0007263
00	0007264
00	0007265
00	0007266
00	0007267
00	0007268
00	0007269
00	0007270
00	0007271
00	0007272
00	0007273
00	0007274
00	0007275
00	0007276
00	0007277
00	0007278
00	0007279
00	0007280
00	0007281
00	0007282
00	0007283
00	0007284
00	0007285
00	0007286
00	0007287
00	0007288
00	0007289
00	0007290
00	0007291
00	0007292
00	0007293
00	0007294
00	0007295
00	0007296
00	0007297
00	0007298
00	0007299
00	0007300
00	0007301
00	0007302
00	0007303
00	0007304
00	0007305
00	0007306
00	0007307
00	0007308
00	0007309
00	0007310
00	0007311
00	0007312
00	0007313
00	0007314
00	0007315
00	0007316
00	0007317
00	0007318
00	0007319
00	0007320
00	0007321
00	0007322
00	0007323
00	0007324
00	0007325
00	0007326
00	0007327
00	0007328
00	0007329
00	0007330
00	0007331
00	0007332
00	0007333
00	0007334
00	0007335
00	0007336
00	0007337
00	0007338
00	0007339
00	0007340
00	0007341
00	0007342
00	0007343
00	0007344
00	0007345
00	0007346
00	0007347
00	0007348
00	0007349
00	0007350
00	0007351
00	0007352
00	0007353
00	0007354
00	0007355
00	0007356
00	0007357
00	0007358
00	0007359
00	0007360
00	0007361
00	0007362
00	0007363
00	0007364
00	0007365
00	0007366
00	0007367
00	0007368
00	0007369
00	0007370
00	0007371
00	0007372
00	0007373
00	0007374
00	0007375
00	0007376
00	0007377
00	0007378
00	0007379
00	0007380
00	0007381
00	0007382
00	0007383
00	0007384
00	0007385
00	0007386
00	0007387
00	0007388
00	0007389
00	0007390
00	0007391
00	0007392
00	0007393
00	0007394
00	0007395
00	0007396
00	0007397
00	0007398
00	0007399
00	0007400
00	0007401
00	0007402
00	0007403
00	0007404
00	0007405
00	0007406
00	0007407
00	0007408
00	0007409
00	0007410
00	0007411
00	0007412
00	0007413
00	0007414
00	0007415
00	0007416
00	0007417
00	0007418
00	0007419
00	0007420
00	0007421
00	0007422
00	0007423
00	0007424
00	0007425
00	0007426
00	0007427
00	0007428
00	0007429
00	0007430
00	0007431
00	0007432
00	0007433
00	0007434
00	0007435
00	0007436
00	0007437
00	0007438
00	0007439
00	0007440
00	0007441
00	0007442
00	0007443
00	0007444
00	0007445
00	0007446
00	0007447
00	0007448
00	0007449
00	0007451
00	0007452
00	0007453
00	0007454
00	0007455
00	0007456
00	0007457
00	0007458
00	0007459
00	0007460
00	0007461
00	0007462
00	0007463
00	0007464
00	0007465
00	0007466
00	0007467
00	0007468
00	0007469
00	0007470
00	0007471
00	0007472
00	0007473
00	0007474
00	0007475
00	0007476
00	0007477
00	0007478
00	0007479
00	0007480
00	0007481
00	0007482
00	0007483
00	0007484
00	0007485
00	0007486
00	0007487
00	0007488
00	0007489
00	0007490
00	0007491
00	0007492
00	0007493
00	0007494
00	0007495
00	0007496
00	0007497
00	0007498
00	0007499
00	0007500
00	0007501
00	0007502
00	0007503
00	0007504
00	0007505
00	0007506
00	0007507
00	0007508
00	0007509
00	0007510
00	0007511
00	0007512
00	0007513
00	0007514
00	0007515
00	0007516
00	0007517
00	0007518
00	0007519
00	0007520
00	0007521
00	0007522
00	0007523
00	0007524
00	0007525
00	0007526
00	0007527
00	0007528
00	0007529
00	0007530
00	0007531
00	0007532
00	0007533
00	0007534
00	0007535
00	0007536
00	0007537
00	0007538
00	0007539
00	0007540
00	0007541
00	0007542
00	0007543
00	0007544
00	0007545
00	0007546
00	0007547
00	0007548
00	0007549
00	0007550
00	0007551
00	0007552
00	0007553
00	0007554
00	0007555
00	0007556
00	0007557
00	0007558
00	0007559
00	0007560
00	0007561
00	0007562
00	0007563
00	0007564
00	0007565
00	0007566
00	0007567
00	0007568
00	0007569
00	0007570
00	0007571
00	0007572
00	0007573
00	0007574
00	0007575
00	0007576
00	0007577
00	0007578
00	0007579
00	0007580
00	0007581
00	0007582
00	0007583
00	0007584
00	0007585
00	0007586
00	0007587
00	0007588
00	0007589
00	0007590
00	0007591
00	0007592
00	0007593
00	0007594
00	0007595
00	0007596
00	0007597
00	0007598
00	0007599
00	0007600
00	0007601
00	0007602
00	0007603
00	0007604
00	0007605
00	0007606
00	0007607
00	0007608
00	0007609
00	0007610
00	0007611
00	0007612
00	0007613
00	0007614
00	0007615
00	0007616
00	0007617
00	0007618
00	0007619
00	0007620
00	0007621
00	0007622
00	0007623
00	0007625
00	0007626
00	0007627
00	0007628
00	0007629
00	0007630
00	0007631
00	0007632
00	0007633
00	0007634
00	0007635
00	0007636
00	0007637
00	0007638
00	0007639
00	0007640
00	0007641
00	0007642
00	0007643
00	0007644
00	0007645
00	0007646
00	0007647
00	0007648
00	0007649
00	0007650
00	0007651
00	0007652
00	0007653
00	0007654
00	0007655
00	0007656
00	0007657
00	0007658
00	0007659
00	0007660
00	0007661
00	0007662
00	0007663
00	0007664
00	0007665
00	0007666
00	0007667
00	0007668
00	0007669
00	0007670
00	0007671
00	0007672
00	0007673
00	0007674
00	0007675
00	0007676
00	0007677
00	0007678
00	0007679
00	0007680
00	0007681
00	0007682
00	0007683
00	0007684
00	0007685
00	0007686
00	0007687
00	0007688
00	0007689
00	0007690
00	0007691
00	0007692
00	0007693
00	0007694
00	0007695
00	0007696
00	0007697
00	0007698
00	0007699
00	0007700
00	0007701
00	0007702
00	0007703
00	0007704
00	0007705
00	0007706
00	0007707
00	0007708
00	0007709
00	0007710
00	0007711
00	0007712
00	0007713
00	0007714
00	0007715
00	0007716
00	0007717
00	0007718
00	0007719
00	0007720
00	0007721
00	0007722
00	0007723
00	0007724
00	0007725
00	0007726
00	0007727
00	0007728
00	0007729
00	0007730
00	0007731
00	0007732
00	0007733
00	0007734
00	0007735
00	0007736
00	0007737
00	0007738
00	0007739
00	0007740
00	0007741
00	0007742
00	0007743
00	0007744
00	0007745
00	0007746
00	0007747
00	0007748
00	0007749
00	0007750
00	0007751
00	0007752
00	0007753
00	0007754
00	0007755
00	0007756
00	0007757
00	0007758
00	0007759
00	0007760
00	0007761
00	0007762
00	0007763
00	0007764
00	0007765
00	0007766
00	0007767
00	0007768
00	0007769
00	0007770
00	0007771
00	0007772
00	0007773
00	0007774
00	0007775
00	0007776
00	0007777
00	0007778
00	0007779
00	0007780
00	0007781
00	0007782
00	0007783
00	0007784
00	0007785
00	0007786
00	0007787
00	0007788
00	0007789
00	0007790
00	0007791
00	0007792
00	0007793
00	0007794
00	0007795
00	0007796
00	0007797
00	0007798
00	0007799
00	0007800
00	0007801
00	0007802
00	0007803
00	0007804
00	0007805
00	0007806
00	0007807
00	0007808
00	0007809
00	0007810
00	0007811
00	0007812
00	0007813
00	0007814
00	0007815
00	0007816
00	0007817
00	0007818
00	0007819
00	0007820
00	0007821
00	0007822
00	0007823
00	0007824
00	0007825
00	0007826
00	0007827
00	0007828
00	0007829
00	0007830
00	0007831
00	0007832
00	0007833
00	0007834
00	0007835
00	0007836
00	0007837
00	0007838
00	0007839
00	0007840
00	0007841
00	0007842
00	0007843
00	0007844
00	0007845
00	0007846
00	0007847
00	0007848
00	0007849
00	0007850
00	0007851
00	0007852
00	0007853
00	0007854
00	0007855
00	0007856
00	0007857
00	0007858
00	0007859
00	0007860
00	0007861
00	0007862
00	0007863
00	0007864
00	0007865
00	0007866
00	0007867
00	0007868
00	0007869
00	0007870
00	0007871
00	0007872
00	0007873
00	0007874
00	0007875
00	0007876
00	0007877
00	0007878
00	0007879
00	0007880
00	0007881
00	0007882
00	0007883
00	0007884
00	0007885
00	0007886
00	0007887
00	0007888
00	0007889
00	0007890
00	0007891
00	0007892
00	0007893
00	0007894
00	0007895
00	0007896
00	0007897
00	0007898
00	0007899
00	0007900
00	0007901
00	0007902
00	0007903
00	0007904
00	0007905
00	0007906
00	0007907
00	0007908
00	0007909
00	0007910
00	0007911
00	0007912
00	0007913
00	0007914
00	0007915
00	0007916
00	0007917
00	0007918
00	0007919
00	0007920
00	0007921
00	0007922
00	0007923
00	0007924
00	0007925
00	0007926
00	0007927
00	0007928
00	0007929
00	0007930
00	0007931
00	0007932
00	0007933
00	0007934
00	0007935
00	0007936
00	0007937
00	0007938
00	0007939
00	0007940
00	0007941
00	0007942
00	0007943
00	0007944
00	0007945
00	0007946
00	0007947
00	0007948
00	0007949
00	0007950
00	0007951
00	0007952
00	0007953
00	0007954
00	0007955
00	0007956
00	0007957
00	0007958
00	0007959
00	0007960
00	0007961
00	0007962
00	0007963
00	0007964
00	0007965
00	0007966
00	0007967
00	0007968
00	0007969
00	0007970
00	0007971
00	0007972
00	0007973
00	0007974
00	0007975
00	0007976
00	0007977
00	0007978
00	0007979
00	0007980
00	0007981
00	0007982
00	0007983
00	0007984
00	0007985
00	0007986
00	0007987
00	0007988
00	0007989
00	0007990
00	0007991
00	0007992
00	0007993
00	0007994
00	0007995
00	0007996
00	0007997
00	0007998
00	0007999
00	0008000
00	0008001
00	0008002
00	0008003
00	0008004
00	0008005
00	0008006
00	0008007
00	0008008
00	0008009
00	0008010
00	0008011
00	0008012
00	0008013
00	0008014
00	0008015
00	0008016
00	0008017
00	0008018
00	0008019
00	0008020
00	0008021
00	0008022
00	0008023
00	0008024
00	0008025
00	0008026
00	0008027
00	0008028
00	0008029
00	0008030
00	0008031
00	0008032
00	0008033
00	0008034
00	0008035
00	0008036
00	0008037
00	0008038
00	0008039
00	0008040
00	0008041
00	0008042
00	0008043
00	0008044
00	0008045
00	0008046
00	0008047
00	0008048
00	0008049
00	0008050
00	0008051
00	0008052
00	0008053
00	0008054
00	0008055
00	0008056
00	0008057
00	0008058
00	0008059
00	0008060
00	0008061
00	0008062
00	0008063
00	0008064
00	0008065
00	0008066
00	0008067
00	0008068
00	0008069
00	0008070
00	0008071
00	0008072
00	0008073
00	0008074
00	0008075
00	0008076
00	0008077
00	0008078
00	0008079
00	0008080
00	0008081
00	0008082
00	0008083
00	0008084
00	0008085
00	0008086
00	0008087
00	0008088
00	0008089
00	0008090
00	0008091
00	0008092
00	0008093
00	0008094
00	0008095
00	0008096
00	0008097
00	0008098
00	0008099
00	0008100
00	0008101
00	0008102
00	0008103
00	0008104
00	0008105
00	0008106
00	0008107
00	0008108
00	0008109
00	0008110
00	0008111
00	0008112
00	0008113
00	0008114
00	0008115
00	0008116
00	0008117
00	0008118
00	0008119
00	0008120
00	0008121
00	0008122
00	0008123
00	0008124
00	0008125
00	0008126
00	0008127
00	0008128
00	0008129
00	0008130
00	0008131
00	0008132
00	0008133
00	0008134
00	0008135
00	0008136
00	0008137
00	0008138
00	0008139
00	0008140
00	0008141
00	0008142
00	0008143
00	0008144
00	0008145
00	0008146
00	0008147
00	0008148
00	0008149
00	0008150
00	0008151
00	0008152
00	0008153
00	0008154
00	0008155
00	0008156
00	0008157
00	0008158
00	0008159
00	0008160
00	0008161
00	0008162
00	0008163
00	0008164
00	0008165
00	0008166
00	0008167
00	0008168
00	0008169
00	0008170
00	0008171
00	0008172
00	0008173
00	0008174
00	0008175
00	0008176
00	0008177
00	0008178
00	0008179
00	0008180
00	0008181
00	0008182
00	0008183
00	0008184
00	0008185
00	0008186
00	0008187
00	0008188
00	0008189
00	0008190
00	0008191
00	0008192
00	0008193
00	0008194
00	0008195
00	0008196
00	0008197
00	0008198
00	0008199
00	0008200
00	0008201
00	0008202
00	0008203
00	0008204
00	0008205
00	0008206
00	0008207
00	0008208
00	0008209
00	0008210
00	0008211
00	0008212
00	0008213
00	0008214
00	0008215
00	0008216
00	0008217
00	0008218
00	0008219
00	0008220
00	0008221
00	0008222
00	0008223
00	0008224
00	0008225
00	0008226
00	0008227
00	0008228
00	0008229
00	0008230
00	0008231
00	0008232
00	0008233
00	0008234
00	0008235
00	0008236
00	0008237
00	0008238
00	0008239
00	0008240
00	0008241
00	0008242
00	0008243
00	0008244
00	0008245
00	0008246
00	0008247
00	0008248
00	0008249
00	0008250
00	0008251
00	0008252
00	0008253
00	0008254
00	0008255
00	0008256
00	0008257
00	0008258
00	0008259
00	0008260
00	0008261
00	0008262
00	0008263
00	0008264
00	0008265
00	0008266
00	0008267
00	0008268
00	0008269
00	0008270
00	0008271
00	0008272
00	0008273
00	0008274
00	0008275
00	0008276
00	0008277
00	0008278
00	0008279
00	0008280
00	0008281
00	0008282
00	0008283
00	0008284
00	0008285
00	0008286
00	0008287
00	0008288
00	0008289
00	0008290
00	0008291
00	0008292
00	0008293
00	0008294
00	0008295
00	0008296
00	0008297
00	0008298
00	0008299
00	0008300
00	0008301
00	0008302
00	0008303
00	0008304
00	0008305
00	0008306
00	0008307
00	0008308
00	0008309
00	0008310
00	0008311
00	0008312
00	0008313
00	0008314
00	0008315
00	0008316
00	0008317
00	0008318
00	0008319
00	0008320
00	0008321
00	0008322
00	0008323
00	0008324
00	0008325
00	0008326
00	0008327
00	0008328
00	0008329
00	0008330
00	0008331
00	0008332
00	0008333
00	0008334
00	0008335
00	0008336
00	0008337
00	0008338
00	0008339
00	0008340
00	0008341
00	0008342
00	0008343
00	0008344
00	0008346
00	0008347
00	0008348
00	0008349
00	0008350
00	0008351
00	0008352
00	0008353
00	0008354
00	0008355
00	0008356
00	0008357
00	0008358
00	0008359
00	0008360
00	0008361
00	0008362
00	0008363
00	0008364
00	0008365
00	0008366
00	0008367
00	0008368
00	0008369
00	0008370
00	0008371
00	0008372
00	0008373
00	0008374
00	0008375
00	0008376
00	0008377
00	0008378
00	0008379
00	0008380
00	0008381
00	0008382
00	0008383
00	0008384
00	0008385
00	0008386
00	0008387
00	0008388
00	0008389
00	0008390
00	0008391
00	0008392
00	0008393
00	0008394
00	0008395
00	0008396
00	0008397
00	0008398
00	0008399
00	0008400
00	0008401
00	0008402
00	0008403
00	0008404
00	0008405
00	0008406
00	0008407
00	0008408
00	0008409
00	0008410
00	0008411
00	0008412
00	0008413
00	0008414
00	0008415
00	0008416
00	0008417
00	0008418
00	0008419
00	0008420
00	0008421
00	0008422
00	0008423
00	0008424
00	0008425
00	0008426
00	0008427
00	0008428
00	0008429
00	0008430
00	0008431
00	0008432
00	0008433
00	0008434
00	0008435
00	0008436
00	0008437
00	0008438
00	0008439
00	0008440
00	0008441
00	0008442
00	0008443
00	0008444
00	0008445
00	0008446
00	0008447
00	0008448
00	0008449
00	0008450
00	0008451
00	0008452
00	0008453
00	0008454
00	0008455
00	0008456
00	0008457
00	0008458
00	0008459
00	0008460
00	0008461
00	0008462
00	0008463
00	0008464
00	0008465
00	0008466
00	0008467
00	0008468
00	0008469
00	0008470
00	0008471
00	0008472
00	0008473
00	0008474
00	0008475
00	0008476
00	0008477
00	0008478
00	0008479
00	0008480
00	0008481
00	0008482
00	0008483
00	0008484
00	0008485
00	0008486
00	0008487
00	0008488
00	0008489
00	0008490
00	0008491
00	0008492
00	0008493
00	0008494
00	0008495
00	0008496
00	0008497
00	0008498
00	0008499
00	0008500
00	0008501
00	0008502
00	0008503
00	0008504
00	0008505
00	0008506
00	0008507
00	0008508
00	0008509
00	0008510
00	0008511
00	0008512
00	0008513
00	0008514
00	0008515
00	0008516
00	0008517
00	0008518
00	0008519
00	0008520
00	0008521
00	0008522
00	0008523
00	0008524
00	0008525
00	0008526
00	0008527
00	0008528
00	0008529
00	0008530
00	0008531
00	0008532
00	0008533
00	0008534
00	0008535
00	0008536
00	0008537
00	0008538
00	0008539
00	0008540
00	0008541
00	0008542
00	0008543
00	0008544
00	0008545
00	0008546
00	0008547
00	0008548
00	0008549
00	0008550
00	0008551
00	0008552
00	0008553
00	0008554
00	0008555
00	0008556
00	0008557
00	0008558
00	0008559
00	0008560
00	0008561
00	0008562
00	0008563
00	0008564
00	0008565
00	0008566
00	0008567
00	0008568
00	0008569
00	0008570
00	0008571
00	0008572
00	0008573
00	0008574
00	0008575
00	0008576
00	0008577
00	0008578
00	0008579
00	0008580
00	0008581
00	0008582
00	0008583
00	0008584
00	0008585
00	0008586
00	0008587
00	0008588
00	0008589
00	0008590
00	0008591
00	0008592
00	0008593
00	0008594
00	0008596
00	0008597
00	0008598
00	0008599
00	0008600
00	0008601
00	0008602
00	0008603
00	0008604
00	0008605
00	0008606
00	0008607
00	0008608
00	0008609
00	0008610
00	0008611
00	0008612
00	0008613
00	0008614
00	0008615
00	0008616
00	0008617
00	0008618
00	0008619
00	0008620
00	0008621
00	0008622
00	0008623
00	0008624
00	0008625
00	0008626
00	0008627
00	0008628
00	0008629
00	0008630
00	0008631
00	0008632
00	0008633
00	0008634
00	0008635
00	0008636
00	0008637
00	0008638
00	0008639
00	0008640
00	0008641
00	0008642
00	0008643
00	0008644
00	0008645
00	0008646
00	0008647
00	0008648
00	0008649
00	0008650
00	0008651
00	0008652
00	0008653
00	0008654
00	0008655
00	0008656
00	0008657
00	0008658
00	0008659
00	0008660
00	0008661
00	0008662
00	0008663
00	0008664
00	0008665
00	0008666
00	0008667
00	0008668
00	0008669
00	0008670
00	0008671
00	0008672
00	0008673
00	0008674
00	0008675
00	0008676
00	0008677
00	0008678
00	0008679
00	0008680
00	0008681
00	0008682
00	0008683
00	0008684
00	0008685
00	0008686
00	0008687
00	0008688
00	0008689
00	0008690
00	0008691
00	0008692
00	0008693
00	0008694
00	0008695
00	0008696
00	0008697
00	0008698
00	0008699
00	0008700
00	0008701
00	0008702
00	0008703
00	0008704
00	0008705
00	0008706
00	0008707
00	0008708
00	0008709
00	0008710
00	0008711
00	0008712
00	0008713
00	0008714
00	0008715
00	0008716
00	0008717
00	0008718
00	0008719
00	0008720
00	0008721
00	0008722
00	0008723
00	0008724
00	0008725
00	0008726
00	0008727
00	0008728
00	0008729
00	0008730
00	0008731
00	0008732
00	0008733
00	0008734
00	0008735
00	0008736
00	0008737
00	0008738
00	0008739
00	0008740
00	0008741
00	0008742
00	0008743
00	0008744
00	0008745
00	0008746
00	0008747
00	0008748
00	0008749
00	0008750
00	0008751
00	0008752
00	0008753
00	0008754
00	0008755
00	0008756
00	0008757
00	0008758
00	0008759
00	0008760
00	0008761
00	0008762
00	0008763
00	0008764
00	0008765
00	0008766
00	0008767
00	0008768
00	0008769
00	0008770
00	0008771
00	0008772
00	0008773
00	0008774
00	0008775
00	0008776
00	0008777
00	0008778
00	0008779
00	0008780
00	0008781
00	0008782
00	0008783
00	0008784
00	0008785
00	0008786
00	0008787
00	0008788
00	0008789
00	0008790
00	0008792
00	0008793
00	0008794
00	0008795
00	0008796
00	0008797
00	0008798
00	0008800
00	0008801
00	0008802
00	0008803
00	0008804
00	0008805
00	0008806
00	0008807
00	0008808
00	0008809
00	0008810
00	0008811
00	0008812
00	0008813
00	0008814
00	0008815
00	0008816
00	0008817
00	0008818
00	0008819
00	0008820
00	0008821
00	0008822
00	0008823
00	0008824
00	0008825
00	0008826
00	0008827
00	0008828
00	0008829
00	0008830
00	0008831
00	0008832
00	0008833
00	0008834
00	0008835
00	0008836
00	0008837
00	0008838
00	0008839
00	0008840
00	0008841
00	0008842
00	0008843
00	0008844
00	0008845
00	0008846
00	0008847
00	0008848
00	0008849
00	0008850
00	0008851
00	0008852
00	0008853
00	0008854
00	0008855
00	0008856
00	0008857
00	0008858
00	0008859
00	0008860
00	0008861
00	0008862
00	0008863
00	0008864
00	0008865
00	0008866
00	0008867
00	0008868
00	0008869
00	0008870
00	0008871
00	0008872
00	0008873
00	0008874
00	0008875
00	0008876
00	0008877
00	0008878
00	0008879
00	0008880
00	0008881
00	0008883
00	0008884
00	0008885
00	0008886
00	0008887
00	0008888
00	0008889
00	0008890
00	0008891
00	0008892
00	0008893
00	0008894
00	0008895
00	0008896
00	0008897
00	0008898
00	0008899
00	0008900
00	0008901
00	0008902
00	0008903
00	0008904
00	0008905
00	0008906
00	0008907
00	0008908
00	0008909
00	0008910
00	0008911
00	0008912
00	0008913
00	0008914
00	0008915
00	0008916
00	0008917
00	0008918
00	0008919
00	0008920
00	0008921
00	0008922
00	0008923
00	0008924
00	0008925
00	0008926
00	0008927
00	0008928
00	0008929
00	0008930
00	0008931
00	0008932
00	0008933
00	0008934
00	0008935
00	0008936
00	0008937
00	0008938
00	0008939
00	0008940
00	0008941
00	0008942
00	0008943
00	0008944
00	0008945
00	0008946
00	0008947
00	0008948
00	0008949
00	0008950
00	0008951
00	0008952
00	0008953
00	0008954
00	0008955
00	0008956
00	0008957
00	0008958
00	0008959
00	0008960
00	0008961
00	0008962
00	0008963
00	0008964
00	0008965
00	0008966
00	0008967
00	0008968
00	0008969
00	0008970
00	0008971
00	0008972
00	0008973
00	0008974
00	0008975
00	0008976
00	0008977
00	0008978
00	0008979
00	0008980
00	0008981
00	0008982
00	0008983
00	0008984
00	0008985
00	0008986
00	0008987
00	0008988
00	0008989
00	0008990
00	0008991
00	0008992
00	0008993
00	0008994
00	0008995
00	0008996
00	0008997
00	0008998
00	0008999
00	0009000
00	0009001
00	0009002
00	0009003
00	0009004
00	0009005
00	0009006
00	0009007
00	0009008
00	0009009
00	0009010
00	0009011
00	0009012
00	0009013
00	0009014
00	0009015
00	0009016
00	0009017
00	0009018
00	0009019
00	0009020
00	0009021
00	0009022
00	0009023
00	0009024
00	0009025
00	0009026
00	0009027
00	0009028
00	0009029
00	0009030
00	0009031
00	0009032
00	0009033
00	0009034
00	0009035
00	0009036
00	0009037
00	0009038
00	0009039
00	0009040
00	0009041
00	0009042
00	0009043
00	0009044
00	0009045
00	0009046
00	0009047
00	0009048
00	0009049
00	0009050
00	0009051
00	0009052
00	0009053
00	0009054
00	0009055
00	0009056
00	0009057
00	0009058
00	0009059
00	0009060
00	0009061
00	0009062
00	0009063
00	0009064
00	0009065
00	0009066
00	0009067
00	0009068
00	0009069
00	0009070
00	0009071
00	0009072
00	0009073
00	0009074
00	0009075
00	0009076
00	0009077
00	0009078
00	0009079
00	0009080
00	0009081
00	0009082
00	0009083
00	0009084
00	0009085
00	0009086
00	0009087
00	0009088
00	0009089
00	0009090
00	0009091
00	0009092
00	0009093
00	0009094
00	0009095
00	0009096
00	0009097
00	0009098
00	0009099
00	0009100
00	0009101
00	0009102
00	0009103
00	0009104
00	0009105
00	0009106
00	0009107
00	0009108
00	0009109
00	0009110
00	0009111
00	0009112
00	0009113
00	0009114
00	0009115
00	0009116
00	0009117
00	0009118
00	0009119
00	0009120
00	0009121
00	0009122
00	0009123
00	0009124
00	0009125
00	0009126
00	0009127
00	0009128
00	0009129
00	0009130
00	0009131
00	0009132
00	0009133
00	0009134
00	0009135
00	0009136
00	0009137
00	0009138
00	0009139
00	0009140
00	0009141
00	0009142
00	0009143
00	0009144
00	0009145
00	0009146
00	0009147
00	0009148
00	0009149
00	0009150
00	0009151
00	0009152
00	0009153
00	0009154
00	0009155
00	0009156
00	0009157
00	0009158
00	0009159
00	0009160
00	0009161
00	0009162
00	0009163
00	0009164
00	0009165
00	0009166
00	0009167
00	0009168
00	0009169
00	0009170
00	0009171
00	0009172
00	0009173
00	0009174
00	0009175
00	0009176
00	0009177
00	0009178
00	0009179
00	0009180
00	0009181
00	0009182
00	0009183
00	0009184
00	0009185
00	0009186
00	0009187
00	0009188
00	0009189
00	0009190
00	0009191
00	0009192
00	0009193
00	0009194
00	0009195
00	0009196
00	0009197
00	0009198
00	0009199
00	0009200
00	0009201
00	0009202
00	0009203
00	0009204
00	0009205
00	0009206
00	0009207
00	0009208
00	0009209
00	0009210
00	0009211
00	0009212
00	0009213
00	0009214
00	0009215
00	0009216
00	0009217
00	0009218
00	0009219
00	0009220
00	0009221
00	0009222
00	0009223
00	0009224
00	0009225
00	0009226
00	0009227
00	0009228
00	0009229
00	0009230
00	0009231
00	0009232
00	0009233
00	0009234
00	0009235
00	0009236
00	0009237
00	0009238
00	0009239
00	0009240
00	0009241
00	0009242
00	0009243
00	0009244
00	0009245
00	0009246
00	0009247
00	0009248
00	0009249
00	0009250
00	0009251
00	0009252
00	0009253
00	0009254
00	0009255
00	0009256
00	0009257
00	0009258
00	0009259
00	0009260
00	0009261
00	0009262
00	0009263
00	0009264
00	0009265
00	0009266
00	0009267
00	0009268
00	0009269
00	0009270
00	0009271
00	0009272
00	0009273
00	0009274
00	0009275
00	0009276
00	0009277
00	0009278
00	0009279
00	0009280
00	0009281
00	0009282
00	0009283
00	0009284
00	0009285
00	0009286
00	0009287
00	0009288
00	0009289
00	0009290
00	0009291
00	0009292
00	0009293
00	0009294
00	0009295
00	0009296
00	0009297
00	0009298
00	0009299
00	0009300
00	0009301
00	0009302
00	0009303
00	0009304
00	0009305
00	0009306
00	0009307
00	0009308
00	0009309
00	0009310
00	0009311
00	0009312
00	0009313
00	0009314
00	0009315
00	0009316
00	0009317
00	0009318
00	0009319
00	0009320
00	0009321
00	0009322
00	0009323
00	0009324
00	0009325
00	0009326
00	0009327
00	0009328
00	0009329
00	0009330
00	0009331
00	0009332
00	0009333
00	0009334
00	0009335
00	0009336
00	0009337
00	0009338
00	0009339
00	0009340
00	0009341
00	0009342
00	0009343
00	0009344
00	0009345
00	0009346
00	0009347
00	0009348
00	0009349
00	0009350
00	0009351
00	0009352
00	0009353
00	0009354
00	0009355
00	0009356
00	0009357
00	0009358
00	0009359
00	0009360
00	0009361
00	0009362
00	0009363
00	0009364
00	0009365
00	0009366
00	0009367
00	0009368
00	0009369
00	0009370
00	0009371
00	0009372
00	0009373
00	0009374
00	0009375
00	0009376
00	0009377
00	0009378
00	0009379
00	0009380
00	0009381
00	0009382
00	0009383
00	0009384
00	0009385
00	0009386
00	0009387
00	0009388
00	0009389
00	0009390
00	0009391
00	0009392
00	0009393
00	0009394
00	0009395
00	0009396
00	0009397
00	0009398
00	0009399
00	0009400
00	0009401
00	0009402
00	0009403
00	0009404
00	0009405
00	0009406
00	0009407
00	0009408
00	0009409
00	0009410
00	0009411
00	0009412
00	0009413
00	0009414
00	0009415
00	0009416
00	0009417
00	0009418
00	0009419
00	0009420
00	0009421
00	0009422
00	0009423
00	0009424
00	0009425
00	0009426
00	0009427
00	0009428
00	0009429
00	0009430
00	0009431
00	0009432
00	0009433
00	0009434
00	0009435
00	0009436
00	0009437
00	0009438
00	0009439
00	0009440
00	0009441
00	0009442
00	0009443
00	0009444
00	0009445
00	0009446
00	0009447
00	0009448
00	0009449
00	0009450
00	0009451
00	0009452
00	0009453
00	0009454
00	0009455
00	0009456
00	0009457
00	0009458
00	0009459
00	0009460
00	0009461
00	0009462
00	0009463
00	0009464
00	0009465
00	0009466
00	0009467
00	0009468
00	0009469
00	0009470
00	0009471
00	0009472
00	0009473
00	0009474
00	0009475
00	0009476
00	0009477
00	0009478
00	0009479
00	0009480
00	0009481
00	0009482
00	0009483
00	0009484
00	0009485
00	0009486
00	0009487
00	0009488
00	0009489
00	0009490
00	0009491
00	0009492
00	0009493
00	0009494
00	0009495
00	0009496
00	0009497
00	0009498
00	0009499
00	0009500
00	0009501
00	0009502
00	0009503
00	0009504
00	0009505
00	0009506
00	0009507
00	0009508
00	0009509
00	0009510
00	0009511
00	0009512
00	0009513
00	0009514
00	0009515
00	0009516
00	0009517
00	0009518
00	0009519
00	0009520
00	0009521
00	0009522
00	0009523
00	0009524
00	0009525
00	0009526
00	0009527
00	0009528
00	0009529
00	0009530
00	0009531
00	0009532
00	0009533
00	0009534
00	0009535
00	0009536
00	0009537
00	0009538
00	0009539
00	0009540
00	0009541
00	0009542
00	0009543
00	0009544
00	0009545
00	0009546
00	0009547
00	0009548
00	0009549
00	0009550
00	0009551
00	0009552
00	0009553
00	0009554
00	0009555
00	0009556
00	0009557
00	0009558
00	0009559
00	0009560
00	0009561
00	0009562
00	0009563
00	0009564
00	0009565
00	0009566
00	0009567
00	0009568
00	0009569
00	0009570
00	0009571
00	0009572
00	0009573
00	0009574
00	0009575
00	0009576
00	0009577
00	0009578
00	0009579
00	0009580
00	0009581
00	0009583
00	0009584
00	0009585
00	0009587
00	0009588
00	0009589
00	0009590
00	0009591
00	0009592
00	0009593
00	0009594
00	0009595
00	0009596
00	0009597
00	0009598
00	0009599
00	0009600
00	0009601
00	0009602
00	0009603
00	0009604
00	0009605
00	0009606
00	0009607
00	0009608
00	0009609
00	0009610
00	0009611
00	0009612
00	0009613
00	0009614
00	0009615
00	0009616
00	0009617
00	0009618
00	0009619
00	0009620
00	0009621
00	0009622
00	0009623
00	0009624
00	0009625
00	0009626
00	0009627
00	0009628
00	0009629
00	0009630
00	0009631
00	0009632
01	0009633
01	0009634
01	0009635
01	0009636
01	0009637
01	0009638
01	0009639
01	0009640
01	0009641
01	0009642
01	0009643
01	0009644
01	0009645
01	0009646
01	0009647
01	0009648
01	0009649
01	0009650
01	0009651
01	0009652
01	0009653
01	0009654
01	0009655
01	0009656
01	0009657
01	0009658
01	0009659
01	0009660
01	0009661
01	0009662
01	0009663
01	0009664
01	0009665
01	0009666
01	0009667
01	0009668
01	0009669
01	0009670
01	0009671
01	0009672
01	0009673
01	0009674
01	0009675
01	0009676
01	0009677
01	0009678
01	0009679
01	0009680
01	0009681
01	0009682
01	0009683
01	0009684
01	0009685
01	0009686
01	0009687
01	0009688
01	0009689
01	0009690
01	0009691
01	0009692
01	0009693
01	0009694
01	0009695
01	0009696
01	0009697
01	0009698
01	0009699
01	0009700
01	0009701
01	0009702
01	0009703
01	0009704
01	0009705
01	0009706
01	0009707
01	0009708
01	0009709
01	0009710
01	0009711
01	0009712
01	0009713
01	0009714
01	0009715
01	0009716
01	0009717
01	0009718
01	0009719
01	0009720
01	0009721
01	0009722
01	0009723
01	0009724
01	0009725
01	0009726
01	0009727
01	0009728
01	0009729
01	0009730
01	0009731
01	0009732
01	0009733
01	0009734
01	0009735
01	0009736
01	0009737
01	0009738
01	0009739
01	0009740
01	0009741
01	0009742
01	0009743
01	0009744
01	0009745
01	0009746
01	0009747
01	0009748
01	0009749
01	0009750
01	0009751
01	0009752
01	0009753
01	0009754
01	0009755
01	0009756
01	0009757
01	0009758
01	0009759
01	0009760
01	0009761
01	0009762
01	0009763
01	0009764
01	0009765
01	0009766
01	0009767
01	0009768
01	0009769
01	0009770
01	0009771
01	0009772
01	0009773
01	0009774
01	0009775
01	0009776
01	0009777
01	0009778
01	0009779
01	0009780
01	0009781
01	0009782
01	0009783
01	0009784
01	0009785
01	0009786
01	0009787
01	0009788
01	0009789
01	0009790
01	0009791
01	0009792
01	0009793
01	0009794
01	0009795
01	0009796
01	0009797
01	0009798
01	0009799
01	0009800
01	0009801
01	0009802
01	0009803
01	0009804
01	0009805
01	0009806
01	0009807
01	0009808
01	0009809
01	0009810
01	0009811
01	0009812
01	0009813
01	0009814
01	0009815
01	0009816
01	0009817
01	0009818
01	0009819
01	0009820
01	0009821
01	0009822
01	0009823
01	0009824
01	0009825
01	0009826
01	0009827
01	0009828
01	0009829
01	0009830
01	0009831
01	0009832
01	0009833
01	0009834
01	0009835
01	0009836
01	0009837
01	0009838
01	0009839
01	0009840
01	0009841
01	0009842
01	0009843
01	0009844
01	0009845
01	0009846
01	0009847
01	0009848
01	0009849
01	0009850
01	0009851
01	0009852
01	0009853
01	0009854
01	0009855
01	0009856
01	0009857
01	0009858
01	0009859
01	0009860
01	0009861
01	0009862
01	0009863
01	0009864
01	0009865
01	0009866
01	0009867
01	0009868
01	0009869
01	0009870
01	0009871
01	0009872
01	0009873
01	0009874
01	0009875
01	0009876
01	0009877
01	0009878
01	0009879
01	0009880
01	0009881
01	0009882
01	0009883
01	0009884
01	0009885
01	0009886
01	0009887
01	0009888
01	0009889
01	0009890
01	0009891
01	0009892
01	0009893
01	0009894
01	0009895
01	0009896
01	0009897
01	0009898
01	0009899
01	0009900
01	0009901
01	0009902
01	0009903
01	0009904
01	0009905
01	0009906
01	0009907
01	0009908
01	0009909
01	0009910
01	0009911
01	0009912
01	0009913
01	0009914
01	0009915
01	0009916
01	0009917
01	0009918
01	0009919
01	0009920
01	0009921
01	0009922
01	0009923
01	0009924
01	0009925
01	0009926
01	0009927
01	0009928
01	0009929
01	0009930
01	0009931
01	0009932
01	0009933
01	0009934
01	0009935
01	0009936
01	0009937
01	0009938
01	0009939
01	0009940
01	0009941
01	0009942
01	0009943
01	0009944
01	0009945
01	0009946
01	0009947
01	0009948
01	0009949
01	0009950
01	0009951
01	0009952
01	0009953
01	0009954
01	0009955
01	0009956
01	0009957
01	0009958
01	0009959
01	0009960
01	0009961
01	0009962
01	0009963
01	0009964
01	0009965
01	0009966
01	0009967
01	0009968
01	0009969
01	0009970
01	0009971
01	0009972
01	0009973
01	0009974
01	0009975
01	0009976
01	0009977
01	0009978
01	0009979
01	0009980
01	0009981
01	0009982
01	0009983
01	0009984
01	0009985
01	0009986
01	0009987
01	0009988
01	0009989
01	0009990
01	0009991
01	0009992
01	0009993
01	0009994
01	0009995
01	0009996
01	0009997
01	0009998
01	0009999
01	0010000
01	0010001
01	0010002
01	0010003
01	0010004
01	0010005
01	0010006
01	0010007
01	0010008
01	0010009
01	0010010
01	0010011
01	0010012
01	0010013
01	0010014
01	0010015
01	0010016
01	0010017
01	0010018
01	0010019
01	0010020
01	0010021
01	0010022
01	0010023
01	0010024
01	0010025
01	0010026
01	0010027
01	0010028
01	0010029
01	0010030
01	0010031
01	0010032
01	0010033
01	0010034
01	0010035
01	0010036
01	0010037
01	0010038
01	0010039
01	0010040
01	0010041
01	0010042
01	0010043
01	0010044
01	0010045
01	0010046
01	0010047
01	0010048
01	0010049
01	0010050
01	0010051
01	0010052
01	0010053
01	0010054
01	0010055
01	0010056
01	0010057
01	0010058
01	0010059
01	0010060
01	0010061
01	0010062
01	0010063
01	0010064
01	0010065
01	0010066
01	0010067
01	0010068
01	0010069
01	0010070
01	0010071
01	0010072
01	0010073
01	0010074
01	0010075
01	0010076
01	0010077
01	0010078
01	0010079
01	0010080
01	0010081
01	0010082
01	0010083
01	0010084
01	0010085
01	0010086
01	0010087
01	0010088
01	0010089
01	0010090
01	0010091
01	0010092
01	0010093
01	0010094
01	0010095
01	0010096
01	0010097
01	0010098
01	0010099
01	0010100
01	0010101
01	0010102
01	0010103
01	0010104
01	0010105
01	0010106
01	0010107
01	0010108
01	0010109
01	0010110
01	0010111
01	0010112
01	0010113
01	0010114
01	0010115
01	0010116
01	0010117
01	0010118
01	0010119
01	0010120
01	0010121
01	0010122
01	0010123
01	0010124
01	0010125
01	0010126
01	0010127
01	0010128
01	0010129
01	0010130
01	0010131
01	0010132
01	0010133
01	0010134
01	0010135
01	0010136
01	0010137
01	0010138
01	0010139
01	0010140
01	0010141
01	0010142
01	0010143
01	0010144
01	0010145
01	0010146
01	0010147
01	0010148
01	0010149
01	0010150
01	0010151
01	0010152
01	0010153
01	0010154
01	0010155
01	0010156
01	0010157
01	0010158
01	0010159
01	0010160
01	0010161
01	0010162
01	0010163
01	0010164
01	0010165
01	0010166
01	0010167
01	0010168
01	0010169
01	0010170
01	0010171
01	0010172
01	0010173
01	0010174
01	0010175
01	0010176
01	0010177
01	0010178
01	0010179
01	0010180
01	0010181
01	0010182
01	0010183
01	0010184
01	0010185
01	0010186
01	0010187
01	0010188
01	0010189
01	0010190
01	0010191
01	0010192
01	0010193
01	0010194
01	0010195
01	0010196
01	0010197
01	0010198
01	0010199
01	0010200
01	0010201
01	0010202
01	0010203
01	0010204
01	0010205
01	0010206
01	0010207
01	0010208
01	0010209
01	0010210
01	0010211
01	0010212
01	0010213
01	0010214
01	0010215
01	0010216
01	0010217
01	0010218
01	0010219
01	0010220
01	0010221
01	0010222
01	0010223
01	0010224
01	0010225
01	0010226
01	0010227
01	0010228
01	0010229
01	0010230
01	0010231
01	0010232
01	0010233
01	0010234
01	0010235
01	0010236
01	0010237
01	0010238
01	0010239
01	0010240
01	0010241
01	0010242
01	0010243
01	0010244
01	0010245
01	0010246
01	0010247
01	0010248
01	0010249
01	0010250
01	0010251
01	0010252
01	0010253
01	0010254
01	0010255
01	0010256
01	0010257
01	0010258
01	0010259
01	0010260
01	0010261
01	0010262
01	0010263
01	0010264
01	0010265
01	0010266
01	0010267
01	0010268
01	0010269
01	0010270
01	0010271
01	0010272
01	0010273
01	0010274
01	0010275
01	0010276
01	0010277
01	0010278
01	0010279
01	0010280
01	0010281
01	0010282
01	0010283
01	0010284
01	0010285
01	0010286
01	0010287
01	0010288
01	0010289
01	0010290
01	0010291
01	0010292
01	0010293
01	0010294
01	0010295
01	0010296
01	0010297
01	0010298
01	0010299
01	0010300
01	0010301
01	0010302
01	0010303
01	0010304
01	0010305
01	0010306
01	0010307
01	0010308
01	0010309
01	0010310
01	0010311
01	0010312
01	0010313
01	0010314
01	0010315
01	0010316
01	0010317
01	0010318
01	0010319
01	0010320
01	0010321
01	0010322
01	0010323
01	0010324
01	0010325
01	0010326
01	0010327
01	0010328
01	0010329
01	0010330
01	0010331
01	0010332
01	0010333
01	0010334
01	0010335
01	0010336
01	0010337
01	0010338
01	0010339
01	0010340
01	0010341
01	0010342
01	0010343
01	0010344
01	0010345
01	0010346
01	0010347
01	0010348
01	0010349
01	0010350
01	0010351
01	0010352
01	0010353
01	0010354
01	0010355
01	0010356
01	0010357
01	0010358
01	0010359
01	0010360
01	0010361
01	0010362
01	0010363
01	0010364
01	0010365
01	0010366
01	0010367
01	0010368
01	0010369
01	0010370
01	0010371
01	0010372
01	0010373
01	0010374
01	0010375
01	0010376
01	0010377
01	0010378
01	0010379
01	0010380
01	0010381
01	0010382
01	0010383
01	0010384
01	0010385
01	0010386
01	0010387
01	0010388
01	0010389
01	0010390
01	0010391
01	0010392
01	0010393
01	0010394
01	0010395
01	0010396
01	0010397
01	0010398
01	0010399
01	0010400
01	0010401
01	0010402
01	0010403
01	0010404
01	0010405
01	0010406
01	0010407
01	0010408
01	0010409
01	0010410
01	0010411
01	0010412
01	0010413
01	0010414
01	0010415
01	0010416
01	0010417
01	0010418
01	0010419
01	0010420
01	0010421
01	0010422
01	0010423
01	0010424
01	0010425
01	0010426
01	0010427
01	0010428
01	0010429
01	0010430
01	0010431
01	0010432
01	0010433
01	0010434
01	0010435
01	0010436
01	0010437
01	0010438
01	0010439
01	0010440
01	0010441
01	0010442
01	0010443
01	0010444
01	0010445
01	0010446
01	0010447
01	0010448
01	0010449
01	0010450
01	0010451
01	0010452
01	0010453
01	0010454
01	0010455
01	0010456
01	0010457
01	0010458
01	0010459
01	0010460
01	0010461
01	0010462
01	0010463
01	0010464
01	0010465
01	0010466
01	0010467
01	0010468
01	0010469
01	0010470
01	0010471
01	0010472
01	0010473
01	0010474
01	0010475
01	0010476
01	0010477
01	0010478
01	0010479
01	0010480
01	0010481
01	0010482
01	0010483
01	0010484
01	0010485
01	0010486
01	0010487
01	0010488
01	0010489
01	0010490
01	0010491
01	0010492
01	0010493
01	0010494
01	0010495
01	0010496
01	0010497
01	0010498
01	0010499
01	0010500
01	0010501
01	0010502
01	0010503
01	0010504
01	0010505
01	0010506
01	0010507
01	0010508
01	0010509
01	0010510
01	0010511
01	0010512
01	0010513
01	0010514
01	0010515
01	0010516
01	0010517
01	0010518
01	0010519
01	0010520
01	0010521
01	0010522
01	0010523
01	0010524
01	0010525
01	0010526
01	0010527
01	0010528
01	0010529
01	0010530
01	0010531
01	0010532
01	0010533
01	0010534
01	0010535
01	0010536
01	0010537
01	0010538
01	0010539
01	0010540
01	0010541
01	0010542
01	0010543
01	0010544
01	0010545
01	0010546
01	0010547
01	0010548
01	0010549
01	0010550
01	0010551
01	0010552
01	0010553
01	0010554
01	0010555
01	0010556
01	0010557
01	0010558
01	0010559
01	0010560
01	0010561
01	0010562
01	0010563
01	0010564
01	0010565
01	0010566
01	0010567
01	0010568
01	0010569
01	0010570
01	0010571
01	0010572
01	0010573
01	0010574
01	0010575
01	0010576
01	0010577
01	0010578
01	0010579
01	0010580
01	0010581
01	0010582
01	0010583
01	0010584
01	0010585
01	0010586
01	0010587
01	0010588
01	0010589
01	0010590
01	0010591
01	0010592
01	0010593
01	0010594
01	0010595
01	0010596
01	0010597
01	0010598
01	0010599
01	0010600
01	0010601
01	0010602
01	0010603
01	0010604
01	0010605
01	0010606
01	0010607
01	0010608
01	0010609
01	0010610
01	0010611
01	0010612
01	0010613
01	0010614
01	0010615
01	0010616
01	0010617
01	0010618
01	0010619
01	0010620
01	0010621
01	0010622
01	0010623
01	0010624
01	0010625
01	0010626
01	0010627
01	0010628
01	0010629
01	0010630
01	0010631
01	0010632
01	0010633
01	0010634
01	0010635
01	0010636
01	0010637
01	0010638
01	0010639
01	0010640
01	0010641
01	0010642
01	0010643
01	0010644
01	0010645
01	0010646
01	0010647
01	0010648
01	0010649
01	0010650
01	0010651
01	0010652
01	0010653
01	0010654
01	0010655
01	0010656
01	0010657
01	0010658
01	0010659
01	0010660
01	0010661
01	0010662
01	0010663
01	0010664
01	0010665
01	0010666
01	0010667
01	0010668
01	0010669
01	0010670
01	0010671
01	0010672
01	0010673
01	0010674
01	0010675
01	0010676
01	0010677
01	0010678
01	0010679
01	0010680
01	0010681
01	0010682
01	0010683
01	0010684
01	0010685
01	0010686
01	0010687
01	0010688
01	0010689
01	0010690
01	0010691
01	0010692
01	0010693
01	0010694
01	0010695
01	0010696
01	0010697
01	0010698
01	0010699
01	0010700
01	0010701
01	0010702
01	0010703
01	0010704
01	0010705
01	0010706
01	0010707
01	0010708
01	0010709
01	0010710
01	0010711
01	0010712
01	0010713
01	0010714
01	0010715
01	0010716
01	0010717
01	0010718
01	0010719
01	0010720
01	0010721
01	0010722
01	0010723
01	0010724
01	0010725
01	0010726
01	0010727
01	0010728
01	0010729
01	0010730
01	0010731
01	0010732
01	0010733
01	0010734
01	0010735
01	0010736
01	0010737
01	0010738
01	0010739
01	0010740
01	0010741
01	0010742
01	0010743
01	0010744
01	0010745
01	0010746
01	0010747
01	0010748
01	0010749
01	0010750
01	0010751
01	0010752
01	0010753
01	0010754
01	0010755
01	0010756
01	0010757
01	0010758
01	0010759
01	0010760
01	0010761
01	0010762
01	0010763
01	0010764
01	0010765
01	0010766
01	0010767
01	0010768
01	0010769
01	0010770
01	0010771
01	0010772
01	0010773
01	0010774
01	0010775
01	0010776
01	0010777
01	0010778
01	0010779
01	0010780
01	0010781
01	0010782
01	0010783
01	0010784
01	0010785
01	0010786
01	0010787
01	0010788
01	0010789
01	0010790
01	0010791
01	0010792
01	0010793
01	0010794
01	0010795
01	0010796
01	0010797
01	0010798
01	0010799
01	0010800
01	0010801
01	0010802
01	0010803
01	0010804
01	0010805
01	0010806
01	0010807
01	0010808
01	0010809
01	0010810
01	0010811
01	0010812
01	0010813
01	0010814
01	0010815
01	0010816
01	0010817
01	0010818
01	0010819
01	0010820
01	0010821
01	0010822
01	0010823
01	0010824
01	0010825
01	0010826
01	0010827
01	0010828
01	0010829
01	0010830
01	0010831
01	0010832
01	0010833
01	0010834
01	0010835
01	0010836
01	0010837
01	0010838
01	0010839
01	0010840
01	0010841
01	0010842
01	0010843
01	0010844
01	0010845
01	0010846
01	0010847
01	0010848
01	0010849
01	0010850
01	0010851
01	0010852
01	0010853
01	0010854
01	0010855
01	0010856
01	0010857
01	0010858
01	0010859
01	0010860
01	0010861
01	0010862
01	0010863
01	0010864
01	0010865
01	0010866
01	0010867
01	0010868
01	0010869
01	0010870
01	0010871
01	0010872
01	0010873
01	0010874
01	0010875
01	0010876
01	0010877
01	0010878
01	0010879
01	0010880
01	0010881
01	0010882
01	0010883
01	0010884
01	0010885
01	0010886
01	0010887
01	0010888
01	0010889
01	0010890
01	0010891
01	0010892
01	0010893
01	0010894
01	0010895
01	0010896
01	0010897
01	0010898
01	0010899
01	0010900
01	0010901
01	0010902
01	0010903
01	0010904
01	0010905
01	0010906
01	0010907
01	0010908
01	0010909
01	0010910
01	0010911
01	0010912
01	0010913
01	0010914
01	0010915
01	0010916
01	0010917
01	0010918
01	0010919
01	0010920
01	0010921
01	0010922
01	0010923
01	0010924
01	0010925
01	0010926
01	0010927
01	0010928
01	0010929
01	0010930
01	0010931
01	0010932
01	0010934
01	0010935
01	0010936
01	0010937
01	0010938
01	0010939
01	0010940
01	0010941
01	0010942
01	0010943
01	0010944
01	0010945
01	0010946
01	0010947
01	0010948
01	0010949
01	0010950
01	0010951
01	0010952
01	0010953
01	0010954
01	0010955
01	0010956
01	0010957
01	0010958
01	0010959
01	0010961
01	0010962
01	0010963
01	0010964
01	0010965
01	0010966
01	0010967
01	0010968
01	0010969
01	0010970
01	0010971
01	0010972
01	0010973
01	0010974
01	0010975
01	0010976
01	0010977
01	0010978
01	0010979
01	0010980
01	0010981
01	0010982
01	0010983
01	0010984
01	0010985
01	0010986
01	0010987
01	0010988
01	0010989
01	0010990
01	0010991
01	0010992
01	0010993
01	0010994
01	0010995
01	0010996
01	0010997
01	0010998
01	0010999
01	0011000
01	0011001
01	0011002
01	0011003
01	0011004
01	0011005
01	0011006
01	0011007
01	0011008
01	0011009
01	0011010
01	0011011
01	0011012
01	0011013
01	0011014
01	0011015
01	0011016
01	0011017
01	0011018
01	0011019
01	0011020
01	0011021
01	0011022
01	0011023
01	0011024
01	0011025
01	0011026
01	0011027
01	0011028
01	0011029
01	0011030
01	0011031
01	0011032
01	0011033
01	0011034
01	0011035
01	0011036
01	0011037
01	0011038
01	0011039
01	0011040
01	0011041
01	0011042
01	0011043
01	0011044
01	0011045
01	0011046
01	0011047
01	0011048
01	0011049
01	0011050
01	0011051
01	0011052
01	0011053
01	0011054
01	0011055
01	0011056
01	0011057
01	0011058
01	0011059
01	0011060
01	0011061
01	0011062
01	0011063
01	0011064
01	0011065
01	0011066
01	0011067
01	0011068
01	0011069
01	0011070
01	0011071
01	0011072
01	0011073
01	0011074
01	0011075
01	0011076
01	0011077
01	0011078
01	0011079
01	0011080
01	0011081
01	0011082
01	0011083
01	0011084
01	0011085
01	0011086
01	0011087
01	0011088
01	0011089
01	0011090
01	0011091
01	0011092
01	0011093
01	0011094
01	0011095
01	0011096
01	0011097
01	0011098
01	0011099
01	0011100
01	0011101
01	0011102
01	0011103
01	0011104
01	0011105
01	0011106
01	0011107
01	0011108
01	0011109
01	0011110
01	0011111
01	0011112
01	0011113
01	0011114
01	0011115
01	0011116
01	0011117
01	0011118
01	0011119
01	0011120
01	0011121
01	0011122
01	0011123
01	0011124
01	0011125
01	0011126
01	0011127
01	0011128
01	0011129
01	0011130
01	0011131
01	0011132
01	0011133
01	0011134
01	0011135
01	0011136
01	0011137
01	0011138
01	0011139
01	0011140
01	0011141
01	0011142
01	0011143
01	0011144
01	0011145
01	0011146
01	0011147
01	0011148
01	0011149
01	0011150
01	0011151
01	0011152
01	0011153
01	0011154
01	0011155
01	0011156
01	0011157
01	0011158
01	0011159
01	0011160
01	0011161
01	0011162
01	0011163
01	0011164
01	0011165
01	0011166
01	0011167
01	0011168
01	0011169
01	0011170
01	0011171
01	0011172
01	0011173
01	0011174
01	0011175
01	0011176
01	0011177
01	0011178
01	0011179
01	0011180
01	0011181
01	0011182
01	0011183
01	0011184
01	0011185
01	0011186
01	0011187
01	0011188
01	0011189
01	0011190
01	0011191
01	0011192
01	0011193
01	0011194
01	0011195
01	0011196
01	0011197
01	0011198
01	0011199
01	0011200
01	0011201
01	0011202
01	0011203
01	0011204
01	0011205
01	0011206
01	0011207
01	0011208
01	0011209
01	0011210
01	0011211
01	0011212
01	0011213
01	0011214
01	0011215
01	0011216
01	0011217
01	0011218
01	0011219
01	0011220
01	0011221
01	0011222
01	0011223
01	0011224
01	0011225
01	0011226
01	0011227
01	0011228
01	0011229
01	0011230
01	0011231
01	0011232
01	0011233
01	0011234
01	0011235
01	0011236
01	0011237
01	0011238
01	0011239
01	0011240
01	0011241
01	0011242
01	0011243
01	0011244
01	0011245
01	0011246
01	0011247
01	0011248
01	0011249
01	0011250
01	0011251
01	0011252
01	0011253
01	0011254
01	0011255
01	0011256
01	0011257
01	0011258
01	0011259
01	0011260
01	0011261
01	0011262
01	0011263
01	0011264
01	0011265
01	0011266
01	0011267
01	0011268
01	0011269
01	0011270
01	0011271
01	0011272
01	0011273
01	0011274
01	0011275
01	0011276
01	0011277
01	0011278
01	0011279
01	0011280
01	0011281
01	0011282
01	0011283
01	0011284
01	0011285
01	0011286
01	0011287
01	0011288
01	0011289
01	0011290
01	0011291
01	0011292
01	0011293
01	0011294
01	0011295
01	0011298
01	0011299
01	0011300
01	0011301
01	0011302
01	0011303
01	0011304
01	0011305
01	0011306
01	0011307
01	0011308
01	0011309
01	0011310
01	0011311
01	0011312
01	0011313
01	0011314
01	0011315
01	0011316
01	0011317
01	0011318
01	0011319
01	0011320
01	0011321
01	0011322
01	0011323
01	0011324
01	0011325
01	0011326
01	0011327
01	0011328
01	0011329
01	0011330
01	0011331
01	0011332
01	0011333
01	0011334
01	0011335
01	0011336
01	0011337
01	0011338
01	0011339
01	0011340
01	0011341
01	0011342
01	0011343
01	0011344
01	0011345
01	0011346
01	0011347
01	0011348
01	0011349
01	0011350
01	0011351
01	0011352
01	0011353
01	0011354
01	0011355
01	0011356
01	0011357
01	0011358
01	0011359
01	0011360
01	0011361
01	0011362
01	0011363
01	0011364
01	0011365
01	0011366
01	0011367
01	0011368
01	0011369
01	0011370
01	0011371
01	0011372
01	0011373
01	0011374
01	0011375
01	0011376
01	0011377
01	0011378
01	0011379
01	0011380
01	0011381
01	0011382
01	0011383
01	0011384
01	0011385
01	0011386
01	0011387
01	0011388
01	0011389
01	0011390
01	0011391
01	0011392
01	0011393
01	0011394
01	0011395
01	0011396
01	0011397
01	0011398
01	0011399
01	0011400
01	0011401
01	0011402
01	0011403
01	0011404
01	0011405
01	0011406
01	0011407
01	0011408
01	0011409
01	0011410
01	0011411
01	0011412
01	0011413
01	0011414
01	0011415
01	0011416
01	0011417
01	0011418
01	0011419
01	0011420
01	0011421
01	0011422
01	0011423
01	0011424
01	0011425
01	0011426
01	0011427
01	0011428
01	0011429
01	0011430
01	0011431
01	0011432
01	0011433
01	0011434
01	0011435
01	0011436
01	0011437
01	0011438
01	0011439
01	0011440
01	0011441
01	0011442
01	0011443
01	0011444
01	0011445
01	0011446
01	0011447
01	0011448
01	0011449
01	0011450
01	0011451
01	0011452
01	0011453
01	0011454
01	0011455
01	0011456
01	0011457
01	0011458
01	0011459
01	0011460
01	0011461
01	0011462
01	0011463
01	0011464
01	0011465
01	0011466
01	0011467
01	0011468
01	0011469
01	0011470
01	0011471
01	0011472
01	0011473
01	0011474
01	0011475
01	0011476
01	0011477
01	0011478
01	0011479
01	0011480
01	0011481
01	0011482
01	0011483
01	0011484
01	0011485
01	0011486
01	0011487
01	0011488
01	0011489
01	0011490
01	0011491
01	0011492
01	0011493
01	0011494
01	0011495
01	0011496
01	0011497
01	0011498
01	0011499
01	0011500
01	0011501
01	0011502
01	0011503
01	0011504
01	0011505
01	0011506
01	0011507
01	0011508
01	0011509
01	0011510
01	0011511
01	0011512
01	0011513
01	0011514
01	0011515
01	0011516
01	0011517
01	0011518
01	0011519
01	0011520
01	0011521
01	0011522
01	0011523
01	0011524
01	0011525
01	0011526
01	0011527
01	0011528
01	0011529
01	0011530
01	0011531
01	0011532
01	0011533
01	0011534
01	0011535
01	0011536
01	0011537
01	0011538
01	0011539
01	0011540
01	0011541
01	0011542
01	0011543
01	0011544
01	0011545
01	0011546
01	0011547
01	0011548
01	0011549
01	0011550
01	0011551
01	0011552
01	0011553
01	0011554
01	0011555
01	0011556
01	0011557
01	0011558
01	0011559
01	0011560
01	0011561
01	0011562
01	0011563
01	0011564
01	0011565
01	0011566
01	0011567
01	0011568
01	0011569
01	0011570
01	0011571
01	0011572
01	0011573
01	0011574
01	0011575
01	0011576
01	0011577
01	0011578
01	0011579
01	0011580
01	0011581
01	0011582
01	0011583
01	0011584
01	0011585
01	0011586
01	0011587
01	0011588
01	0011589
01	0011590
01	0011591
01	0011592
01	0011593
01	0011594
01	0011595
01	0011596
01	0011597
01	0011598
01	0011599
01	0011600
01	0011601
01	0011602
01	0011603
01	0011604
01	0011605
01	0011606
01	0011607
01	0011608
01	0011609
01	0011610
01	0011611
01	0011612
01	0011613
01	0011614
01	0011615
01	0011616
01	0011617
01	0011618
01	0011619
01	0011620
01	0011621
01	0011622
01	0011623
01	0011624
01	0011625
01	0011626
01	0011627
01	0011628
01	0011629
01	0011630
01	0011631
01	0011632
01	0011633
01	0011634
01	0011635
01	0011636
01	0011637
01	0011638
01	0011639
01	0011640
01	0011641
01	0011642
01	0011643
01	0011644
01	0011645
01	0011646
01	0011647
01	0011648
01	0011649
01	0011650
01	0011651
01	0011652
01	0011653
01	0011654
01	0011655
01	0011656
01	0011657
01	0011658
01	0011659
01	0011660
01	0011661
01	0011662
01	0011663
01	0011664
01	0011665
01	0011666
01	0011667
01	0011668
01	0011669
01	0011670
01	0011671
01	0011672
01	0011673
01	0011674
01	0011675
01	0011676
01	0011677
01	0011678
01	0011679
01	0011680
01	0011681
01	0011682
01	0011683
01	0011684
01	0011685
01	0011686
01	0011687
01	0011688
01	0011689
01	0011690
01	0011691
01	0011692
01	0011693
01	0011694
01	0011695
01	0011696
01	0011697
01	0011698
01	0011699
01	0011700
01	0011701
01	0011702
01	0011703
01	0011704
01	0011705
01	0011706
01	0011707
01	0011708
01	0011709
01	0011710
01	0011711
01	0011712
01	0011713
01	0011714
01	0011715
01	0011716
01	0011717
01	0011718
01	0011719
01	0011720
01	0011721
01	0011722
01	0011723
01	0011724
01	0011725
01	0011726
01	0011727
01	0011728
01	0011729
01	0011730
01	0011731
01	0011732
01	0011733
01	0011734
01	0011735
01	0011736
01	0011737
01	0011738
01	0011739
01	0011740
01	0011741
01	0011742
01	0011743
01	0011744
01	0011745
01	0011746
01	0011747
01	0011748
01	0011749
01	0011750
01	0011751
01	0011752
01	0011753
01	0011754
01	0011755
01	0011756
01	0011757
01	0011758
01	0011759
01	0011760
01	0011761
01	0011762
01	0011763
01	0011764
01	0011765
01	0011766
01	0011767
01	0011768
01	0011769
01	0011770
01	0011771
01	0011772
01	0011773
01	0011774
01	0011775
01	0011776
01	0011777
01	0011778
01	0011779
01	0011780
01	0011781
01	0011782
01	0011783
01	0011784
01	0011785
01	0011786
01	0011787
01	0011788
01	0011789
01	0011790
01	0011791
01	0011792
01	0011793
01	0011794
01	0011795
01	0011796
01	0011797
01	0011798
01	0011799
01	0011800
01	0011801
01	0011802
01	0011803
01	0011804
01	0011805
01	0011806
01	0011807
01	0011808
01	0011809
01	0011810
01	0011811
01	0011812
01	0011813
01	0011814
01	0011815
01	0011816
01	0011817
01	0011818
01	0011819
01	0011820
01	0011821
01	0011822
01	0011823
01	0011824
01	0011825
01	0011826
01	0011827
01	0011828
01	0011829
01	0011830
01	0011831
01	0011832
01	0011833
01	0011834
01	0011835
01	0011836
01	0011837
01	0011838
01	0011839
01	0011840
01	0011841
01	0011842
01	0011843
01	0011844
01	0011845
01	0011846
01	0011847
01	0011848
01	0011849
01	0011850
01	0011851
01	0011852
01	0011853
01	0011854
01	0011855
01	0011856
01	0011857
01	0011858
01	0011859
01	0011860
01	0011861
01	0011862
01	0011863
01	0011864
01	0011865
01	0011866
01	0011867
01	0011868
01	0011869
01	0011870
01	0011871
01	0011872
01	0011873
01	0011874
01	0011875
01	0011876
01	0011877
01	0011878
01	0011879
01	0011880
01	0011881
01	0011882
01	0011883
01	0011884
01	0011885
01	0011886
01	0011887
01	0011888
01	0011889
01	0011890
01	0011891
01	0011892
01	0011893
01	0011894
01	0011895
01	0011896
01	0011897
01	0011898
01	0011899
01	0011900
01	0011901
01	0011902
01	0011903
01	0011904
01	0011905
01	0011906
01	0011907
01	0011908
01	0011909
01	0011910
01	0011911
01	0011912
01	0011913
01	0011914
01	0011915
01	0011916
01	0011917
01	0011918
01	0011919
01	0011920
01	0011921
01	0011922
01	0011923
01	0011924
01	0011925
01	0011926
01	0011927
01	0011928
01	0011929
01	0011930
01	0011931
01	0011932
01	0011933
01	0011934
01	0011935
01	0011936
01	0011937
01	0011938
01	0011939
01	0011940
01	0011941
01	0011942
01	0011943
01	0011944
01	0011945
01	0011946
01	0011947
01	0011948
01	0011949
01	0011950
01	0011951
01	0011952
01	0011953
01	0011954
01	0011955
01	0011956
01	0011957
01	0011958
01	0011959
01	0011960
01	0011961
01	0011962
01	0011963
01	0011964
01	0011965
01	0011966
01	0011967
01	0011968
01	0011969
01	0011970
01	0011971
01	0011972
01	0011973
01	0011974
01	0011975
01	0011976
01	0011977
01	0011978
01	0011979
01	0011980
01	0011981
01	0011982
01	0011983
01	0011984
01	0011985
01	0011986
01	0011987
01	0011988
01	0011989
01	0011990
01	0011991
01	0011992
01	0011993
01	0011994
01	0011995
01	0011996
01	0011997
01	0011998
01	0011999
01	0012000
01	0012001
01	0012002
01	0012003
01	0012004
01	0012005
01	0012006
01	0012007
01	0012008
01	0012009
01	0012010
01	0012011
01	0012012
01	0012013
01	0012014
01	0012015
01	0012016
01	0012017
01	0012018
01	0012019
01	0012020
01	0012021
01	0012022
01	0012023
01	0012024
01	0012025
01	0012026
01	0012027
01	0012028
01	0012029
01	0012030
01	0012031
01	0012032
01	0012033
01	0012034
01	0012035
01	0012036
01	0012037
01	0012038
01	0012039
01	0012040
01	0012041
01	0012042
01	0012043
01	0012044
01	0012045
01	0012046
01	0012047
01	0012048
01	0012049
01	0012050
01	0012051
01	0012052
01	0012053
01	0012054
01	0012055
01	0012056
01	0012057
01	0012058
01	0012059
01	0012060
01	0012061
01	0012062
01	0012063
01	0012064
01	0012065
01	0012066
01	0012067
01	0012068
01	0012069
01	0012070
01	0012071
01	0012072
01	0012073
01	0012074
01	0012075
01	0012076
01	0012077
01	0012078
01	0012079
01	0012080
01	0012081
01	0012082
01	0012083
01	0012084
01	0012085
01	0012086
01	0012087
01	0012088
01	0012089
01	0012090
01	0012091
01	0012092
01	0012093
01	0012094
01	0012095
01	0012096
01	0012097
01	0012098
01	0012099
01	0012100
01	0012101
01	0012102
01	0012103
01	0012104
01	0012105
01	0012106
01	0012107
01	0012108
01	0012109
01	0012110
01	0012111
01	0012112
01	0012113
01	0012114
01	0012115
01	0012116
01	0012117
01	0012118
01	0012119
01	0012120
01	0012121
01	0012122
01	0012123
01	0012124
01	0012125
01	0012126
01	0012127
01	0012128
01	0012129
01	0012130
01	0012131
01	0012132
01	0012133
01	0012134
01	0012135
01	0012136
01	0012137
01	0012138
01	0012139
01	0012140
01	0012141
01	0012142
01	0012143
01	0012144
01	0012145
01	0012146
01	0012147
01	0012148
01	0012149
01	0012150
01	0012151
01	0012152
01	0012153
01	0012154
01	0012155
01	0012156
01	0012157
01	0012158
01	0012159
01	0012160
01	0012161
01	0012162
01	0012163
01	0012164
01	0012165
01	0012166
01	0012167
01	0012168
01	0012169
01	0012170
01	0012171
01	0012172
01	0012173
01	0012174
01	0012175
01	0012176
01	0012177
01	0012178
01	0012179
01	0012180
01	0012181
01	0012182
01	0012183
01	0012184
01	0012185
01	0012186
01	0012187
01	0012188
01	0012189
01	0012190
01	0012191
01	0012193
01	0012194
01	0012195
01	0012196
01	0012197
01	0012198
01	0012199
01	0012200
01	0012201
01	0012202
01	0012203
01	0012204
01	0012205
01	0012206
01	0012207
01	0012208
01	0012209
01	0012210
01	0012211
01	0012212
01	0012213
01	0012214
01	0012215
01	0012216
01	0012217
01	0012218
01	0012219
01	0012220
01	0012221
01	0012222
01	0012223
01	0012224
01	0012225
01	0012226
01	0012227
01	0012228
01	0012229
01	0012230
01	0012231
01	0012232
01	0012233
01	0012234
01	0012235
01	0012236
01	0012237
01	0012238
01	0012239
01	0012240
01	0012241
01	0012242
01	0012243
01	0012244
01	0012245
01	0012246
01	0012247
01	0012248
01	0012249
01	0012250
01	0012251
01	0012252
01	0012253
01	0012254
01	0012255
01	0012256
01	0012257
01	0012258
01	0012259
01	0012260
01	0012261
01	0012262
01	0012264
01	0012265
01	0012266
01	0012267
01	0012268
01	0012269
01	0012270
01	0012271
01	0012272
01	0012273
01	0012274
01	0012275
01	0012276
01	0012277
01	0012278
01	0012279
01	0012280
01	0012281
01	0012282
01	0012283
01	0012284
01	0012285
01	0012286
01	0012287
01	0012288
01	0012289
01	0012290
01	0012291
01	0012292
01	0012293
01	0012294
01	0012295
01	0012296
01	0012297
01	0012298
01	0012299
01	0012300
01	0012301
01	0012302
01	0012303
01	0012304
01	0012305
01	0012306
01	0012307
01	0012308
01	0012309
01	0012310
01	0012311
01	0012312
01	0012313
01	0012314
01	0012315
01	0012316
01	0012317
01	0012318
01	0012319
01	0012320
01	0012321
01	0012322
01	0012323
01	0012324
01	0012325
01	0012326
01	0012327
01	0012328
01	0012329
01	0012330
01	0012331
01	0012332
01	0012333
01	0012334
01	0012335
01	0012336
01	0012337
01	0012338
01	0012339
01	0012340
01	0012341
01	0012342
01	0012343
01	0012344
01	0012345
01	0012346
01	0012347
01	0012348
01	0012349
01	0012350
01	0012351
01	0012352
01	0012353
01	0012354
01	0012355
01	0012356
01	0012357
01	0012358
01	0012359
01	0012360
01	0012361
01	0012362
01	0012363
01	0012364
01	0012365
01	0012366
01	0012367
01	0012368
01	0012369
01	0012370
01	0012371
01	0012372
01	0012373
01	0012374
01	0012375
01	0012376
01	0012377
01	0012378
01	0012379
01	0012380
01	0012381
01	0012382
01	0012383
01	0012384
01	0012385
01	0012386
01	0012387
01	0012388
01	0012389
01	0012390
01	0012391
01	0012392
01	0012393
01	0012394
01	0012395
01	0012396
01	0012397
01	0012398
01	0012399
01	0012400
01	0012401
01	0012402
01	0012403
01	0012404
01	0012405
01	0012406
01	0012407
01	0012408
01	0012409
01	0012410
01	0012411
01	0012412
01	0012413
01	0012414
01	0012415
01	0012416
01	0012417
01	0012418
01	0012419
01	0012420
01	0012421
01	0012422
01	0012423
01	0012424
01	0012425
01	0012426
01	0012427
01	0012428
01	0012429
01	0012430
01	0012431
01	0012432
01	0012433
01	0012434
01	0012435
01	0012436
01	0012437
01	0012438
01	0012439
01	0012440
01	0012441
01	0012442
01	0012443
01	0012444
01	0012445
01	0012446
01	0012447
01	0012448
01	0012449
01	0012450
01	0012451
01	0012452
01	0012453
01	0012454
01	0012455
01	0012456
01	0012457
01	0012458
01	0012459
01	0012460
01	0012461
01	0012462
01	0012463
01	0012464
01	0012465
01	0012466
01	0012467
01	0012468
01	0012469
01	0012470
01	0012471
01	0012472
01	0012473
01	0012474
01	0012475
01	0012476
01	0012477
01	0012478
01	0012479
01	0012480
01	0012481
01	0012482
01	0012483
01	0012484
01	0012485
01	0012486
01	0012487
01	0012488
01	0012489
01	0012490
01	0012491
01	0012492
01	0012493
01	0012494
01	0012495
01	0012496
01	0012497
01	0012498
01	0012499
01	0012500
01	0012501
01	0012502
01	0012504
01	0012505
01	0012506
01	0012507
01	0012508
01	0012509
01	0012510
01	0012511
01	0012512
01	0012514
01	0012515
01	0012516
01	0012517
01	0012518
01	0012519
01	0012520
01	0012521
01	0012522
01	0012523
01	0012524
01	0012525
01	0012526
01	0012527
01	0012528
01	0012529
01	0012530
01	0012531
01	0012532
01	0012533
01	0012534
01	0012535
01	0012536
01	0012537
01	0012538
01	0012539
01	0012540
01	0012541
01	0012542
01	0012543
01	0012544
01	0012545
01	0012546
01	0012547
01	0012548
01	0012549
01	0012550
01	0012551
01	0012552
01	0012553
01	0012554
01	0012555
01	0012556
01	0012557
01	0012558
01	0012559
01	0012560
01	0012561
01	0012562
01	0012563
01	0012564
01	0012565
01	0012566
01	0012567
01	0012568
01	0012569
01	0012570
01	0012571
01	0012572
01	0012573
01	0012574
01	0012575
01	0012576
01	0012577
01	0012578
01	0012579
01	0012580
01	0012581
01	0012582
01	0012583
01	0012584
01	0012585
01	0012586
01	0012587
01	0012588
01	0012589
01	0012590
01	0012591
01	0012592
01	0012593
01	0012594
01	0012595
01	0012596
01	0012597
01	0012598
01	0012599
01	0012600
01	0012601
01	0012602
01	0012603
01	0012604
01	0012605
01	0012606
01	0012607
01	0012608
01	0012609
01	0012610
01	0012611
01	0012612
01	0012613
01	0012614
01	0012615
01	0012616
01	0012617
01	0012618
01	0012619
01	0012620
01	0012621
01	0012622
01	0012623
01	0012624
01	0012625
01	0012626
01	0012627
01	0012628
01	0012629
01	0012630
01	0012631
01	0012632
01	0012633
01	0012634
01	0012635
01	0012636
01	0012637
01	0012638
01	0012639
01	0012640
01	0012641
01	0012642
01	0012643
01	0012644
01	0012645
01	0012646
01	0012647
01	0012648
01	0012649
01	0012650
01	0012651
01	0012652
01	0012653
01	0012654
01	0012655
01	0012656
01	0012657
01	0012658
01	0012659
01	0012660
01	0012661
01	0012662
01	0012663
01	0012664
01	0012665
01	0012666
01	0012667
01	0012668
01	0012669
01	0012670
01	0012671
01	0012672
01	0012673
01	0012674
01	0012675
01	0012676
01	0012677
01	0012678
01	0012679
01	0012680
01	0012681
01	0012682
01	0012683
01	0012684
01	0012685
01	0012686
01	0012687
01	0012689
01	0012690
01	0012691
01	0012692
01	0012693
01	0012694
01	0012695
01	0012696
01	0012697
01	0012698
01	0012699
01	0012700
01	0012701
01	0012702
01	0012703
01	0012704
01	0012705
01	0012706
01	0012707
01	0012708
01	0012709
01	0012710
01	0012711
01	0012712
01	0012713
01	0012714
01	0012715
01	0012716
01	0012717
01	0012718
01	0012719
01	0012720
01	0012721
01	0012722
01	0012723
01	0012724
01	0012725
01	0012726
01	0012727
01	0012728
01	0012729
01	0012730
01	0012731
01	0012732
01	0012733
01	0012734
01	0012735
01	0012736
01	0012737
01	0012738
01	0012739
01	0012740
01	0012741
01	0012742
01	0012743
01	0012744
01	0012745
01	0012746
01	0012747
01	0012748
01	0012749
01	0012750
01	0012751
01	0012752
01	0012753
01	0012754
01	0012755
01	0012756
01	0012757
01	0012758
01	0012759
01	0012760
01	0012761
01	0012762
01	0012763
01	0012764
01	0012765
01	0012766
01	0012767
01	0012768
01	0012769
01	0012770
01	0012771
01	0012772
01	0012773
01	0012774
01	0012775
01	0012776
01	0012777
01	0012778
01	0012779
01	0012780
01	0012781
01	0012782
01	0012783
01	0012784
01	0012785
01	0012786
01	0012787
01	0012788
01	0012789
01	0012790
01	0012791
01	0012792
01	0012793
01	0012794
01	0012795
01	0012796
01	0012797
01	0012798
01	0012799
01	0012800
01	0012801
01	0012802
01	0012803
01	0012804
01	0012805
01	0012806
01	0012807
01	0012808
01	0012809
01	0012810
01	0012811
01	0012812
01	0012813
01	0012814
01	0012815
01	0012816
01	0012817
01	0012818
01	0012819
01	0012820
01	0012821
01	0012822
01	0012823
01	0012824
01	0012825
01	0012826
01	0012827
01	0012828
01	0012829
01	0012830
01	0012831
01	0012832
01	0012833
01	0012834
01	0012835
01	0012836
01	0012837
01	0012838
01	0012839
01	0012840
01	0012841
01	0012842
01	0012843
01	0012844
01	0012845
01	0012846
01	0012847
01	0012848
01	0012849
01	0012850
01	0012851
01	0012852
01	0012853
01	0012854
01	0012855
01	0012856
01	0012857
01	0012858
01	0012859
01	0012860
01	0012861
01	0012862
01	0012863
01	0012864
01	0012865
01	0012866
01	0012867
01	0012868
01	0012869
01	0012870
01	0012871
01	0012872
01	0012873
01	0012874
01	0012875
01	0012876
01	0012877
01	0012878
01	0012879
01	0012880
01	0012881
01	0012882
01	0012883
01	0012884
01	0012885
01	0012886
01	0012887
01	0012888
01	0012889
01	0012890
01	0012891
01	0012892
01	0012893
01	0012894
01	0012895
01	0012896
01	0012897
01	0012898
01	0012899
01	0012900
01	0012901
01	0012902
01	0012903
01	0012904
01	0012905
01	0012906
01	0012907
01	0012908
01	0012909
01	0012910
01	0012911
01	0012912
01	0012913
01	0012914
01	0012915
01	0012916
01	0012917
01	0012918
01	0012919
01	0012920
01	0012921
01	0012922
01	0012923
01	0012924
01	0012925
01	0012926
01	0012927
01	0012928
01	0012929
01	0012930
01	0012931
01	0012932
01	0012933
01	0012934
01	0012935
01	0012936
01	0012937
01	0012938
01	0012939
01	0012940
01	0012941
01	0012942
01	0012943
01	0012944
01	0012945
01	0012946
01	0012947
01	0012948
01	0012949
01	0012950
01	0012951
01	0012952
01	0012953
01	0012954
01	0012955
01	0012956
01	0012957
01	0012958
01	0012959
01	0012960
01	0012961
01	0012962
01	0012963
01	0012964
01	0012965
01	0012966
01	0012967
01	0012968
01	0012969
01	0012970
01	0012971
01	0012972
01	0012973
01	0012974
01	0012975
01	0012976
01	0012977
01	0012978
01	0012979
01	0012980
01	0012981
01	0012982
01	0012983
01	0012984
01	0012985
01	0012986
01	0012987
01	0012988
01	0012989
01	0012990
01	0012991
01	0012992
01	0012993
01	0012994
01	0012995
01	0012996
01	0012997
01	0012998
01	0012999
01	0013000
01	0013001
01	0013002
01	0013003
01	0013004
01	0013005
01	0013006
01	0013007
01	0013008
01	0013009
01	0013010
01	0013011
01	0013012
01	0013013
01	0013014
01	0013015
01	0013016
01	0013017
01	0013018
01	0013019
01	0013020
01	0013021
01	0013022
01	0013023
01	0013024
01	0013025
01	0013026
01	0013027
01	0013028
01	0013029
01	0013030
01	0013031
01	0013032
01	0013033
01	0013034
01	0013035
01	0013036
01	0013037
01	0013038
01	0013039
01	0013040
01	0013041
01	0013042
01	0013043
01	0013044
01	0013045
01	0013046
01	0013047
01	0013048
01	0013049
01	0013050
01	0013051
01	0013052
01	0013053
01	0013054
01	0013055
01	0013056
01	0013057
01	0013058
01	0013059
01	0013060
01	0013061
01	0013062
01	0013063
01	0013064
01	0013065
01	0013066
01	0013067
01	0013068
01	0013069
01	0013070
01	0013071
01	0013072
01	0013073
01	0013074
01	0013075
01	0013076
01	0013077
01	0013078
01	0013079
01	0013080
01	0013081
01	0013082
01	0013083
01	0013084
01	0013085
01	0013086
01	0013087
01	0013088
01	0013089
01	0013090
01	0013091
01	0013092
01	0013093
01	0013094
01	0013095
01	0013096
01	0013097
01	0013098
01	0013099
01	0013100
01	0013101
01	0013102
01	0013103
01	0013104
01	0013105
01	0013106
01	0013107
01	0013108
01	0013109
01	0013110
01	0013111
01	0013112
01	0013113
01	0013114
01	0013115
01	0013116
01	0013117
01	0013118
01	0013119
01	0013120
01	0013121
01	0013122
01	0013123
01	0013124
01	0013125
01	0013126
01	0013127
01	0013128
01	0013129
01	0013130
01	0013131
01	0013132
01	0013133
01	0013134
01	0013135
01	0013136
01	0013137
01	0013138
01	0013139
01	0013140
01	0013141
01	0013142
01	0013143
01	0013144
01	0013145
01	0013146
01	0013147
01	0013148
01	0013149
01	0013150
01	0013151
01	0013152
01	0013153
01	0013154
01	0013155
01	0013156
01	0013157
01	0013158
01	0013159
01	0013160
01	0013161
01	0013162
01	0013163
01	0013164
01	0013165
01	0013166
01	0013167
01	0013168
01	0013169
01	0013170
01	0013171
01	0013172
01	0013173
01	0013174
01	0013175
01	0013176
01	0013177
01	0013178
01	0013179
01	0013180
01	0013181
01	0013182
01	0013183
01	0013184
01	0013185
01	0013186
01	0013187
01	0013188
01	0013189
01	0013190
01	0013191
01	0013192
01	0013193
01	0013194
01	0013195
01	0013196
01	0013197
01	0013198
01	0013199
01	0013200
01	0013201
01	0013202
01	0013203
01	0013204
01	0013205
01	0013206
01	0013207
01	0013208
01	0013209
01	0013210
01	0013211
01	0013212
01	0013213
01	0013214
01	0013215
01	0013216
01	0013217
01	0013218
01	0013219
01	0013220
01	0013221
01	0013222
01	0013223
01	0013224
01	0013225
01	0013226
01	0013227
01	0013228
01	0013229
01	0013230
01	0013231
01	0013232
01	0013233
01	0013234
01	0013235
01	0013236
01	0013237
01	0013238
01	0013239
01	0013240
01	0013241
01	0013242
01	0013243
01	0013244
01	0013245
01	0013246
01	0013247
01	0013248
01	0013249
01	0013250
01	0013251
01	0013252
01	0013253
01	0013254
01	0013255
01	0013256
01	0013257
01	0013258
01	0013259
01	0013260
01	0013261
01	0013262
01	0013263
01	0013264
01	0013265
01	0013266
01	0013267
01	0013268
01	0013269
01	0013270
01	0013271
01	0013272
01	0013273
01	0013274
01	0013275
01	0013276
01	0013277
01	0013278
01	0013279
01	0013280
01	0013281
01	0013282
01	0013283
01	0013284
01	0013285
01	0013286
01	0013287
01	0013288
01	0013289
01	0013290
01	0013291
01	0013292
01	0013293
01	0013294
01	0013295
01	0013296
01	0013297
01	0013298
01	0013299
01	0013300
01	0013301
01	0013302
01	0013303
01	0013304
01	0013305
01	0013306
01	0013307
01	0013308
01	0013309
01	0013310
01	0013311
01	0013312
01	0013313
01	0013314
01	0013315
01	0013316
01	0013317
01	0013318
01	0013319
01	0013320
01	0013321
01	0013322
01	0013323
01	0013324
01	0013325
01	0013326
01	0013327
01	0013328
01	0013329
01	0013330
01	0013331
01	0013332
01	0013333
01	0013334
01	0013335
01	0013336
01	0013337
01	0013338
01	0013339
01	0013340
01	0013341
01	0013342
01	0013343
01	0013344
01	0013345
01	0013346
01	0013347
01	0013348
01	0013349
01	0013350
01	0013351
01	0013352
01	0013353
01	0013354
01	0013355
01	0013356
01	0013357
01	0013358
01	0013359
01	0013360
01	0013361
01	0013362
01	0013363
01	0013364
01	0013365
01	0013366
01	0013367
01	0013368
01	0013369
01	0013370
01	0013371
01	0013372
01	0013373
01	0013374
01	0013375
01	0013376
01	0013377
01	0013378
01	0013379
01	0013380
01	0013381
01	0013382
01	0013383
01	0013384
01	0013385
01	0013386
01	0013387
01	0013388
01	0013389
01	0013390
01	0013391
01	0013392
01	0013393
01	0013394
01	0013395
01	0013396
01	0013397
01	0013398
01	0013399
01	0013400
01	0013401
01	0013402
01	0013403
01	0013404
01	0013405
01	0013406
01	0013407
01	0013408
01	0013409
01	0013410
01	0013411
01	0013412
01	0013413
01	0013414
01	0013415
01	0013416
01	0013417
01	0013418
01	0013419
01	0013420
01	0013421
01	0013422
01	0013423
01	0013424
01	0013425
01	0013426
01	0013427
01	0013428
01	0013429
01	0013430
01	0013431
01	0013432
01	0013433
01	0013434
01	0013435
01	0013436
01	0013437
01	0013438
01	0013439
01	0013440
01	0013441
01	0013442
01	0013443
01	0013444
01	0013445
01	0013446
01	0013447
01	0013448
01	0013449
01	0013450
01	0013451
01	0013452
01	0013453
01	0013454
01	0013455
01	0013456
01	0013457
01	0013458
01	0013459
01	0013460
01	0013461
01	0013462
01	0013463
01	0013464
01	0013465
01	0013466
01	0013467
01	0013468
01	0013469
01	0013470
01	0013471
01	0013472
01	0013473
01	0013474
01	0013475
01	0013476
01	0013477
01	0013478
01	0013479
01	0013480
01	0013481
01	0013482
01	0013483
01	0013484
01	0013485
01	0013486
01	0013487
01	0013488
01	0013489
01	0013490
01	0013491
01	0013492
01	0013493
01	0013494
01	0013495
01	0013496
01	0013497
01	0013498
01	0013499
01	0013500
01	0013501
01	0013502
01	0013503
01	0013504
01	0013505
01	0013506
01	0013507
01	0013508
01	0013509
01	0013510
01	0013511
01	0013512
01	0013513
01	0013514
01	0013515
01	0013516
01	0013517
01	0013518
01	0013519
01	0013520
01	0013521
01	0013522
01	0013523
01	0013524
01	0013525
01	0013526
01	0013527
01	0013528
01	0013529
01	0013530
01	0013531
01	0013532
01	0013533
01	0013534
01	0013535
01	0013536
01	0013537
01	0013538
01	0013539
01	0013540
01	0013541
01	0013542
01	0013543
01	0013544
01	0013545
01	0013546
01	0013547
01	0013548
01	0013549
01	0013550
01	0013551
01	0013552
01	0013553
01	0013554
01	0013555
01	0013556
01	0013557
01	0013558
01	0013559
01	0013560
01	0013561
01	0013562
01	0013563
01	0013564
01	0013565
01	0013566
01	0013567
01	0013568
01	0013569
01	0013570
01	0013571
01	0013572
01	0013573
01	0013574
01	0013575
01	0013576
01	0013577
01	0013578
01	0013579
01	0013580
01	0013581
01	0013582
01	0013583
01	0013584
01	0013585
01	0013586
01	0013587
01	0013588
01	0013589
01	0013590
01	0013591
01	0013592
01	0013593
01	0013594
01	0013595
01	0013596
01	0013597
01	0013598
01	0013599
01	0013600
01	0013601
01	0013602
01	0013603
01	0013604
01	0013605
01	0013606
01	0013607
01	0013608
01	0013609
01	0013610
01	0013611
01	0013612
01	0013613
01	0013614
01	0013615
01	0013616
01	0013617
01	0013618
01	0013619
01	0013620
01	0013621
01	0013622
01	0013623
01	0013624
01	0013625
01	0013626
01	0013627
01	0013628
01	0013629
01	0013630
01	0013631
01	0013632
01	0013633
01	0013634
01	0013635
01	0013636
01	0013637
01	0013638
01	0013639
01	0013640
01	0013641
01	0013642
01	0013643
01	0013644
01	0013645
01	0013646
01	0013647
01	0013648
01	0013649
01	0013650
01	0013651
01	0013652
01	0013653
01	0013654
01	0013655
01	0013656
01	0013657
01	0013658
01	0013659
01	0013660
01	0013661
01	0013662
01	0013663
01	0013664
01	0013665
01	0013666
01	0013667
01	0013668
01	0013669
01	0013670
01	0013671
01	0013672
01	0013673
01	0013674
01	0013675
01	0013676
01	0013677
01	0013678
01	0013679
01	0013680
01	0013681
01	0013682
01	0013683
01	0013684
01	0013685
01	0013686
01	0013687
01	0013688
01	0013689
01	0013690
01	0013691
01	0013692
01	0013693
01	0013694
01	0013695
01	0013696
01	0013697
01	0013698
01	0013699
01	0013700
01	0013701
01	0013702
01	0013703
01	0013704
01	0013705
01	0013706
01	0013707
01	0013708
01	0013709
01	0013710
01	0013711
01	0013712
01	0013713
01	0013714
01	0013715
01	0013716
01	0013717
01	0013718
01	0013719
01	0013720
01	0013721
01	0013722
01	0013723
01	0013724
01	0013725
01	0013726
01	0013727
01	0013728
01	0013729
01	0013730
01	0013731
01	0013732
01	0013733
01	0013734
01	0013735
01	0013736
01	0013737
01	0013738
01	0013739
01	0013740
01	0013741
01	0013742
01	0013743
01	0013744
01	0013745
01	0013746
01	0013747
01	0013748
01	0013749
01	0013750
01	0013751
01	0013752
01	0013753
01	0013754
01	0013755
01	0013756
01	0013757
01	0013758
01	0013759
01	0013760
01	0013761
01	0013762
01	0013763
01	0013764
01	0013765
01	0013766
01	0013767
01	0013768
01	0013769
01	0013770
01	0013771
01	0013772
01	0013773
01	0013774
01	0013775
01	0013776
01	0013777
01	0013778
01	0013779
01	0013780
01	0013781
01	0013782
01	0013783
01	0013784
01	0013785
01	0013786
01	0013787
01	0013788
01	0013789
01	0013790
01	0013791
01	0013792
01	0013793
01	0013794
01	0013795
01	0013796
01	0013797
01	0013798
01	0013799
01	0013800
01	0013801
01	0013802
01	0013803
01	0013804
01	0013805
01	0013806
01	0013807
01	0013808
01	0013809
01	0013810
01	0013811
01	0013812
01	0013813
01	0013814
01	0013815
01	0013816
01	0013817
01	0013818
01	0013819
01	0013820
01	0013821
01	0013822
01	0013823
01	0013824
01	0013825
01	0013826
01	0013827
01	0013828
01	0013829
01	0013830
01	0013831
01	0013832
01	0013833
01	0013834
01	0013835
01	0013836
01	0013837
01	0013838
01	0013839
01	0013840
01	0013841
01	0013842
01	0013843
01	0013844
01	0013845
01	0013846
01	0013847
01	0013848
01	0013849
01	0013850
01	0013851
01	0013852
01	0013853
01	0013854
01	0013855
01	0013856
01	0013857
01	0013858
01	0013859
01	0013860
01	0013861
01	0013862
01	0013863
01	0013864
01	0013865
01	0013866
01	0013867
01	0013868
01	0013869
01	0013870
01	0013871
01	0013872
01	0013873
01	0013874
01	0013875
01	0013876
01	0013877
01	0013878
01	0013879
01	0013880
01	0013881
01	0013882
01	0013883
01	0013884
01	0013885
01	0013886
01	0013887
01	0013888
01	0013889
01	0013890
01	0013891
01	0013892
01	0013893
01	0013894
01	0013895
01	0013896
01	0013898
01	0013899
01	0013900
01	0013901
01	0013902
01	0013903
01	0013904
01	0013905
01	0013906
01	0013907
01	0013908
01	0013909
01	0013910
01	0013911
01	0013912
01	0013913
01	0013914
01	0013915
01	0013916
01	0013917
01	0013918
01	0013919
01	0013920
01	0013921
01	0013922
01	0013923
01	0013924
01	0013925
01	0013926
01	0013927
01	0013928
01	0013929
01	0013930
01	0013931
01	0013932
01	0013933
01	0013934
01	0013935
01	0013936
01	0013937
01	0013938
01	0013939
01	0013940
01	0013941
01	0013942
01	0013943
01	0013944
01	0013945
01	0013946
01	0013947
01	0013948
01	0013949
01	0013950
01	0013951
01	0013952
01	0013953
01	0013954
01	0013955
01	0013956
01	0013957
01	0013958
01	0013959
01	0013960
01	0013961
01	0013962
01	0013963
01	0013964
01	0013965
01	0013966
01	0013967
01	0013968
01	0013969
01	0013970
01	0013971
01	0013972
01	0013973
01	0013974
01	0013975
01	0013976
01	0013977
01	0013978
01	0013979
01	0013980
01	0013981
01	0013982
01	0013983
01	0013984
01	0013985
01	0013986
01	0013987
01	0013988
01	0013989
01	0013990
01	0013991
01	0013992
01	0013993
01	0013994
01	0013995
01	0013996
01	0013997
01	0013998
01	0013999
01	0014000
01	0014001
01	0014002
01	0014003
01	0014004
01	0014005
01	0014006
01	0014007
01	0014008
01	0014009
01	0014010
01	0014011
01	0014012
01	0014013
01	0014014
01	0014015
01	0014016
01	0014017
01	0014018
01	0014019
01	0014020
01	0014021
01	0014022
01	0014023
01	0014024
01	0014025
01	0014026
01	0014027
01	0014028
01	0014029
01	0014030
01	0014031
01	0014032
01	0014033
01	0014034
01	0014035
01	0014036
01	0014037
01	0014038
01	0014039
01	0014040
01	0014041
01	0014042
01	0014043
01	0014044
01	0014045
01	0014046
01	0014047
01	0014048
01	0014049
01	0014050
01	0014051
01	0014052
01	0014053
01	0014054
01	0014055
01	0014056
01	0014057
01	0014058
01	0014059
01	0014060
01	0014061
01	0014062
01	0014063
01	0014064
01	0014065
01	0014066
01	0014067
01	0014068
01	0014069
01	0014070
01	0014071
01	0014072
01	0014073
01	0014074
01	0014075
01	0014076
01	0014077
01	0014078
01	0014079
01	0014080
01	0014081
01	0014082
01	0014083
01	0014084
01	0014085
01	0014086
01	0014087
01	0014088
01	0014089
01	0014090
01	0014091
01	0014092
01	0014093
01	0014094
01	0014095
01	0014096
01	0014097
01	0014098
01	0014099
01	0014100
01	0014101
01	0014102
01	0014103
01	0014104
01	0014105
01	0014106
01	0014107
01	0014108
01	0014109
01	0014110
01	0014111
01	0014112
01	0014113
01	0014114
01	0014115
01	0014116
01	0014117
01	0014118
01	0014119
01	0014120
01	0014121
01	0014122
01	0014123
01	0014124
01	0014125
01	0014126
01	0014127
01	0014128
01	0014129
01	0014130
01	0014131
01	0014132
01	0014133
01	0014134
01	0014135
01	0014136
01	0014137
01	0014138
01	0014139
01	0014140
01	0014141
01	0014142
01	0014143
01	0014144
01	0014145
01	0014146
01	0014147
01	0014148
01	0014149
01	0014150
01	0014151
01	0014152
01	0014153
01	0014154
01	0014155
01	0014156
01	0014157
01	0014158
01	0014159
01	0014160
01	0014161
01	0014162
01	0014163
01	0014164
01	0014165
01	0014166
01	0014167
01	0014168
01	0014169
01	0014170
01	0014171
01	0014172
01	0014173
01	0014174
01	0014175
01	0014176
01	0014177
01	0014178
01	0014179
01	0014180
01	0014181
01	0014182
01	0014183
01	0014184
01	0014185
01	0014186
01	0014187
01	0014188
01	0014189
01	0014190
01	0014191
01	0014192
01	0014193
01	0014194
01	0014195
01	0014196
01	0014197
01	0014198
01	0014199
01	0014200
01	0014201
01	0014202
01	0014203
01	0014204
01	0014205
01	0014206
01	0014207
01	0014208
01	0014209
01	0014210
01	0014211
01	0014212
01	0014213
01	0014214
01	0014215
01	0014216
01	0014217
01	0014218
01	0014219
01	0014220
01	0014222
01	0014223
01	0014224
01	0014225
01	0014226
01	0014227
01	0014228
01	0014229
01	0014230
01	0014231
01	0014232
01	0014233
01	0014234
01	0014235
01	0014236
01	0014237
01	0014238
01	0014239
01	0014240
01	0014241
01	0014242
01	0014243
01	0014244
01	0014245
01	0014246
01	0014247
01	0014248
01	0014249
01	0014250
01	0014251
01	0014252
01	0014253
01	0014254
01	0014255
01	0014256
01	0014257
01	0014258
01	0014259
01	0014260
01	0014261
01	0014262
01	0014263
01	0014264
01	0014265
01	0014266
01	0014267
01	0014268
01	0014269
01	0014270
01	0014271
01	0014272
01	0014273
01	0014274
01	0014275
01	0014276
01	0014277
01	0014278
01	0014279
01	0014280
01	0014281
01	0014282
01	0014283
01	0014284
01	0014285
01	0014286
01	0014287
01	0014288
01	0014289
01	0014290
01	0014291
01	0014292
01	0014293
01	0014294
01	0014295
01	0014296
01	0014297
01	0014298
01	0014299
01	0014300
01	0014301
01	0014302
01	0014303
01	0014304
01	0014305
01	0014306
01	0014307
01	0014308
01	0014309
01	0014310
01	0014311
01	0014312
01	0014313
01	0014314
01	0014315
01	0014316
01	0014317
01	0014318
01	0014319
01	0014320
01	0014321
01	0014322
01	0014323
01	0014324
01	0014325
01	0014326
01	0014327
01	0014328
01	0014329
01	0014330
01	0014331
01	0014332
01	0014333
01	0014334
01	0014335
01	0014336
01	0014337
01	0014338
01	0014339
01	0014340
01	0014341
01	0014342
01	0014343
01	0014344
01	0014345
01	0014346
01	0014347
01	0014348
01	0014349
01	0014350
01	0014351
01	0014352
01	0014353
01	0014354
01	0014355
01	0014356
01	0014357
01	0014358
01	0014359
01	0014360
01	0014361
01	0014362
01	0014363
01	0014364
01	0014365
01	0014366
01	0014367
01	0014368
01	0014369
01	0014370
01	0014371
01	0014372
01	0014373
01	0014374
01	0014375
01	0014376
01	0014377
01	0014378
01	0014379
01	0014380
01	0014381
01	0014382
01	0014383
01	0014384
01	0014385
01	0014386
01	0014387
01	0014388
01	0014389
01	0014390
01	0014391
01	0014392
01	0014393
01	0014394
01	0014395
01	0014396
01	0014397
01	0014398
01	0014399
01	0014400
01	0014401
01	0014402
01	0014403
01	0014404
01	0014405
01	0014406
01	0014407
01	0014408
01	0014409
01	0014410
01	0014411
01	0014412
01	0014413
01	0014414
01	0014415
01	0014416
01	0014417
01	0014418
01	0014419
01	0014420
01	0014421
01	0014422
01	0014423
01	0014424
01	0014425
01	0014426
01	0014427
01	0014428
01	0014429
01	0014430
01	0014431
01	0014432
01	0014433
01	0014434
01	0014435
01	0014436
01	0014437
01	0014438
01	0014439
01	0014440
01	0014441
01	0014442
01	0014443
01	0014444
01	0014445
01	0014446
01	0014447
01	0014448
01	0014449
01	0014450
01	0014451
01	0014452
01	0014453
01	0014454
01	0014455
01	0014456
01	0014457
01	0014458
01	0014459
01	0014460
01	0014461
01	0014462
01	0014463
01	0014464
01	0014465
01	0014466
01	0014467
01	0014468
01	0014469
01	0014470
01	0014471
01	0014472
01	0014473
01	0014474
01	0014475
01	0014476
01	0014477
01	0014478
01	0014479
01	0014480
01	0014481
01	0014482
01	0014483
01	0014484
01	0014485
01	0014486
01	0014487
01	0014488
01	0014489
01	0014490
01	0014491
01	0014492
01	0014493
01	0014494
01	0014495
01	0014496
01	0014497
01	0014498
01	0014499
01	0014500
01	0014501
01	0014502
01	0014503
01	0014504
01	0014505
01	0014506
01	0014507
01	0014508
01	0014509
01	0014510
01	0014511
01	0014512
01	0014513
01	0014514
01	0014515
01	0014516
01	0014517
01	0014518
01	0014519
01	0014520
01	0014521
01	0014522
01	0014523
01	0014524
01	0014525
01	0014526
01	0014527
01	0014528
01	0014529
01	0014530
01	0014531
01	0014532
01	0014533
01	0014534
01	0014535
01	0014536
01	0014537
01	0014538
01	0014539
01	0014540
01	0014541
01	0014542
01	0014543
01	0014544
01	0014545
01	0014546
01	0014547
01	0014548
01	0014549
01	0014550
01	0014551
01	0014552
01	0014553
01	0014554
01	0014555
01	0014556
01	0014557
01	0014558
01	0014559
01	0014560
01	0014561
01	0014562
01	0014563
01	0014564
01	0014565
01	0014566
01	0014567
01	0014568
01	0014569
01	0014570
01	0014571
01	0014572
01	0014573
01	0014574
01	0014575
01	0014576
01	0014577
01	0014578
01	0014579
01	0014580
01	0014581
01	0014582
01	0014583
01	0014584
01	0014585
01	0014586
01	0014587
01	0014588
01	0014589
01	0014590
01	0014591
01	0014592
01	0014593
01	0014594
01	0014595
01	0014596
01	0014597
01	0014598
01	0014599
01	0014600
01	0014601
01	0014602
01	0014603
01	0014604
01	0014605
01	0014606
01	0014607
01	0014608
01	0014609
01	0014610
01	0014611
01	0014612
01	0014613
01	0014614
01	0014615
01	0014616
01	0014617
01	0014618
01	0014619
01	0014620
01	0014621
01	0014622
01	0014623
01	0014624
01	0014625
01	0014626
01	0014627
01	0014628
01	0014629
01	0014630
01	0014631
01	0014632
01	0014633
01	0014634
01	0014635
01	0014636
01	0014637
01	0014638
01	0014639
01	0014640
01	0014641
01	0014642
01	0014643
01	0014644
01	0014645
01	0014646
01	0014647
01	0014648
01	0014649
01	0014650
01	0014651
01	0014652
01	0014653
01	0014654
01	0014655
01	0014656
01	0014657
01	0014658
01	0014659
01	0014660
01	0014661
01	0014662
01	0014663
01	0014664
01	0014665
01	0014666
01	0014667
01	0014668
01	0014669
01	0014670
01	0014671
01	0014672
01	0014673
01	0014674
01	0014675
01	0014676
01	0014677
01	0014678
01	0014679
01	0014680
01	0014681
01	0014682
01	0014683
01	0014684
01	0014685
01	0014686
01	0014687
01	0014688
01	0014689
01	0014690
01	0014691
01	0014692
01	0014693
01	0014694
01	0014695
01	0014696
01	0014697
01	0014698
01	0014699
01	0014700
01	0014701
01	0014702
01	0014703
01	0014704
01	0014705
01	0014706
01	0014707
01	0014708
01	0014709
01	0014710
01	0014711
01	0014712
01	0014713
01	0014714
01	0014715
01	0014716
01	0014717
01	0014718
01	0014719
01	0014720
01	0014721
01	0014722
01	0014723
01	0014724
01	0014725
01	0014726
01	0014727
01	0014728
01	0014729
01	0014730
01	0014731
01	0014732
01	0014733
01	0014734
01	0014735
01	0014736
01	0014737
01	0014738
01	0014739
01	0014740
01	0014741
01	0014742
01	0014743
01	0014744
01	0014745
01	0014746
01	0014747
01	0014748
01	0014749
01	0014750
01	0014751
01	0014752
01	0014753
01	0014754
01	0014755
01	0014756
01	0014757
01	0014758
01	0014759
01	0014760
01	0014761
01	0014762
01	0014763
01	0014764
01	0014765
01	0014766
01	0014767
01	0014768
01	0014769
01	0014770
01	0014771
01	0014772
01	0014773
01	0014774
01	0014775
01	0014776
01	0014777
01	0014778
01	0014779
01	0014780
01	0014781
01	0014782
01	0014783
01	0014784
01	0014785
01	0014786
01	0014787
01	0014788
01	0014789
01	0014790
01	0014791
01	0014792
01	0014793
01	0014794
01	0014795
01	0014796
01	0014797
01	0014798
01	0014799
01	0014800
01	0014801
01	0014802
01	0014803
01	0014804
01	0014805
01	0014806
01	0014807
01	0014808
01	0014809
01	0014810
01	0014811
01	0014812
01	0014813
01	0014814
01	0014815
01	0014816
01	0014817
01	0014818
01	0014819
01	0014820
01	0014821
01	0014822
01	0014823
01	0014824
01	0014825
01	0014826
01	0014827
01	0014828
01	0014829
01	0014830
01	0014831
01	0014832
01	0014833
01	0014834
01	0014835
01	0014836
01	0014837
01	0014838
01	0014839
01	0014840
01	0014841
01	0014842
01	0014843
01	0014844
01	0014845
01	0014846
01	0014847
01	0014848
01	0014849
01	0014850
01	0014851
01	0014852
01	0014853
01	0014854
01	0014855
01	0014856
01	0014857
01	0014858
01	0014859
01	0014860
01	0014861
01	0014862
01	0014863
01	0014864
01	0014865
01	0014866
01	0014867
01	0014868
01	0014869
01	0014870
01	0014871
01	0014872
01	0014873
01	0014874
01	0014875
01	0014876
01	0014877
01	0014878
01	0014879
01	0014880
01	0014881
01	0014882
01	0014883
01	0014884
01	0014885
01	0014886
01	0014887
01	0014888
01	0014889
01	0014890
01	0014891
01	0014892
01	0014893
01	0014894
01	0014895
01	0014896
01	0014897
01	0014898
01	0014899
01	0014900
01	0014901
01	0014902
01	0014903
01	0014904
01	0014905
01	0014906
01	0014907
01	0014908
01	0014909
01	0014910
01	0014911
01	0014912
01	0014913
01	0014914
01	0014915
01	0014916
01	0014917
01	0014918
01	0014919
01	0014920
01	0014921
01	0014922
01	0014923
01	0014924
01	0014925
01	0014926
01	0014927
01	0014928
01	0014929
01	0014930
01	0014931
01	0014932
01	0014933
01	0014934
01	0014935
01	0014936
01	0014937
01	0014938
01	0014939
01	0014940
01	0014941
01	0014942
01	0014943
01	0014944
01	0014945
01	0014946
01	0014947
01	0014948
01	0014949
01	0014950
01	0014951
01	0014952
01	0014953
01	0014954
01	0014955
01	0014956
01	0014957
01	0014958
01	0014959
01	0014960
01	0014961
01	0014962
01	0014963
01	0014964
01	0014965
01	0014966
01	0014967
01	0014968
01	0014969
01	0014970
01	0014971
01	0014972
01	0014973
01	0014974
01	0014975
01	0014976
01	0014977
01	0014978
01	0014979
01	0014980
01	0014981
01	0014982
01	0014983
01	0014984
01	0014985
01	0014986
01	0014987
01	0014988
01	0014989
01	0014990
01	0014991
01	0014992
01	0014993
01	0014994
01	0014995
01	0014996
01	0014997
01	0014998
01	0014999
01	0015000
01	0015001
01	0015002
01	0015003
01	0015004
01	0015005
01	0015006
01	0015007
01	0015008
01	0015009
01	0015010
01	0015011
01	0015012
01	0015013
01	0015014
01	0015015
01	0015016
01	0015017
01	0015018
01	0015019
01	0015020
01	0015021
01	0015022
01	0015023
01	0015024
01	0015025
01	0015026
01	0015027
01	0015028
01	0015029
01	0015030
01	0015031
01	0015032
01	0015033
01	0015034
01	0015035
01	0015036
01	0015037
01	0015038
01	0015039
01	0015040
01	0015041
01	0015042
01	0015043
01	0015044
01	0015045
01	0015046
01	0015047
01	0015048
01	0015049
01	0015050
01	0015051
01	0015052
01	0015053
01	0015054
01	0015055
01	0015056
01	0015057
01	0015058
01	0015059
01	0015060
01	0015061
01	0015062
01	0015063
01	0015064
01	0015065
01	0015066
01	0015067
01	0015068
01	0015069
01	0015070
01	0015071
01	0015072
01	0015073
01	0015074
01	0015075
01	0015076
01	0015077
01	0015078
01	0015079
01	0015080
01	0015081
01	0015082
01	0015083
01	0015084
01	0015085
01	0015086
01	0015087
01	0015088
01	0015089
01	0015090
01	0015091
01	0015092
01	0015093
01	0015094
01	0015095
01	0015096
01	0015097
01	0015098
01	0015099
01	0015100
01	0015101
01	0015102
01	0015103
01	0015104
01	0015105
01	0015106
01	0015107
01	0015108
01	0015109
01	0015110
01	0015111
01	0015112
01	0015113
01	0015114
01	0015115
01	0015116
01	0015117
01	0015118
01	0015119
01	0015120
01	0015121
01	0015122
01	0015123
01	0015124
01	0015125
01	0015126
01	0015127
01	0015128
01	0015129
01	0015130
01	0015131
01	0015132
01	0015133
01	0015134
01	0015135
01	0015136
01	0015137
01	0015138
01	0015139
01	0015140
01	0015141
01	0015142
01	0015143
01	0015144
01	0015145
01	0015146
01	0015147
01	0015148
01	0015149
01	0015150
01	0015151
01	0015152
01	0015153
01	0015154
01	0015155
01	0015156
01	0015157
01	0015158
01	0015159
01	0015160
01	0015161
01	0015162
01	0015163
01	0015164
01	0015165
01	0015166
01	0015167
01	0015168
01	0015169
01	0015170
01	0015171
01	0015172
01	0015173
01	0015174
01	0015175
01	0015176
01	0015177
01	0015178
01	0015179
01	0015180
01	0015181
01	0015182
01	0015183
01	0015184
01	0015185
01	0015186
01	0015187
01	0015188
01	0015189
01	0015190
01	0015191
01	0015192
01	0015193
01	0015194
01	0015195
01	0015196
01	0015197
01	0015198
01	0015199
01	0015200
01	0015201
01	0015202
01	0015203
01	0015204
01	0015205
01	0015206
01	0015207
01	0015208
01	0015209
01	0015210
01	0015211
01	0015212
01	0015213
01	0015214
01	0015215
01	0015216
01	0015217
01	0015218
01	0015219
01	0015220
01	0015221
01	0015222
01	0015223
01	0015224
01	0015225
01	0015226
01	0015227
01	0015228
01	0015229
01	0015230
01	0015231
01	0015232
01	0015233
01	0015234
01	0015235
01	0015236
01	0015237
01	0015238
01	0015239
01	0015240
01	0015241
01	0015242
01	0015243
01	0015244
01	0015245
01	0015246
01	0015247
01	0015248
01	0015249
01	0015250
01	0015251
01	0015252
01	0015253
01	0015254
01	0015255
01	0015256
01	0015257
01	0015258
01	0015259
01	0015260
01	0015261
01	0015262
01	0015263
01	0015264
01	0015265
01	0015266
01	0015267
01	0015268
01	0015269
01	0015270
01	0015271
01	0015272
01	0015273
01	0015274
01	0015275
01	0015276
01	0015277
01	0015278
01	0015279
01	0015280
01	0015281
01	0015282
01	0015283
01	0015284
01	0015285
01	0015286
01	0015287
01	0015288
01	0015289
01	0015290
01	0015291
01	0015292
01	0015293
01	0015294
01	0015295
01	0015296
01	0015297
01	0015298
01	0015299
01	0015300
01	0015301
01	0015302
01	0015303
01	0015304
01	0015305
01	0015306
01	0015307
01	0015308
01	0015309
01	0015310
01	0015311
01	0015312
01	0015313
01	0015314
01	0015315
01	0015316
01	0015317
01	0015318
01	0015319
01	0015320
01	0015321
01	0015322
01	0015323
01	0015324
01	0015325
01	0015326
01	0015327
01	0015328
01	0015329
01	0015330
01	0015331
01	0015332
01	0015333
01	0015334
01	0015335
01	0015336
01	0015337
01	0015338
01	0015339
01	0015340
01	0015341
01	0015342
01	0015343
01	0015344
01	0015345
01	0015346
01	0015347
01	0015348
01	0015349
01	0015350
01	0015351
01	0015352
01	0015353
01	0015354
01	0015355
01	0015356
01	0015357
01	0015358
01	0015359
01	0015360
01	0015361
01	0015362
01	0015363
01	0015364
01	0015365
01	0015366
01	0015367
01	0015368
01	0015369
01	0015370
01	0015371
01	0015372
01	0015373
01	0015374
01	0015375
01	0015376
01	0015377
01	0015378
01	0015379
01	0015380
01	0015381
01	0015382
01	0015383
01	0015384
01	0015385
01	0015386
01	0015387
01	0015388
01	0015389
01	0015390
01	0015391
01	0015392
01	0015393
01	0015394
01	0015395
01	0015396
01	0015397
01	0015398
01	0015399
01	0015400
01	0015401
01	0015402
01	0015403
01	0015404
01	0015405
01	0015406
01	0015407
01	0015408
01	0015409
01	0015410
01	0015411
01	0015412
01	0015413
01	0015414
01	0015415
01	0015416
01	0015417
01	0015418
01	0015419
01	0015420
01	0015421
01	0015422
01	0015423
01	0015424
01	0015425
01	0015426
01	0015427
01	0015428
01	0015429
01	0015430
01	0015431
01	0015432
01	0015433
01	0015434
01	0015435
01	0015436
01	0015437
01	0015438
01	0015439
01	0015440
01	0015441
01	0015442
01	0015443
01	0015444
01	0015445
01	0015446
01	0015447
01	0015448
01	0015449
01	0015450
01	0015451
01	0015452
01	0015453
01	0015454
01	0015455
01	0015456
01	0015457
01	0015458
01	0015459
01	0015460
01	0015461
01	0015462
01	0015463
01	0015464
01	0015465
01	0015466
01	0015467
01	0015468
01	0015469
01	0015470
01	0015471
01	0015472
01	0015473
01	0015474
01	0015475
01	0015476
01	0015477
01	0015478
01	0015479
01	0015480
01	0015481
01	0015482
01	0015483
01	0015484
01	0015485
01	0015486
01	0015487
01	0015488
01	0015489
01	0015490
01	0015491
01	0015492
01	0015494
01	0015495
01	0015496
01	0015497
01	0015498
01	0015499
01	0015500
01	0015501
01	0015502
01	0015503
01	0015504
01	0015505
01	0015506
01	0015507
01	0015508
01	0015509
01	0015510
01	0015511
01	0015512
01	0015513
01	0015514
01	0015515
01	0015516
01	0015517
01	0015518
01	0015519
01	0015520
01	0015521
01	0015522
01	0015523
01	0015524
01	0015525
01	0015526
01	0015527
01	0015528
01	0015529
01	0015530
01	0015531
01	0015532
01	0015533
01	0015534
01	0015535
01	0015536
01	0015537
01	0015538
01	0015539
01	0015540
01	0015541
01	0015542
01	0015543
01	0015544
01	0015545
01	0015546
01	0015547
01	0015548
01	0015549
01	0015550
01	0015551
01	0015552
01	0015553
01	0015554
01	0015555
01	0015556
01	0015557
01	0015558
01	0015559
01	0015560
01	0015561
01	0015562
01	0015563
01	0015564
01	0015565
01	0015566
01	0015567
01	0015568
01	0015569
01	0015570
01	0015571
01	0015572
01	0015573
01	0015574
01	0015575
01	0015576
01	0015577
01	0015578
01	0015579
01	0015580
01	0015581
01	0015582
01	0015583
01	0015584
01	0015585
01	0015586
01	0015587
01	0015588
01	0015589
01	0015590
01	0015591
01	0015592
01	0015593
01	0015594
01	0015595
01	0015596
01	0015597
01	0015598
01	0015599
01	0015600
01	0015601
01	0015602
01	0015603
01	0015604
01	0015605
01	0015606
01	0015607
01	0015608
01	0015609
01	0015610
01	0015611
01	0015612
01	0015613
01	0015614
01	0015615
01	0015616
01	0015617
01	0015618
01	0015619
01	0015620
01	0015621
01	0015622
01	0015623
01	0015624
01	0015625
01	0015626
01	0015627
01	0015628
01	0015629
01	0015630
01	0015631
01	0015632
01	0015633
01	0015634
01	0015635
01	0015636
01	0015637
01	0015638
01	0015639
01	0015640
01	0015641
01	0015642
01	0015643
01	0015644
01	0015645
01	0015646
01	0015647
01	0015648
01	0015649
01	0015650
01	0015651
01	0015652
01	0015653
01	0015654
01	0015655
01	0015656
01	0015657
01	0015658
01	0015659
01	0015660
01	0015661
01	0015662
01	0015663
01	0015664
01	0015665
01	0015666
01	0015667
01	0015668
01	0015669
01	0015670
01	0015671
01	0015672
01	0015673
01	0015674
01	0015675
01	0015676
01	0015677
01	0015678
01	0015679
01	0015680
01	0015681
01	0015682
01	0015683
01	0015684
01	0015685
01	0015686
01	0015687
01	0015688
01	0015689
01	0015690
01	0015691
01	0015692
01	0015693
01	0015694
01	0015695
01	0015696
01	0015697
01	0015698
01	0015699
01	0015700
01	0015701
01	0015702
01	0015703
01	0015704
01	0015705
01	0015706
01	0015707
01	0015708
01	0015709
01	0015710
01	0015711
01	0015712
01	0015713
01	0015714
01	0015715
01	0015716
01	0015717
01	0015718
01	0015719
01	0015720
01	0015721
01	0015722
01	0015723
01	0015724
01	0015725
01	0015726
01	0015727
01	0015728
01	0015729
01	0015730
01	0015731
01	0015732
01	0015733
01	0015734
01	0015735
01	0015736
01	0015737
01	0015738
01	0015739
01	0015740
01	0015741
01	0015742
01	0015743
01	0015744
01	0015745
01	0015746
01	0015747
01	0015748
01	0015749
01	0015750
01	0015751
01	0015752
01	0015753
01	0015754
01	0015755
01	0015756
01	0015757
01	0015758
01	0015759
01	0015760
01	0015761
01	0015762
01	0015763
01	0015764
01	0015765
01	0015766
01	0015767
01	0015768
01	0015769
01	0015770
01	0015771
01	0015772
01	0015773
01	0015774
01	0015775
01	0015776
01	0015777
01	0015778
01	0015779
01	0015780
01	0015781
01	0015782
01	0015783
01	0015784
01	0015785
01	0015786
01	0015787
01	0015788
01	0015789
01	0015790
01	0015791
01	0015792
01	0015793
01	0015794
01	0015795
01	0015796
01	0015797
01	0015798
01	0015799
01	0015800
01	0015801
01	0015802
01	0015803
01	0015804
01	0015805
01	0015806
01	0015807
01	0015808
01	0015809
01	0015810
01	0015811
01	0015812
01	0015813
01	0015814
01	0015815
01	0015816
01	0015817
01	0015818
01	0015819
01	0015820
01	0015821
01	0015822
01	0015823
01	0015824
01	0015825
01	0015826
01	0015827
01	0015828
01	0015829
01	0015830
01	0015831
01	0015832
01	0015833
01	0015834
01	0015835
01	0015836
01	0015837
01	0015838
01	0015839
01	0015840
01	0015841
01	0015842
01	0015843
01	0015844
01	0015845
01	0015846
01	0015847
01	0015848
01	0015849
01	0015850
01	0015851
01	0015852
01	0015853
01	0015854
01	0015855
01	0015856
01	0015857
01	0015858
01	0015859
01	0015860
01	0015861
01	0015862
01	0015863
01	0015864
01	0015865
01	0015866
01	0015867
01	0015868
01	0015869
01	0015870
01	0015871
01	0015872
01	0015873
01	0015874
01	0015875
01	0015876
01	0015877
01	0015878
01	0015879
01	0015880
01	0015881
01	0015882
01	0015883
01	0015884
01	0015885
01	0015886
01	0015887
01	0015888
01	0015889
01	0015890
01	0015891
01	0015892
01	0015893
01	0015894
01	0015895
01	0015896
01	0015897
01	0015898
01	0015899
01	0015900
01	0015901
01	0015902
01	0015903
01	0015904
01	0015905
01	0015906
01	0015907
01	0015908
01	0015909
01	0015910
01	0015911
01	0015912
01	0015913
01	0015914
01	0015915
01	0015916
01	0015917
01	0015918
01	0015919
01	0015920
01	0015921
01	0015922
01	0015923
01	0015924
01	0015925
01	0015926
01	0015927
01	0015928
01	0015929
01	0015930
01	0015931
01	0015932
01	0015933
01	0015934
01	0015935
01	0015936
01	0015937
01	0015938
01	0015939
01	0015940
01	0015941
01	0015942
01	0015943
01	0015944
01	0015945
01	0015946
01	0015947
01	0015948
01	0015949
01	0015950
01	0015951
01	0015952
01	0015953
01	0015954
01	0015955
01	0015956
01	0015957
01	0015958
01	0015959
01	0015960
01	0015961
01	0015962
01	0015963
01	0015964
01	0015965
01	0015966
01	0015967
01	0015968
01	0015969
01	0015970
01	0015971
01	0015972
01	0015973
01	0015974
01	0015975
01	0015976
01	0015977
01	0015978
01	0015979
01	0015980
01	0015981
01	0015982
01	0015983
01	0015984
01	0015985
01	0015986
01	0015987
01	0015988
01	0015989
01	0015990
01	0015991
01	0015992
01	0015993
01	0015994
01	0015995
01	0015996
01	0015997
01	0015998
01	0015999
01	0016000
01	0016001
01	0016002
01	0016003
01	0016004
01	0016005
01	0016006
01	0016007
01	0016008
01	0016009
01	0016010
01	0016011
01	0016012
01	0016013
01	0016014
01	0016015
01	0016016
01	0016017
01	0016018
01	0016019
01	0016020
01	0016021
01	0016022
01	0016023
01	0016024
01	0016025
01	0016026
01	0016027
01	0016028
01	0016029
01	0016030
01	0016031
01	0016032
01	0016033
01	0016034
01	0016035
01	0016036
01	0016037
01	0016038
01	0016039
01	0016040
01	0016041
01	0016042
01	0016043
01	0016044
01	0016045
01	0016046
01	0016047
01	0016048
01	0016049
01	0016050
01	0016051
01	0016052
01	0016053
01	0016054
01	0016055
01	0016056
01	0016057
01	0016058
01	0016059
01	0016060
01	0016061
01	0016062
01	0016063
01	0016064
01	0016065
01	0016066
01	0016067
01	0016068
01	0016069
01	0016070
01	0016071
01	0016072
01	0016073
01	0016074
01	0016075
01	0016076
01	0016077
01	0016078
01	0016079
01	0016080
01	0016081
01	0016082
01	0016083
01	0016084
01	0016085
01	0016086
01	0016087
01	0016088
01	0016089
01	0016090
01	0016091
01	0016092
01	0016093
01	0016094
01	0016095
01	0016096
01	0016097
01	0016098
01	0016099
01	0016100
01	0016101
01	0016102
01	0016103
01	0016104
01	0016105
01	0016106
01	0016107
01	0016108
01	0016109
01	0016110
01	0016111
01	0016112
01	0016113
01	0016114
01	0016115
01	0016116
01	0016117
01	0016118
01	0016119
01	0016120
01	0016121
01	0016122
01	0016123
01	0016124
01	0016125
01	0016126
01	0016127
01	0016128
01	0016129
01	0016130
01	0016131
01	0016132
01	0016133
01	0016134
01	0016135
01	0016136
01	0016137
01	0016138
01	0016139
01	0016140
01	0016141
01	0016142
01	0016143
01	0016144
01	0016145
01	0016146
01	0016147
01	0016148
01	0016149
01	0016150
01	0016151
01	0016152
01	0016153
01	0016154
01	0016155
01	0016156
01	0016157
01	0016158
01	0016159
01	0016160
01	0016161
01	0016162
01	0016163
01	0016164
01	0016165
01	0016166
01	0016167
01	0016168
01	0016169
01	0016170
01	0016171
01	0016172
01	0016173
01	0016174
01	0016176
01	0016177
01	0016178
01	0016179
01	0016180
01	0016181
01	0016182
01	0016183
01	0016184
01	0016185
01	0016186
01	0016187
01	0016188
01	0016189
01	0016190
01	0016191
01	0016192
01	0016193
01	0016194
01	0016195
01	0016196
01	0016197
01	0016198
01	0016199
01	0016200
01	0016201
01	0016202
01	0016203
01	0016204
01	0016205
01	0016206
01	0016207
01	0016208
01	0016209
01	0016210
01	0016211
01	0016212
01	0016213
01	0016214
01	0016215
01	0016216
01	0016217
01	0016218
01	0016219
01	0016220
01	0016221
01	0016222
01	0016223
01	0016224
01	0016225
01	0016226
01	0016227
01	0016228
01	0016229
01	0016230
01	0016231
01	0016232
01	0016233
01	0016234
01	0016235
01	0016236
01	0016237
01	0016238
01	0016239
01	0016240
01	0016241
01	0016242
01	0016243
01	0016244
01	0016245
01	0016246
01	0016247
01	0016248
01	0016249
01	0016250
01	0016251
01	0016252
01	0016253
01	0016254
01	0016255
01	0016256
01	0016257
01	0016258
01	0016259
01	0016260
01	0016261
01	0016262
01	0016263
01	0016264
01	0016265
01	0016266
01	0016267
01	0016268
01	0016269
01	0016270
01	0016271
01	0016272
01	0016273
01	0016274
01	0016275
01	0016276
01	0016277
01	0016278
01	0016279
01	0016280
01	0016281
01	0016282
01	0016283
01	0016284
01	0016285
01	0016286
01	0016287
01	0016288
01	0016289
01	0016290
01	0016291
01	0016292
01	0016293
01	0016294
01	0016295
01	0016296
01	0016297
01	0016298
01	0016299
01	0016300
01	0016301
01	0016302
01	0016303
01	0016304
01	0016305
01	0016306
01	0016307
01	0016308
01	0016309
01	0016310
01	0016311
01	0016312
01	0016313
01	0016314
01	0016315
01	0016316
01	0016317
01	0016318
01	0016319
01	0016320
01	0016321
01	0016322
01	0016323
01	0016324
01	0016325
01	0016326
01	0016327
01	0016328
01	0016329
01	0016330
01	0016331
01	0016332
01	0016333
01	0016334
01	0016335
01	0016336
01	0016337
01	0016338
01	0016339
01	0016340
01	0016341
01	0016342
01	0016343
01	0016344
01	0016345
01	0016346
01	0016347
01	0016348
01	0016349
01	0016350
01	0016351
01	0016352
01	0016353
01	0016354
01	0016355
01	0016356
01	0016357
01	0016358
01	0016359
01	0016360
01	0016361
01	0016362
01	0016363
01	0016364
01	0016365
01	0016366
01	0016367
01	0016368
01	0016369
01	0016370
01	0016371
01	0016372
01	0016373
01	0016374
01	0016375
01	0016376
01	0016377
01	0016378
01	0016379
01	0016380
01	0016381
01	0016382
01	0016383
01	0016384
01	0016385
01	0016386
01	0016387
01	0016388
01	0016389
01	0016390
01	0016391
01	0016392
01	0016393
01	0016394
01	0016395
01	0016396
01	0016397
01	0016398
01	0016399
01	0016400
01	0016401
01	0016402
01	0016404
01	0016405
01	0016406
01	0016407
01	0016408
01	0016409
01	0016410
01	0016411
01	0016412
01	0016413
01	0016414
01	0016415
01	0016416
01	0016417
01	0016418
01	0016419
01	0016420
01	0016421
01	0016422
01	0016423
01	0016424
01	0016425
01	0016426
01	0016427
01	0016428
01	0016429
01	0016430
01	0016431
01	0016432
01	0016433
01	0016434
01	0016435
01	0016436
01	0016437
01	0016438
01	0016439
01	0016440
01	0016441
01	0016442
01	0016443
01	0016444
01	0016445
01	0016446
01	0016447
01	0016448
01	0016449
01	0016450
01	0016451
01	0016452
01	0016453
01	0016454
01	0016455
01	0016456
01	0016457
01	0016458
01	0016459
01	0016460
01	0016461
01	0016462
01	0016463
01	0016464
01	0016465
01	0016466
01	0016467
01	0016468
01	0016469
01	0016470
01	0016471
01	0016472
01	0016473
01	0016474
01	0016475
01	0016476
01	0016477
01	0016478
01	0016479
01	0016480
01	0016481
01	0016482
01	0016483
01	0016484
01	0016485
01	0016486
01	0016487
01	0016488
01	0016489
01	0016490
01	0016491
01	0016492
01	0016493
01	0016494
01	0016495
01	0016496
01	0016497
01	0016498
01	0016499
01	0016500
01	0016501
01	0016502
01	0016503
01	0016504
01	0016505
01	0016506
01	0016507
01	0016508
01	0016509
01	0016510
01	0016511
01	0016512
01	0016513
01	0016514
01	0016515
01	0016516
01	0016517
01	0016518
01	0016519
01	0016520
01	0016521
01	0016522
01	0016523
01	0016524
01	0016525
01	0016526
01	0016527
01	0016528
01	0016529
01	0016530
01	0016531
01	0016532
01	0016533
01	0016534
01	0016535
01	0016536
01	0016537
01	0016538
01	0016539
01	0016540
01	0016541
01	0016542
01	0016543
01	0016544
01	0016545
01	0016546
01	0016547
01	0016548
01	0016549
01	0016550
01	0016551
01	0016552
01	0016553
01	0016554
01	0016555
01	0016556
01	0016557
01	0016558
01	0016559
01	0016560
01	0016561
01	0016562
01	0016563
01	0016564
01	0016565
01	0016566
01	0016567
01	0016568
01	0016569
01	0016570
01	0016571
01	0016572
01	0016573
01	0016574
01	0016575
01	0016576
01	0016577
01	0016578
01	0016579
01	0016580
01	0016581
01	0016582
01	0016583
01	0016584
01	0016585
01	0016586
01	0016587
01	0016588
01	0016589
01	0016590
01	0016591
01	0016592
01	0016593
01	0016594
01	0016595
01	0016596
01	0016597
01	0016598
01	0016599
01	0016600
01	0016601
01	0016602
01	0016603
01	0016604
01	0016605
01	0016606
01	0016607
01	0016608
01	0016609
01	0016610
01	0016611
01	0016612
01	0016613
01	0016614
01	0016615
01	0016616
01	0016617
01	0016618
01	0016619
01	0016620
01	0016621
01	0016622
01	0016623
01	0016624
01	0016625
01	0016626
01	0016627
01	0016628
01	0016629
01	0016630
01	0016631
01	0016632
01	0016633
01	0016634
01	0016635
01	0016636
01	0016637
01	0016638
01	0016639
01	0016640
01	0016641
01	0016642
01	0016643
01	0016644
01	0016645
01	0016646
01	0016647
01	0016648
01	0016649
01	0016650
01	0016651
01	0016652
01	0016653
01	0016654
01	0016655
01	0016656
01	0016657
01	0016658
01	0016659
01	0016660
01	0016661
01	0016662
01	0016663
01	0016664
01	0016665
01	0016666
01	0016667
01	0016668
01	0016669
01	0016670
01	0016671
01	0016672
01	0016673
01	0016674
01	0016675
01	0016676
01	0016677
01	0016678
01	0016679
01	0016680
01	0016681
01	0016682
01	0016683
01	0016684
01	0016685
01	0016686
01	0016687
01	0016688
01	0016689
01	0016690
01	0016691
01	0016692
01	0016693
01	0016694
01	0016695
01	0016696
01	0016697
01	0016698
01	0016699
01	0016700
01	0016701
01	0016702
01	0016703
01	0016704
01	0016705
01	0016706
01	0016707
01	0016708
01	0016709
01	0016710
01	0016711
01	0016712
01	0016713
01	0016714
01	0016715
01	0016716
01	0016717
01	0016718
01	0016719
01	0016720
01	0016721
01	0016722
01	0016723
01	0016724
01	0016725
01	0016726
01	0016727
01	0016728
01	0016729
01	0016730
01	0016731
01	0016732
01	0016733
01	0016734
01	0016735
01	0016736
01	0016737
01	0016738
01	0016739
01	0016740
01	0016741
01	0016742
01	0016743
01	0016744
01	0016745
01	0016746
01	0016747
01	0016748
01	0016749
01	0016750
01	0016751
01	0016752
01	0016753
01	0016754
01	0016755
01	0016756
01	0016757
01	0016758
01	0016759
01	0016760
01	0016761
01	0016762
01	0016763
01	0016764
01	0016765
01	0016766
01	0016767
01	0016768
01	0016769
01	0016770
01	0016771
01	0016772
01	0016773
01	0016774
01	0016775
01	0016776
01	0016777
01	0016778
01	0016779
01	0016780
01	0016781
01	0016782
01	0016783
01	0016784
01	0016785
01	0016786
01	0016787
01	0016788
01	0016789
01	0016790
01	0016791
01	0016792
01	0016793
01	0016794
01	0016795
01	0016796
01	0016797
01	0016798
01	0016799
01	0016800
01	0016801
01	0016802
01	0016803
01	0016804
01	0016805
01	0016806
01	0016807
01	0016808
01	0016809
01	0016810
01	0016811
01	0016812
01	0016813
01	0016814
01	0016815
01	0016816
01	0016817
01	0016818
01	0016819
01	0016820
01	0016821
01	0016822
01	0016823
01	0016824
01	0016825
01	0016826
01	0016827
01	0016828
01	0016829
01	0016830
01	0016831
01	0016832
01	0016833
01	0016834
01	0016835
01	0016836
01	0016837
01	0016838
01	0016839
01	0016840
01	0016841
01	0016842
01	0016843
01	0016844
01	0016845
01	0016846
01	0016847
01	0016848
01	0016849
01	0016850
01	0016851
01	0016852
01	0016853
01	0016854
01	0016855
01	0016856
01	0016857
01	0016858
01	0016859
01	0016860
01	0016861
01	0016862
01	0016863
01	0016864
01	0016865
01	0016866
01	0016867
01	0016868
01	0016869
01	0016870
01	0016871
01	0016872
01	0016873
01	0016874
01	0016875
01	0016876
01	0016877
01	0016878
01	0016879
01	0016880
01	0016881
01	0016882
01	0016883
01	0016884
01	0016885
01	0016886
01	0016887
01	0016888
01	0016889
01	0016890
01	0016891
01	0016892
01	0016893
01	0016894
01	0016895
01	0016896
01	0016897
01	0016898
01	0016899
01	0016900
01	0016901
01	0016902
01	0016903
01	0016904
01	0016905
01	0016906
01	0016907
01	0016908
01	0016909
01	0016910
01	0016911
01	0016912
01	0016913
01	0016914
01	0016915
01	0016916
01	0016917
01	0016918
01	0016919
01	0016920
01	0016921
01	0016922
01	0016923
01	0016924
01	0016925
01	0016926
01	0016927
01	0016928
01	0016929
01	0016930
01	0016931
01	0016932
01	0016933
01	0016934
01	0016935
01	0016936
01	0016937
01	0016938
01	0016939
01	0016940
01	0016941
01	0016942
01	0016943
01	0016944
01	0016945
01	0016946
01	0016947
01	0016948
01	0016949
01	0016950
01	0016951
01	0016952
01	0016953
01	0016954
01	0016955
01	0016956
01	0016957
01	0016958
01	0016959
01	0016960
01	0016961
01	0016962
01	0016963
01	0016964
01	0016965
01	0016966
01	0016967
01	0016968
01	0016969
01	0016970
01	0016971
01	0016972
01	0016973
01	0016974
01	0016975
01	0016976
01	0016977
01	0016978
01	0016979
01	0016980
01	0016981
01	0016982
01	0016983
01	0016984
01	0016985
01	0016986
01	0016987
01	0016988
01	0016989
01	0016990
01	0016991
01	0016992
01	0016993
01	0016994
01	0016995
01	0016996
01	0016997
01	0016998
01	0016999
01	0017000
01	0017001
01	0017002
01	0017003
01	0017004
01	0017005
01	0017006
01	0017007
01	0017008
01	0017009
01	0017010
01	0017011
01	0017012
01	0017013
01	0017014
01	0017015
01	0017016
01	0017017
01	0017018
01	0017019
01	0017020
01	0017021
01	0017022
01	0017023
01	0017024
01	0017025
01	0017026
01	0017027
01	0017028
01	0017029
01	0017030
01	0017031
01	0017032
01	0017033
01	0017034
01	0017035
01	0017036
01	0017037
01	0017038
01	0017039
01	0017040
01	0017041
01	0017042
01	0017043
01	0017044
01	0017045
01	0017046
01	0017047
01	0017048
01	0017049
01	0017050
01	0017051
01	0017052
01	0017053
01	0017054
01	0017055
01	0017056
01	0017057
01	0017058
01	0017059
01	0017060
01	0017061
01	0017062
01	0017063
01	0017064
01	0017065
01	0017066
01	0017067
01	0017068
01	0017069
01	0017070
01	0017071
01	0017072
01	0017073
01	0017074
01	0017075
01	0017076
01	0017077
01	0017078
01	0017079
01	0017080
01	0017081
01	0017082
01	0017083
01	0017085
01	0017086
01	0017087
01	0017088
01	0017089
01	0017090
01	0017091
01	0017092
01	0017093
01	0017094
01	0017095
01	0017096
01	0017097
01	0017098
01	0017099
01	0017100
01	0017101
01	0017102
01	0017103
01	0017104
01	0017105
01	0017106
01	0017107
01	0017108
01	0017109
01	0017110
01	0017111
01	0017112
01	0017113
01	0017114
01	0017115
01	0017116
01	0017117
01	0017118
01	0017119
01	0017120
01	0017121
01	0017122
01	0017123
01	0017124
01	0017125
01	0017126
01	0017127
01	0017128
01	0017129
01	0017130
01	0017131
01	0017132
01	0017133
01	0017134
01	0017135
01	0017136
01	0017137
01	0017138
01	0017139
01	0017140
01	0017141
01	0017142
01	0017143
01	0017144
01	0017145
01	0017146
01	0017147
01	0017148
01	0017149
01	0017150
01	0017151
01	0017152
01	0017153
01	0017154
01	0017155
01	0017156
01	0017157
01	0017158
01	0017159
01	0017160
01	0017161
01	0017162
01	0017163
01	0017164
01	0017165
01	0017166
01	0017167
01	0017168
01	0017169
01	0017170
01	0017171
01	0017172
01	0017173
01	0017174
01	0017175
01	0017176
01	0017177
01	0017178
01	0017180
01	0017181
01	0017182
01	0017183
01	0017184
01	0017185
01	0017186
01	0017187
01	0017188
01	0017189
01	0017190
01	0017191
01	0017192
01	0017193
01	0017194
01	0017195
01	0017196
01	0017197
01	0017198
01	0017199
01	0017200
01	0017201
01	0017202
01	0017203
01	0017204
01	0017205
01	0017206
01	0017207
01	0017208
01	0017209
01	0017210
01	0017211
01	0017212
01	0017213
01	0017214
01	0017215
01	0017216
01	0017217
01	0017218
01	0017219
01	0017220
01	0017221
01	0017222
01	0017223
01	0017224
01	0017225
01	0017226
01	0017227
01	0017228
01	0017229
01	0017230
01	0017231
01	0017232
01	0017233
01	0017234
01	0017235
01	0017236
01	0017237
01	0017238
01	0017239
01	0017240
01	0017241
01	0017242
01	0017243
01	0017244
01	0017245
01	0017246
01	0017247
01	0017248
01	0017249
01	0017250
01	0017251
01	0017252
01	0017253
01	0017254
01	0017255
01	0017256
01	0017257
01	0017258
01	0017259
01	0017260
01	0017261
01	0017262
01	0017263
01	0017264
01	0017265
01	0017266
01	0017267
01	0017268
01	0017269
01	0017270
01	0017271
01	0017272
01	0017273
01	0017274
01	0017275
01	0017276
01	0017277
01	0017278
01	0017279
01	0017280
01	0017281
01	0017282
01	0017283
01	0017284
01	0017285
01	0017286
01	0017287
01	0017288
01	0017289
01	0017290
01	0017291
01	0017292
01	0017293
01	0017294
01	0017295
01	0017296
01	0017297
01	0017298
01	0017299
01	0017300
01	0017301
01	0017302
01	0017303
01	0017304
01	0017305
01	0017306
01	0017307
01	0017308
01	0017309
01	0017310
01	0017311
01	0017312
01	0017313
01	0017314
01	0017315
01	0017316
01	0017317
01	0017318
01	0017319
01	0017320
01	0017321
01	0017322
01	0017323
01	0017324
01	0017325
01	0017326
01	0017327
01	0017328
01	0017329
01	0017330
01	0017331
01	0017332
01	0017333
01	0017334
01	0017335
01	0017336
01	0017337
01	0017338
01	0017339
01	0017340
01	0017341
01	0017342
01	0017343
01	0017344
01	0017345
01	0017346
01	0017347
01	0017348
01	0017349
01	0017350
01	0017351
01	0017352
01	0017353
01	0017354
01	0017355
01	0017356
01	0017357
01	0017358
01	0017359
01	0017360
01	0017361
01	0017362
01	0017363
01	0017364
01	0017365
01	0017366
01	0017367
01	0017368
01	0017369
01	0017370
01	0017371
01	0017372
01	0017373
01	0017374
01	0017375
01	0017376
01	0017377
01	0017378
01	0017379
01	0017380
01	0017381
01	0017382
01	0017383
01	0017384
01	0017385
01	0017386
01	0017387
01	0017388
01	0017389
01	0017390
01	0017391
01	0017392
01	0017393
01	0017394
01	0017395
01	0017396
01	0017397
01	0017398
01	0017399
01	0017400
01	0017401
01	0017402
01	0017403
01	0017404
01	0017405
01	0017406
01	0017407
01	0017408
01	0017409
01	0017410
01	0017411
01	0017412
01	0017413
01	0017414
01	0017415
01	0017416
01	0017417
01	0017418
01	0017419
01	0017420
01	0017421
01	0017422
01	0017423
01	0017424
01	0017425
01	0017426
01	0017427
01	0017428
01	0017429
01	0017430
01	0017431
01	0017432
01	0017433
01	0017434
01	0017435
01	0017436
01	0017437
01	0017438
01	0017439
01	0017440
01	0017441
01	0017442
01	0017443
01	0017444
01	0017445
01	0017446
01	0017448
01	0017449
01	0017450
01	0017451
01	0017452
01	0017453
01	0017454
01	0017455
01	0017456
01	0017457
01	0017458
01	0017459
01	0017460
01	0017461
01	0017462
01	0017463
01	0017464
01	0017465
01	0017466
01	0017467
01	0017468
01	0017469
01	0017470
01	0017471
01	0017472
01	0017473
01	0017474
01	0017475
01	0017476
01	0017477
01	0017478
01	0017479
01	0017480
01	0017481
01	0017482
01	0017483
01	0017484
01	0017485
01	0017486
01	0017487
01	0017488
01	0017489
01	0017490
01	0017491
01	0017492
01	0017493
01	0017494
01	0017495
01	0017496
01	0017497
01	0017498
01	0017499
01	0017500
01	0017501
01	0017502
01	0017503
01	0017504
01	0017505
01	0017506
01	0017507
01	0017508
01	0017509
01	0017510
01	0017511
01	0017512
01	0017513
01	0017514
01	0017515
01	0017516
01	0017517
01	0017518
01	0017519
01	0017520
01	0017521
01	0017522
01	0017523
01	0017524
01	0017525
01	0017526
01	0017527
01	0017528
01	0017529
01	0017530
01	0017531
01	0017532
01	0017533
01	0017534
01	0017535
01	0017536
01	0017537
01	0017538
01	0017539
01	0017540
01	0017541
01	0017542
01	0017543
01	0017544
01	0017545
01	0017546
01	0017547
01	0017548
01	0017549
01	0017550
01	0017551
01	0017552
01	0017553
01	0017554
01	0017555
01	0017556
01	0017557
01	0017558
01	0017559
01	0017560
01	0017561
01	0017562
01	0017563
01	0017564
01	0017565
01	0017566
01	0017567
01	0017568
01	0017569
01	0017570
01	0017571
01	0017572
01	0017573
01	0017574
01	0017575
01	0017576
01	0017577
01	0017578
01	0017579
01	0017580
01	0017581
01	0017582
01	0017583
01	0017584
01	0017585
01	0017586
01	0017587
01	0017588
01	0017589
01	0017590
01	0017591
01	0017592
01	0017593
01	0017594
01	0017595
01	0017596
01	0017597
01	0017598
01	0017599
01	0017600
01	0017601
01	0017602
01	0017603
01	0017604
01	0017605
01	0017606
01	0017607
01	0017608
01	0017609
01	0017610
01	0017611
01	0017612
01	0017613
01	0017614
01	0017615
01	0017616
01	0017617
01	0017618
01	0017619
01	0017620
01	0017621
01	0017622
01	0017623
01	0017624
01	0017625
01	0017626
01	0017627
01	0017628
01	0017629
01	0017630
01	0017631
01	0017632
01	0017633
01	0017634
01	0017635
01	0017636
01	0017637
01	0017638
01	0017639
01	0017640
01	0017641
01	0017642
01	0017643
01	0017644
01	0017645
01	0017646
01	0017647
01	0017648
01	0017649
01	0017650
01	0017651
01	0017652
01	0017653
01	0017654
01	0017655
01	0017656
01	0017657
01	0017658
01	0017659
01	0017660
01	0017661
01	0017662
01	0017663
01	0017664
01	0017665
01	0017666
01	0017667
01	0017668
01	0017669
01	0017670
01	0017671
01	0017672
01	0017673
01	0017674
01	0017675
01	0017676
01	0017677
01	0017678
01	0017679
01	0017680
01	0017681
01	0017682
01	0017683
01	0017684
01	0017685
01	0017686
01	0017687
01	0017688
01	0017689
01	0017690
01	0017691
01	0017692
01	0017693
01	0017694
01	0017695
01	0017696
01	0017697
01	0017698
01	0017699
01	0017700
01	0017701
01	0017702
01	0017703
01	0017704
01	0017705
01	0017706
01	0017707
01	0017708
01	0017709
01	0017710
01	0017711
01	0017712
01	0017713
01	0017714
01	0017715
01	0017716
01	0017717
01	0017718
01	0017719
01	0017720
01	0017721
01	0017722
01	0017723
01	0017724
01	0017725
01	0017726
01	0017727
01	0017728
01	0017729
01	0017730
01	0017731
01	0017732
01	0017733
01	0017734
01	0017735
01	0017736
01	0017737
01	0017738
01	0017739
01	0017740
01	0017741
01	0017742
01	0017743
01	0017744
01	0017745
01	0017746
01	0017747
01	0017748
01	0017749
01	0017750
01	0017751
01	0017752
01	0017753
01	0017754
01	0017755
01	0017756
01	0017757
01	0017758
01	0017759
01	0017760
01	0017761
01	0017762
01	0017763
01	0017764
01	0017765
01	0017766
01	0017767
01	0017768
01	0017769
01	0017770
01	0017771
01	0017772
01	0017773
01	0017774
01	0017775
01	0017776
01	0017777
01	0017778
01	0017779
01	0017780
01	0017781
01	0017782
01	0017783
01	0017784
01	0017785
01	0017786
01	0017787
01	0017788
01	0017789
01	0017790
01	0017791
01	0017792
01	0017793
01	0017794
01	0017795
01	0017796
01	0017797
01	0017798
01	0017799
01	0017800
01	0017801
01	0017802
01	0017803
01	0017804
01	0017805
01	0017806
01	0017807
01	0017808
01	0017809
01	0017810
01	0017811
01	0017812
01	0017813
01	0017814
01	0017815
01	0017816
01	0017817
01	0017818
01	0017819
01	0017820
01	0017821
01	0017822
01	0017823
01	0017824
01	0017825
01	0017826
01	0017827
01	0017828
01	0017829
01	0017830
01	0017831
01	0017832
01	0017833
01	0017834
01	0017835
01	0017836
01	0017837
01	0017838
01	0017839
01	0017840
01	0017841
01	0017842
01	0017843
01	0017844
01	0017845
01	0017846
01	0017847
01	0017848
01	0017849
01	0017850
01	0017851
01	0017852
01	0017853
01	0017854
01	0017855
01	0017856
01	0017857
01	0017858
01	0017860
01	0017861
01	0017862
01	0017863
01	0017864
01	0017865
01	0017866
01	0017867
01	0017868
01	0017869
01	0017870
01	0017871
01	0017872
01	0017873
01	0017874
01	0017875
01	0017876
01	0017877
01	0017878
01	0017879
01	0017880
01	0017881
01	0017882
01	0017883
01	0017884
01	0017885
01	0017886
01	0017887
01	0017888
01	0017889
01	0017890
01	0017891
01	0017892
01	0017893
01	0017894
01	0017895
01	0017896
01	0017897
01	0017898
01	0017899
01	0017900
01	0017901
01	0017902
01	0017903
01	0017904
01	0017905
01	0017906
01	0017907
01	0017908
01	0017909
01	0017910
01	0017911
01	0017912
01	0017913
01	0017914
01	0017915
01	0017916
01	0017917
01	0017918
01	0017919
01	0017920
01	0017921
01	0017922
01	0017923
01	0017924
01	0017925
01	0017926
01	0017927
01	0017928
01	0017929
01	0017930
01	0017931
01	0017932
01	0017933
01	0017934
01	0017935
01	0017936
01	0017937
01	0017938
01	0017939
01	0017940
01	0017941
01	0017942
01	0017943
01	0017944
01	0017945
01	0017946
01	0017947
01	0017948
01	0017949
01	0017950
01	0017951
01	0017952
01	0017953
01	0017954
01	0017955
01	0017956
01	0017957
01	0017958
01	0017959
01	0017960
01	0017961
01	0017962
01	0017963
01	0017964
01	0017965
01	0017966
01	0017967
01	0017968
01	0017969
01	0017970
01	0017971
01	0017972
01	0017973
01	0017974
01	0017975
01	0017976
01	0017977
01	0017978
01	0017979
01	0017980
01	0017981
01	0017982
01	0017983
01	0017984
01	0017985
01	0017986
01	0017987
01	0017988
01	0017989
01	0017990
01	0017991
01	0017992
01	0017993
01	0017994
01	0017995
01	0017996
01	0017997
01	0017998
01	0017999
01	0018000
01	0018001
01	0018002
01	0018003
01	0018004
01	0018005
01	0018007
01	0018008
01	0018009
01	0018010
01	0018011
01	0018012
01	0018013
01	0018014
01	0018015
01	0018016
01	0018017
01	0018018
01	0018019
01	0018020
01	0018021
01	0018022
01	0018023
01	0018024
01	0018025
01	0018026
01	0018027
01	0018028
01	0018029
01	0018030
01	0018031
01	0018032
01	0018033
01	0018034
01	0018035
01	0018036
01	0018037
01	0018038
01	0018040
01	0018041
01	0018042
01	0018043
01	0018044
01	0018045
01	0018046
01	0018047
01	0018048
01	0018049
01	0018050
01	0018051
01	0018052
01	0018053
01	0018054
01	0018055
01	0018056
01	0018057
01	0018058
01	0018059
01	0018060
01	0018061
01	0018062
01	0018063
01	0018064
01	0018065
01	0018066
01	0018067
01	0018068
01	0018069
01	0018070
01	0018071
01	0018072
01	0018073
01	0018074
01	0018075
01	0018076
01	0018077
01	0018078
01	0018079
01	0018080
01	0018081
01	0018082
01	0018083
01	0018084
01	0018085
01	0018086
01	0018087
01	0018088
01	0018089
01	0018090
01	0018091
01	0018092
01	0018093
01	0018094
01	0018095
01	0018096
01	0018097
01	0018098
01	0018099
01	0018100
01	0018101
01	0018102
01	0018103
01	0018104
01	0018105
01	0018106
01	0018107
01	0018108
01	0018109
01	0018110
01	0018111
01	0018112
01	0018113
01	0018114
01	0018115
01	0018116
01	0018117
01	0018118
01	0018119
01	0018120
01	0018121
01	0018122
01	0018123
01	0018124
01	0018125
01	0018126
01	0018127
01	0018128
01	0018129
01	0018130
01	0018131
01	0018132
01	0018133
01	0018134
01	0018135
01	0018136
01	0018137
01	0018138
01	0018139
01	0018140
01	0018141
01	0018142
01	0018143
01	0018144
01	0018145
01	0018146
01	0018147
01	0018148
01	0018149
01	0018150
01	0018151
01	0018152
01	0018153
01	0018154
01	0018155
01	0018156
01	0018157
01	0018158
01	0018159
01	0018160
01	0018161
01	0018162
01	0018163
01	0018164
01	0018165
01	0018166
01	0018167
01	0018168
01	0018169
01	0018170
01	0018172
01	0018173
01	0018174
01	0018175
01	0018176
01	0018177
01	0018178
01	0018179
01	0018180
01	0018181
01	0018182
01	0018183
01	0018184
01	0018185
01	0018186
01	0018187
01	0018188
01	0018189
01	0018190
01	0018191
01	0018192
01	0018193
01	0018194
01	0018195
01	0018196
01	0018197
01	0018198
01	0018199
01	0018200
01	0018201
01	0018202
01	0018203
01	0018204
01	0018205
01	0018206
01	0018207
01	0018208
01	0018209
01	0018210
01	0018211
01	0018212
01	0018213
01	0018214
01	0018215
01	0018216
01	0018217
01	0018218
01	0018219
01	0018220
01	0018221
01	0018222
01	0018223
01	0018224
01	0018225
01	0018226
01	0018227
01	0018228
01	0018229
01	0018230
01	0018231
01	0018232
01	0018233
01	0018234
01	0018235
01	0018236
01	0018237
01	0018238
01	0018239
01	0018240
01	0018241
01	0018242
01	0018243
01	0018244
01	0018245
01	0018246
01	0018247
01	0018248
01	0018249
01	0018250
01	0018251
01	0018252
01	0018253
01	0018254
01	0018255
01	0018256
01	0018257
01	0018258
01	0018259
01	0018260
01	0018261
01	0018262
01	0018263
01	0018264
01	0018265
01	0018266
01	0018267
01	0018268
01	0018269
01	0018270
01	0018271
01	0018272
01	0018273
01	0018274
01	0018275
01	0018276
01	0018277
01	0018278
01	0018279
01	0018280
01	0018281
01	0018282
01	0018283
01	0018284
01	0018285
01	0018286
01	0018287
01	0018288
01	0018289
01	0018290
01	0018291
01	0018292
01	0018293
01	0018294
01	0018295
01	0018296
01	0018297
01	0018298
01	0018299
01	0018300
01	0018301
01	0018302
01	0018303
01	0018304
01	0018305
01	0018306
01	0018307
01	0018308
01	0018309
01	0018310
01	0018311
01	0018312
01	0018313
01	0018314
01	0018315
01	0018316
01	0018317
01	0018318
01	0018319
01	0018320
01	0018321
01	0018322
01	0018323
01	0018324
01	0018325
01	0018326
01	0018327
01	0018328
01	0018329
01	0018330
01	0018331
01	0018332
01	0018333
01	0018334
01	0018335
01	0018336
01	0018337
01	0018338
01	0018339
01	0018340
01	0018341
01	0018342
01	0018343
01	0018344
01	0018345
01	0018346
01	0018347
01	0018348
01	0018349
01	0018350
01	0018351
01	0018352
01	0018353
01	0018354
01	0018355
01	0018356
01	0018357
01	0018358
01	0018359
01	0018360
01	0018361
01	0018362
01	0018363
01	0018364
01	0018365
01	0018366
01	0018367
01	0018368
01	0018369
01	0018370
01	0018371
01	0018372
01	0018373
01	0018374
01	0018375
01	0018376
01	0018377
01	0018378
01	0018379
01	0018380
01	0018381
01	0018382
01	0018383
01	0018384
01	0018385
01	0018386
01	0018387
01	0018388
01	0018389
01	0018390
01	0018391
01	0018392
01	0018393
01	0018394
01	0018395
01	0018396
01	0018397
01	0018398
01	0018399
01	0018400
01	0018401
01	0018402
01	0018403
01	0018404
01	0018405
01	0018406
01	0018407
01	0018408
01	0018409
01	0018410
01	0018411
01	0018412
01	0018413
01	0018414
01	0018415
01	0018416
01	0018417
01	0018418
01	0018419
01	0018420
01	0018421
01	0018422
01	0018423
01	0018424
01	0018425
01	0018426
01	0018427
01	0018428
01	0018429
01	0018430
01	0018431
01	0018432
01	0018433
01	0018434
01	0018435
01	0018436
01	0018437
01	0018438
01	0018439
01	0018440
01	0018441
01	0018442
01	0018443
01	0018444
01	0018445
01	0018446
01	0018447
01	0018448
01	0018449
01	0018450
01	0018451
01	0018452
01	0018453
01	0018454
01	0018455
01	0018456
01	0018457
01	0018458
01	0018459
01	0018460
01	0018461
01	0018462
01	0018463
01	0018464
01	0018465
01	0018466
01	0018467
01	0018468
01	0018469
01	0018470
01	0018471
01	0018472
01	0018473
01	0018474
01	0018475
01	0018476
01	0018477
01	0018478
01	0018479
01	0018480
01	0018481
01	0018482
01	0018483
01	0018484
01	0018485
01	0018486
01	0018487
01	0018488
01	0018489
01	0018490
01	0018491
01	0018492
01	0018493
01	0018494
01	0018495
01	0018496
01	0018497
01	0018498
01	0018499
01	0018500
01	0018501
01	0018502
01	0018503
01	0018504
01	0018505
01	0018506
01	0018507
01	0018508
01	0018509
01	0018510
01	0018511
01	0018512
01	0018513
01	0018514
01	0018515
01	0018516
01	0018517
01	0018518
01	0018519
01	0018520
01	0018521
01	0018522
01	0018523
01	0018524
01	0018525
01	0018526
01	0018527
01	0018528
01	0018529
01	0018530
01	0018531
01	0018532
01	0018533
01	0018534
01	0018535
01	0018536
01	0018537
01	0018538
01	0018539
01	0018540
01	0018541
01	0018542
01	0018543
01	0018544
01	0018545
01	0018546
01	0018547
01	0018548
01	0018549
01	0018550
01	0018551
01	0018552
01	0018553
01	0018554
01	0018555
01	0018556
01	0018557
01	0018558
01	0018559
01	0018560
01	0018561
01	0018562
01	0018563
01	0018564
01	0018565
01	0018566
01	0018567
01	0018568
01	0018569
01	0018570
01	0018571
01	0018572
01	0018573
01	0018574
01	0018575
01	0018576
01	0018577
01	0018578
01	0018579
01	0018580
01	0018581
01	0018582
01	0018583
01	0018584
01	0018585
01	0018586
01	0018587
01	0018588
01	0018589
01	0018590
01	0018591
01	0018592
01	0018593
01	0018594
01	0018595
01	0018596
01	0018597
01	0018598
01	0018599
01	0018600
01	0018601
01	0018602
01	0018603
01	0018604
01	0018605
01	0018606
01	0018607
01	0018608
01	0018609
01	0018610
01	0018611
01	0018612
01	0018613
01	0018614
01	0018615
01	0018616
01	0018617
01	0018618
01	0018619
01	0018620
01	0018621
01	0018622
01	0018623
01	0018624
01	0018625
01	0018626
01	0018627
01	0018628
01	0018629
01	0018630
01	0018631
01	0018632
01	0018633
01	0018634
01	0018635
01	0018636
01	0018637
01	0018638
01	0018639
01	0018640
01	0018641
01	0018642
01	0018643
01	0018644
01	0018645
01	0018646
01	0018647
01	0018648
01	0018649
01	0018650
01	0018651
01	0018652
01	0018653
01	0018654
01	0018655
01	0018656
01	0018657
01	0018658
01	0018659
01	0018660
01	0018661
01	0018662
01	0018663
01	0018664
01	0018665
01	0018666
01	0018667
01	0018668
01	0018669
01	0018670
01	0018671
01	0018672
01	0018673
01	0018674
01	0018675
01	0018676
01	0018677
01	0018678
01	0018679
01	0018680
01	0018681
01	0018682
01	0018683
01	0018684
01	0018685
01	0018686
01	0018687
01	0018688
01	0018689
01	0018690
01	0018691
01	0018692
01	0018693
01	0018694
01	0018695
01	0018696
01	0018697
01	0018698
01	0018699
01	0018700
01	0018701
01	0018702
01	0018703
01	0018704
01	0018705
01	0018706
01	0018707
01	0018708
01	0018709
01	0018710
01	0018711
01	0018712
01	0018713
01	0018714
01	0018715
01	0018716
01	0018717
01	0018718
01	0018719
01	0018720
01	0018721
01	0018722
01	0018723
01	0018724
01	0018725
01	0018726
01	0018727
01	0018728
01	0018729
01	0018730
01	0018731
01	0018732
01	0018733
01	0018734
01	0018735
01	0018736
01	0018737
01	0018738
01	0018739
01	0018740
01	0018741
01	0018742
01	0018743
01	0018744
01	0018745
01	0018746
01	0018747
01	0018748
01	0018749
01	0018750
01	0018751
01	0018752
01	0018753
01	0018754
01	0018755
01	0018756
01	0018757
01	0018758
01	0018759
01	0018760
01	0018761
01	0018762
01	0018763
01	0018764
01	0018765
01	0018766
01	0018767
01	0018768
01	0018769
01	0018770
01	0018771
01	0018772
01	0018773
01	0018774
01	0018775
01	0018776
01	0018777
01	0018778
01	0018779
01	0018780
01	0018781
01	0018782
01	0018783
01	0018784
01	0018785
01	0018786
01	0018787
01	0018788
01	0018789
01	0018790
01	0018791
01	0018792
01	0018793
01	0018794
01	0018795
01	0018796
01	0018797
01	0018798
01	0018799
01	0018800
01	0018801
01	0018802
01	0018803
01	0018804
01	0018805
01	0018806
01	0018807
01	0018808
01	0018809
01	0018810
01	0018811
01	0018812
01	0018813
01	0018814
01	0018815
01	0018816
01	0018817
01	0018818
01	0018819
01	0018820
01	0018821
01	0018822
01	0018823
01	0018824
01	0018825
01	0018826
01	0018827
01	0018828
01	0018829
01	0018830
01	0018831
01	0018832
01	0018833
01	0018834
01	0018835
01	0018836
01	0018837
01	0018838
01	0018839
01	0018840
01	0018841
01	0018842
01	0018843
01	0018844
01	0018845
01	0018846
01	0018847
01	0018848
01	0018849
01	0018850
01	0018851
01	0018852
01	0018853
01	0018854
01	0018855
01	0018856
01	0018857
01	0018858
01	0018859
01	0018860
01	0018861
01	0018862
01	0018863
01	0018864
01	0018865
01	0018866
01	0018867
01	0018868
01	0018869
01	0018870
01	0018871
01	0018872
01	0018873
01	0018874
01	0018875
01	0018876
01	0018877
01	0018878
01	0018879
01	0018880
01	0018881
01	0018882
01	0018883
01	0018884
01	0018885
01	0018886
01	0018887
01	0018888
01	0018889
01	0018890
01	0018891
01	0018892
01	0018893
01	0018894
01	0018895
01	0018896
01	0018897
01	0018898
01	0018899
01	0018900
01	0018901
01	0018902
01	0018903
01	0018904
01	0018905
01	0018906
01	0018907
01	0018908
01	0018909
01	0018910
01	0018911
01	0018912
01	0018913
01	0018914
01	0018916
01	0018917
01	0018918
01	0018919
01	0018920
01	0018921
01	0018922
01	0018923
01	0018924
01	0018925
01	0018926
01	0018927
01	0018928
01	0018929
01	0018930
01	0018931
01	0018932
01	0018934
01	0018935
01	0018936
01	0018937
01	0018938
01	0018939
01	0018940
01	0018941
01	0018942
01	0018943
01	0018944
01	0018945
01	0018946
01	0018947
01	0018948
01	0018949
01	0018950
01	0018951
01	0018952
01	0018953
01	0018954
01	0018955
01	0018956
01	0018957
01	0018958
01	0018959
01	0018960
01	0018961
01	0018962
01	0018963
01	0018964
01	0018965
01	0018966
01	0018967
01	0018968
01	0018969
01	0018970
01	0018971
01	0018972
01	0018973
01	0018974
01	0018975
01	0018976
01	0018977
01	0018978
01	0018979
01	0018980
01	0018981
01	0018982
01	0018983
01	0018984
01	0018985
01	0018986
01	0018987
01	0018988
01	0018989
01	0018990
01	0018991
01	0018992
01	0018993
01	0018994
01	0018995
01	0018996
01	0018997
01	0018998
01	0018999
01	0019000
01	0019001
01	0019002
01	0019003
01	0019004
01	0019005
01	0019006
01	0019007
01	0019008
01	0019009
01	0019010
01	0019011
01	0019012
01	0019013
01	0019014
01	0019015
01	0019016
01	0019017
01	0019018
01	0019019
01	0019020
01	0019021
01	0019022
01	0019023
01	0019024
01	0019025
01	0019026
01	0019027
01	0019028
01	0019029
01	0019030
01	0019031
01	0019032
01	0019033
01	0019034
01	0019035
01	0019036
01	0019037
01	0019038
01	0019039
01	0019040
01	0019041
01	0019042
01	0019043
01	0019044
01	0019045
01	0019046
01	0019047
01	0019048
01	0019049
01	0019050
01	0019051
01	0019052
01	0019053
01	0019054
01	0019055
01	0019056
01	0019057
01	0019058
01	0019059
01	0019060
01	0019061
01	0019062
01	0019063
01	0019064
01	0019065
01	0019066
01	0019067
01	0019068
01	0019069
01	0019070
01	0019071
01	0019072
01	0019073
01	0019074
01	0019075
01	0019076
01	0019077
01	0019078
01	0019079
01	0019080
01	0019081
01	0019082
01	0019083
01	0019084
01	0019085
01	0019086
01	0019087
01	0019088
01	0019089
01	0019090
01	0019091
01	0019092
01	0019093
01	0019094
01	0019095
01	0019096
01	0019097
01	0019098
01	0019099
01	0019100
01	0019101
01	0019102
01	0019103
01	0019104
01	0019105
01	0019106
01	0019107
01	0019108
01	0019109
01	0019110
01	0019111
01	0019112
01	0019113
01	0019114
01	0019115
01	0019116
01	0019117
01	0019118
01	0019119
01	0019120
01	0019121
01	0019122
01	0019123
01	0019124
01	0019125
01	0019126
01	0019127
01	0019128
01	0019129
01	0019130
01	0019131
01	0019132
01	0019133
01	0019134
01	0019135
01	0019136
01	0019137
01	0019138
01	0019139
01	0019140
01	0019141
01	0019142
01	0019143
01	0019144
01	0019145
01	0019146
01	0019147
01	0019148
01	0019149
01	0019150
01	0019151
01	0019152
01	0019153
01	0019154
01	0019155
01	0019156
01	0019157
01	0019158
01	0019159
01	0019160
01	0019161
01	0019162
01	0019163
01	0019164
01	0019165
01	0019166
01	0019167
01	0019168
01	0019169
01	0019170
01	0019171
01	0019172
01	0019173
01	0019174
01	0019175
01	0019176
01	0019177
01	0019178
01	0019179
01	0019180
01	0019181
01	0019182
01	0019183
01	0019184
01	0019185
01	0019186
01	0019187
01	0019188
01	0019189
01	0019190
01	0019191
01	0019192
01	0019193
01	0019194
01	0019195
01	0019196
01	0019197
01	0019198
01	0019199
01	0019200
01	0019201
01	0019202
01	0019203
01	0019204
01	0019205
01	0019206
01	0019207
01	0019208
01	0019209
01	0019210
01	0019211
01	0019212
01	0019213
01	0019214
01	0019215
01	0019216
01	0019217
01	0019218
01	0019219
01	0019220
01	0019221
01	0019222
01	0019223
01	0019224
01	0019225
01	0019226
01	0019227
01	0019228
01	0019229
01	0019230
01	0019231
01	0019232
01	0019233
01	0019234
01	0019235
01	0019236
01	0019237
01	0019238
01	0019239
01	0019240
01	0019241
01	0019242
01	0019243
01	0019244
01	0019245
01	0019246
01	0019247
01	0019248
01	0019249
01	0019250
01	0019251
01	0019252
01	0019253
01	0019254
01	0019255
01	0019256
01	0019257
01	0019258
01	0019259
01	0019260
01	0019261
01	0019262
01	0019263
01	0019264
01	0019265
02	0019266
02	0019267
02	0019268
02	0019269
02	0019270
02	0019271
02	0019272
02	0019273
02	0019274
02	0019275
02	0019276
02	0019277
02	0019278
02	0019279
02	0019280
02	0019281
02	0019282
02	0019283
02	0019284
02	0019285
02	0019286
02	0019287
02	0019288
02	0019289
02	0019290
02	0019291
02	0019292
02	0019293
02	0019294
02	0019295
02	0019296
02	0019297
02	0019298
02	0019299
02	0019300
02	0019301
02	0019302
02	0019303
02	0019304
02	0019305
02	0019306
02	0019307
02	0019308
02	0019309
02	0019310
02	0019311
02	0019312
02	0019313
02	0019314
02	0019315
02	0019316
02	0019317
02	0019318
02	0019319
02	0019320
02	0019321
02	0019322
02	0019323
02	0019324
02	0019325
02	0019326
02	0019327
02	0019328
02	0019329
02	0019330
02	0019331
02	0019332
02	0019333
02	0019334
02	0019335
02	0019336
02	0019337
02	0019338
02	0019339
02	0019340
02	0019341
02	0019342
02	0019343
02	0019344
02	0019345
02	0019346
02	0019347
02	0019348
02	0019349
02	0019350
02	0019351
02	0019352
02	0019353
02	0019354
02	0019355
02	0019356
02	0019357
02	0019358
02	0019359
02	0019360
02	0019361
02	0019362
02	0019363
02	0019364
02	0019365
02	0019366
02	0019367
02	0019368
02	0019369
02	0019370
02	0019371
02	0019372
02	0019373
02	0019374
02	0019375
02	0019376
02	0019377
02	0019378
02	0019379
02	0019380
02	0019381
02	0019382
02	0019383
02	0019384
02	0019385
02	0019386
02	0019387
02	0019388
02	0019389
02	0019390
02	0019391
02	0019392
02	0019393
02	0019394
02	0019395
02	0019396
02	0019397
02	0019398
02	0019399
02	0019400
02	0019401
02	0019402
02	0019403
02	0019404
02	0019405
02	0019406
02	0019407
02	0019408
02	0019409
02	0019410
02	0019411
02	0019412
02	0019413
02	0019414
02	0019415
02	0019416
02	0019417
02	0019418
02	0019419
02	0019420
02	0019421
02	0019422
02	0019423
02	0019424
02	0019425
02	0019426
02	0019427
02	0019428
02	0019429
02	0019430
02	0019431
02	0019432
02	0019433
02	0019434
02	0019435
02	0019436
02	0019437
02	0019438
02	0019439
02	0019440
02	0019441
02	0019442
02	0019443
02	0019444
02	0019445
02	0019446
02	0019447
02	0019448
02	0019449
02	0019450
02	0019451
02	0019452
02	0019453
02	0019454
02	0019455
02	0019456
02	0019457
02	0019458
02	0019459
02	0019460
02	0019461
02	0019462
02	0019463
02	0019464
02	0019465
02	0019466
02	0019467
02	0019468
02	0019469
02	0019470
02	0019471
02	0019472
02	0019473
02	0019474
02	0019475
02	0019476
02	0019477
02	0019478
02	0019479
02	0019480
02	0019481
02	0019482
02	0019483
02	0019484
02	0019485
02	0019486
02	0019487
02	0019488
02	0019489
02	0019490
02	0019491
02	0019492
02	0019493
02	0019494
02	0019495
02	0019496
02	0019497
02	0019498
02	0019499
02	0019500
02	0019501
02	0019502
02	0019503
02	0019504
02	0019505
02	0019506
02	0019507
02	0019508
02	0019509
02	0019510
02	0019511
02	0019512
02	0019513
02	0019514
02	0019515
02	0019516
02	0019517
02	0019518
02	0019519
02	0019520
02	0019521
02	0019522
02	0019523
02	0019524
02	0019525
02	0019526
02	0019527
02	0019528
02	0019529
02	0019530
02	0019531
02	0019532
02	0019533
02	0019534
02	0019535
02	0019536
02	0019537
02	0019538
02	0019539
02	0019540
02	0019541
02	0019542
02	0019543
02	0019544
02	0019545
02	0019546
02	0019547
02	0019548
02	0019549
02	0019550
02	0019551
02	0019552
02	0019553
02	0019554
02	0019555
02	0019556
02	0019557
02	0019558
02	0019559
02	0019560
02	0019561
02	0019562
02	0019563
02	0019564
02	0019565
02	0019566
02	0019567
02	0019568
02	0019569
02	0019570
02	0019571
02	0019572
02	0019573
02	0019574
02	0019575
02	0019576
02	0019577
02	0019578
02	0019579
02	0019580
02	0019581
02	0019582
02	0019583
02	0019584
02	0019585
02	0019586
02	0019587
02	0019588
02	0019589
02	0019590
02	0019591
02	0019592
02	0019593
02	0019594
02	0019595
02	0019596
02	0019597
02	0019598
02	0019599
02	0019600
02	0019601
02	0019602
02	0019603
02	0019604
02	0019605
02	0019606
02	0019607
02	0019608
02	0019609
02	0019610
02	0019611
02	0019612
02	0019613
02	0019614
02	0019615
02	0019616
02	0019617
02	0019618
02	0019619
02	0019620
02	0019621
02	0019622
02	0019623
02	0019624
02	0019625
02	0019626
02	0019627
02	0019628
02	0019629
02	0019630
02	0019631
02	0019632
02	0019633
02	0019634
02	0019635
02	0019636
02	0019637
02	0019638
02	0019639
02	0019640
02	0019641
02	0019642
02	0019643
02	0019644
02	0019645
02	0019646
02	0019647
02	0019648
02	0019649
02	0019650
02	0019651
02	0019652
02	0019653
02	0019654
02	0019655
02	0019656
02	0019657
02	0019658
02	0019659
02	0019660
02	0019661
02	0019662
02	0019663
02	0019664
02	0019665
02	0019666
02	0019667
02	0019668
02	0019669
02	0019670
02	0019671
02	0019672
02	0019673
02	0019674
02	0019675
02	0019676
02	0019677
02	0019678
02	0019679
02	0019680
02	0019681
02	0019682
02	0019683
02	0019684
02	0019685
02	0019686
02	0019687
02	0019688
02	0019689
02	0019690
02	0019691
02	0019692
02	0019693
02	0019694
02	0019695
02	0019696
02	0019697
02	0019698
02	0019699
02	0019700
02	0019701
02	0019702
02	0019703
02	0019704
02	0019705
02	0019706
02	0019707
02	0019708
02	0019709
02	0019710
02	0019711
02	0019712
02	0019713
02	0019714
02	0019715
02	0019716
02	0019717
02	0019718
02	0019719
02	0019720
02	0019721
02	0019722
02	0019723
02	0019724
02	0019725
02	0019726
02	0019727
02	0019728
02	0019729
02	0019730
02	0019731
02	0019732
02	0019733
02	0019734
02	0019735
02	0019736
02	0019737
02	0019738
02	0019739
02	0019740
02	0019741
02	0019742
02	0019743
02	0019744
02	0019745
02	0019746
02	0019747
02	0019748
02	0019749
02	0019750
02	0019751
02	0019752
02	0019753
02	0019754
02	0019755
02	0019756
02	0019757
02	0019758
02	0019759
02	0019760
02	0019761
02	0019762
02	0019763
02	0019764
02	0019765
02	0019766
02	0019767
02	0019768
02	0019769
02	0019770
02	0019771
02	0019772
02	0019773
02	0019774
02	0019775
02	0019776
02	0019777
02	0019778
02	0019779
02	0019780
02	0019781
02	0019782
02	0019783
02	0019784
02	0019785
02	0019786
02	0019787
02	0019788
02	0019789
02	0019790
02	0019791
02	0019792
02	0019793
02	0019794
02	0019795
02	0019796
02	0019797
02	0019798
02	0019799
02	0019800
02	0019801
02	0019802
02	0019803
02	0019804
02	0019805
02	0019806
02	0019807
02	0019808
02	0019809
02	0019810
02	0019811
02	0019812
02	0019813
02	0019814
02	0019815
02	0019816
02	0019817
02	0019818
02	0019819
02	0019820
02	0019821
02	0019822
02	0019823
02	0019824
02	0019825
02	0019826
02	0019827
02	0019828
02	0019829
02	0019830
02	0019831
02	0019832
02	0019833
02	0019834
02	0019835
02	0019836
02	0019837
02	0019838
02	0019839
02	0019840
02	0019841
02	0019842
02	0019843
02	0019844
02	0019845
02	0019846
02	0019847
02	0019848
02	0019849
02	0019850
02	0019851
02	0019852
02	0019853
02	0019854
02	0019855
02	0019856
02	0019857
02	0019858
02	0019859
02	0019860
02	0019861
02	0019862
02	0019863
02	0019864
02	0019865
02	0019866
02	0019867
02	0019868
02	0019869
02	0019870
02	0019871
02	0019872
02	0019873
02	0019874
02	0019875
02	0019876
02	0019877
02	0019878
02	0019879
02	0019880
02	0019881
02	0019882
02	0019883
02	0019884
02	0019885
02	0019886
02	0019887
02	0019888
02	0019889
02	0019890
02	0019891
02	0019892
02	0019893
02	0019894
02	0019895
02	0019896
02	0019897
02	0019898
02	0019899
02	0019900
02	0019901
02	0019902
02	0019903
02	0019904
02	0019905
02	0019906
02	0019907
02	0019908
02	0019909
02	0019910
02	0019911
02	0019912
02	0019913
02	0019914
02	0019915
02	0019916
02	0019917
02	0019918
02	0019919
02	0019920
02	0019921
02	0019922
02	0019923
02	0019924
02	0019925
02	0019926
02	0019927
02	0019928
02	0019929
02	0019930
02	0019931
02	0019932
02	0019933
02	0019934
02	0019935
02	0019936
02	0019937
02	0019938
02	0019939
02	0019940
02	0019941
02	0019942
02	0019943
02	0019944
02	0019945
02	0019946
02	0019947
02	0019948
02	0019949
02	0019950
02	0019951
02	0019952
02	0019953
02	0019954
02	0019955
02	0019956
02	0019957
02	0019958
02	0019959
02	0019960
02	0019961
02	0019962
02	0019963
02	0019964
02	0019965
02	0019966
02	0019967
02	0019968
02	0019969
02	0019970
02	0019971
02	0019972
02	0019973
02	0019974
02	0019975
02	0019976
02	0019977
02	0019978
02	0019979
02	0019980
02	0019981
02	0019982
02	0019983
02	0019984
02	0019985
02	0019986
02	0019987
02	0019988
02	0019989
02	0019990
02	0019991
02	0019992
02	0019993
02	0019995
02	0019996
02	0019997
02	0019998
02	0019999
02	0020000
02	0020001
02	0020002
02	0020003
02	0020004
02	0020005
02	0020006
02	0020007
02	0020008
02	0020009
02	0020010
02	0020011
02	0020012
02	0020013
02	0020014
02	0020015
02	0020016
02	0020017
02	0020018
02	0020019
02	0020020
02	0020021
02	0020022
02	0020023
02	0020024
02	0020025
02	0020026
02	0020027
02	0020028
02	0020029
02	0020030
02	0020031
02	0020032
02	0020033
02	0020034
02	0020035
02	0020036
02	0020037
02	0020038
02	0020039
02	0020040
02	0020041
02	0020042
02	0020043
02	0020044
02	0020045
02	0020046
02	0020047
02	0020048
02	0020049
02	0020050
02	0020051
02	0020052
02	0020053
02	0020054
02	0020055
02	0020056
02	0020057
02	0020058
02	0020059
02	0020060
02	0020061
02	0020062
02	0020063
02	0020064
02	0020065
02	0020066
02	0020067
02	0020068
02	0020069
02	0020070
02	0020071
02	0020072
02	0020073
02	0020074
02	0020075
02	0020076
02	0020077
02	0020078
02	0020079
02	0020080
02	0020081
02	0020082
02	0020083
02	0020084
02	0020085
02	0020086
02	0020087
02	0020088
02	0020089
02	0020090
02	0020091
02	0020092
02	0020093
02	0020094
02	0020095
02	0020096
02	0020097
02	0020098
02	0020099
02	0020100
02	0020101
02	0020102
02	0020103
02	0020104
02	0020105
02	0020106
02	0020107
02	0020108
02	0020109
02	0020110
02	0020111
02	0020112
02	0020113
02	0020114
02	0020115
02	0020116
02	0020117
02	0020118
02	0020119
02	0020120
02	0020121
02	0020122
02	0020123
02	0020124
02	0020125
02	0020126
02	0020127
02	0020128
02	0020129
02	0020130
02	0020131
02	0020132
02	0020133
02	0020134
02	0020135
02	0020136
02	0020137
02	0020138
02	0020139
02	0020140
02	0020141
02	0020142
02	0020143
02	0020144
02	0020145
02	0020146
02	0020147
02	0020148
02	0020149
02	0020150
02	0020151
02	0020152
02	0020153
02	0020154
02	0020155
02	0020156
02	0020157
02	0020158
02	0020159
02	0020160
02	0020161
02	0020162
02	0020163
02	0020164
02	0020165
02	0020166
02	0020167
02	0020168
02	0020169
02	0020170
02	0020171
02	0020172
02	0020173
02	0020174
02	0020175
02	0020176
02	0020177
02	0020178
02	0020179
02	0020180
02	0020181
02	0020182
02	0020183
02	0020184
02	0020185
02	0020186
02	0020187
02	0020188
02	0020189
02	0020190
02	0020191
02	0020192
02	0020193
02	0020194
02	0020195
02	0020196
02	0020197
02	0020198
02	0020199
02	0020200
02	0020201
02	0020202
02	0020203
02	0020204
02	0020205
02	0020206
02	0020207
02	0020208
02	0020209
02	0020210
02	0020211
02	0020212
02	0020213
02	0020214
02	0020215
02	0020216
02	0020217
02	0020218
02	0020219
02	0020220
02	0020221
02	0020222
02	0020223
02	0020224
02	0020225
02	0020226
02	0020227
02	0020228
02	0020229
02	0020230
02	0020231
02	0020232
02	0020233
02	0020234
02	0020235
02	0020236
02	0020237
02	0020238
02	0020239
02	0020240
02	0020241
02	0020242
02	0020243
02	0020244
02	0020245
02	0020246
02	0020247
02	0020248
02	0020249
02	0020250
02	0020251
02	0020252
02	0020253
02	0020254
02	0020255
02	0020256
02	0020257
02	0020258
02	0020259
02	0020260
02	0020261
02	0020262
02	0020263
02	0020264
02	0020265
02	0020266
02	0020267
02	0020268
02	0020269
02	0020270
02	0020271
02	0020272
02	0020273
02	0020274
02	0020275
02	0020276
02	0020277
02	0020278
02	0020279
02	0020280
02	0020281
02	0020282
02	0020283
02	0020284
02	0020285
02	0020286
02	0020287
02	0020288
02	0020289
02	0020290
02	0020291
02	0020292
02	0020293
02	0020294
02	0020295
02	0020296
02	0020297
02	0020298
02	0020299
02	0020300
02	0020301
02	0020302
02	0020303
02	0020304
02	0020305
02	0020306
02	0020307
02	0020308
02	0020309
02	0020310
02	0020311
02	0020312
02	0020313
02	0020314
02	0020315
02	0020316
02	0020317
02	0020318
02	0020319
02	0020320
02	0020321
02	0020322
02	0020323
02	0020324
02	0020325
02	0020326
02	0020327
02	0020328
02	0020329
02	0020330
02	0020331
02	0020332
02	0020333
02	0020334
02	0020335
02	0020336
02	0020337
02	0020338
02	0020339
02	0020340
02	0020341
02	0020342
02	0020343
02	0020344
02	0020345
02	0020346
02	0020347
02	0020348
02	0020349
02	0020350
02	0020351
02	0020352
02	0020353
02	0020354
02	0020355
02	0020356
02	0020357
02	0020358
02	0020359
02	0020360
02	0020361
02	0020362
02	0020363
02	0020364
02	0020365
02	0020366
02	0020367
02	0020368
02	0020369
02	0020370
02	0020371
02	0020372
02	0020373
02	0020374
02	0020375
02	0020376
02	0020377
02	0020378
02	0020379
02	0020380
02	0020381
02	0020382
02	0020383
02	0020384
02	0020385
02	0020386
02	0020387
02	0020388
02	0020389
02	0020390
02	0020391
02	0020392
02	0020393
02	0020394
02	0020395
02	0020396
02	0020397
02	0020398
02	0020399
02	0020400
02	0020401
02	0020402
02	0020403
02	0020404
02	0020405
02	0020406
02	0020407
02	0020408
02	0020409
02	0020410
02	0020411
02	0020412
02	0020413
02	0020414
02	0020415
02	0020416
02	0020417
02	0020418
02	0020419
02	0020420
02	0020421
02	0020422
02	0020423
02	0020424
02	0020425
02	0020426
02	0020427
02	0020428
02	0020429
02	0020430
02	0020431
02	0020432
02	0020433
02	0020434
02	0020435
02	0020436
02	0020437
02	0020438
02	0020439
02	0020440
02	0020441
02	0020442
02	0020443
02	0020444
02	0020445
02	0020446
02	0020447
02	0020448
02	0020449
02	0020450
02	0020451
02	0020452
02	0020453
02	0020454
02	0020455
02	0020456
02	0020457
02	0020458
02	0020459
02	0020460
02	0020461
02	0020462
02	0020463
02	0020464
02	0020465
02	0020466
02	0020467
02	0020468
02	0020469
02	0020470
02	0020471
02	0020472
02	0020473
02	0020474
02	0020475
02	0020476
02	0020477
02	0020478
02	0020479
02	0020480
02	0020481
02	0020482
02	0020483
02	0020484
02	0020485
02	0020486
02	0020487
02	0020488
02	0020489
02	0020490
02	0020491
02	0020492
02	0020493
02	0020494
02	0020495
02	0020496
02	0020497
02	0020498
02	0020499
02	0020500
02	0020501
02	0020502
02	0020503
02	0020504
02	0020505
02	0020506
02	0020507
02	0020508
02	0020509
02	0020510
02	0020511
02	0020512
02	0020513
02	0020514
02	0020515
02	0020516
02	0020517
02	0020518
02	0020519
02	0020520
02	0020521
02	0020522
02	0020523
02	0020524
02	0020525
02	0020526
02	0020527
02	0020528
02	0020529
02	0020530
02	0020531
02	0020532
02	0020533
02	0020534
02	0020535
02	0020536
02	0020537
02	0020538
02	0020539
02	0020540
02	0020541
02	0020542
02	0020543
02	0020544
02	0020545
02	0020546
02	0020547
02	0020548
02	0020549
02	0020550
02	0020551
02	0020552
02	0020553
02	0020554
02	0020555
02	0020556
02	0020557
02	0020558
02	0020559
02	0020560
02	0020561
02	0020562
02	0020563
02	0020564
02	0020565
02	0020566
02	0020567
02	0020568
02	0020569
02	0020570
02	0020571
02	0020572
02	0020573
02	0020574
02	0020575
02	0020576
02	0020577
02	0020578
02	0020579
02	0020580
02	0020581
02	0020582
02	0020583
02	0020584
02	0020585
02	0020586
02	0020587
02	0020588
02	0020589
02	0020590
02	0020591
02	0020592
02	0020593
02	0020594
02	0020595
02	0020596
02	0020597
02	0020598
02	0020599
02	0020600
02	0020601
02	0020602
02	0020603
02	0020604
02	0020605
02	0020606
02	0020607
02	0020608
02	0020609
02	0020610
02	0020611
02	0020612
02	0020613
02	0020614
02	0020615
02	0020616
02	0020617
02	0020618
02	0020619
02	0020620
02	0020621
02	0020622
02	0020623
02	0020624
02	0020625
02	0020626
02	0020627
02	0020628
02	0020629
02	0020630
02	0020631
02	0020632
02	0020633
02	0020634
02	0020635
02	0020637
02	0020638
02	0020639
02	0020640
02	0020641
02	0020642
02	0020643
02	0020644
02	0020645
02	0020646
02	0020647
02	0020648
02	0020649
02	0020650
02	0020651
02	0020652
02	0020653
02	0020654
02	0020655
02	0020656
02	0020657
02	0020658
02	0020659
02	0020660
02	0020661
02	0020662
02	0020663
02	0020664
02	0020665
02	0020666
02	0020667
02	0020668
02	0020669
02	0020670
02	0020671
02	0020672
02	0020673
02	0020674
02	0020675
02	0020676
02	0020677
02	0020678
02	0020679
02	0020680
02	0020681
02	0020682
02	0020683
02	0020684
02	0020685
02	0020686
02	0020687
02	0020688
02	0020689
02	0020690
02	0020691
02	0020692
02	0020693
02	0020694
02	0020695
02	0020696
02	0020697
02	0020698
02	0020699
02	0020700
02	0020701
02	0020702
02	0020703
02	0020704
02	0020705
02	0020706
02	0020707
02	0020708
02	0020709
02	0020710
02	0020711
02	0020712
02	0020713
02	0020714
02	0020715
02	0020716
02	0020717
02	0020718
02	0020719
02	0020720
02	0020721
02	0020722
02	0020723
02	0020724
02	0020725
02	0020726
02	0020727
02	0020728
02	0020729
02	0020730
02	0020731
02	0020732
02	0020733
02	0020734
02	0020735
02	0020736
02	0020737
02	0020738
02	0020739
02	0020740
02	0020741
02	0020742
02	0020743
02	0020744
02	0020745
02	0020746
02	0020747
02	0020748
02	0020749
02	0020750
02	0020751
02	0020752
02	0020753
02	0020754
02	0020755
02	0020756
02	0020757
02	0020758
02	0020759
02	0020760
02	0020761
02	0020762
02	0020763
02	0020764
02	0020765
02	0020766
02	0020767
02	0020768
02	0020769
02	0020770
02	0020771
02	0020772
02	0020773
02	0020774
02	0020775
02	0020776
02	0020777
02	0020778
02	0020779
02	0020780
02	0020781
02	0020782
02	0020783
02	0020784
02	0020785
02	0020786
02	0020787
02	0020788
02	0020789
02	0020790
02	0020791
02	0020792
02	0020793
02	0020794
02	0020795
02	0020796
02	0020797
02	0020798
02	0020799
02	0020800
02	0020801
02	0020802
02	0020803
02	0020804
02	0020805
02	0020806
02	0020807
02	0020808
02	0020809
02	0020810
02	0020811
02	0020812
02	0020813
02	0020814
02	0020815
02	0020816
02	0020817
02	0020818
02	0020819
02	0020820
02	0020821
02	0020822
02	0020823
02	0020824
02	0020825
02	0020826
02	0020827
02	0020828
02	0020829
02	0020830
02	0020831
02	0020832
02	0020833
02	0020834
02	0020835
02	0020836
02	0020837
02	0020838
02	0020839
02	0020840
02	0020841
02	0020842
02	0020843
02	0020844
02	0020845
02	0020846
02	0020847
02	0020848
02	0020849
02	0020850
02	0020851
02	0020852
02	0020853
02	0020854
02	0020855
02	0020856
02	0020857
02	0020858
02	0020859
02	0020860
02	0020861
02	0020862
02	0020863
02	0020864
02	0020865
02	0020866
02	0020867
02	0020868
02	0020869
02	0020870
02	0020871
02	0020872
02	0020873
02	0020874
02	0020875
02	0020876
02	0020877
02	0020878
02	0020879
02	0020880
02	0020881
02	0020882
02	0020883
02	0020884
02	0020885
02	0020886
02	0020887
02	0020888
02	0020889
02	0020890
02	0020891
02	0020892
02	0020893
02	0020894
02	0020895
02	0020896
02	0020897
02	0020898
02	0020899
02	0020900
02	0020901
02	0020902
02	0020903
02	0020904
02	0020905
02	0020906
02	0020907
02	0020908
02	0020909
02	0020910
02	0020911
02	0020912
02	0020913
02	0020914
02	0020915
02	0020916
02	0020917
02	0020918
02	0020919
02	0020920
02	0020921
02	0020922
02	0020923
02	0020924
02	0020925
02	0020926
02	0020927
02	0020928
02	0020929
02	0020930
02	0020931
02	0020932
02	0020933
02	0020934
02	0020935
02	0020936
02	0020937
02	0020938
02	0020939
02	0020940
02	0020941
02	0020942
02	0020943
02	0020944
02	0020945
02	0020946
02	0020947
02	0020948
02	0020949
02	0020950
02	0020951
02	0020952
02	0020953
02	0020954
02	0020956
02	0020957
02	0020958
02	0020959
02	0020960
02	0020961
02	0020962
02	0020963
02	0020964
02	0020965
02	0020966
02	0020967
02	0020968
02	0020969
02	0020970
02	0020971
02	0020972
02	0020973
02	0020974
02	0020975
02	0020976
02	0020977
02	0020978
02	0020979
02	0020980
02	0020981
02	0020982
02	0020983
02	0020984
02	0020985
02	0020986
02	0020987
02	0020988
02	0020989
02	0020990
02	0020991
02	0020992
02	0020993
02	0020994
02	0020995
02	0020996
02	0020997
02	0020998
02	0020999
02	0021000
02	0021001
02	0021002
02	0021003
02	0021004
02	0021005
02	0021006
02	0021007
02	0021008
02	0021009
02	0021010
02	0021011
02	0021012
02	0021013
02	0021014
02	0021015
02	0021016
02	0021017
02	0021018
02	0021019
02	0021020
02	0021021
02	0021022
02	0021023
02	0021024
02	0021025
02	0021026
02	0021027
02	0021028
02	0021029
02	0021030
02	0021031
02	0021032
02	0021033
02	0021034
02	0021035
02	0021036
02	0021037
02	0021038
02	0021039
02	0021040
02	0021041
02	0021042
02	0021043
02	0021044
02	0021045
02	0021046
02	0021047
02	0021048
02	0021049
02	0021050
02	0021051
02	0021052
02	0021053
02	0021054
02	0021055
02	0021056
02	0021057
02	0021058
02	0021059
02	0021060
02	0021061
02	0021062
02	0021063
02	0021064
02	0021065
02	0021066
02	0021067
02	0021068
02	0021069
02	0021070
02	0021071
02	0021072
02	0021073
02	0021074
02	0021075
02	0021076
02	0021077
02	0021078
02	0021079
02	0021080
02	0021081
02	0021082
02	0021083
02	0021084
02	0021085
02	0021086
02	0021087
02	0021088
02	0021089
02	0021090
02	0021091
02	0021092
02	0021093
02	0021094
02	0021095
02	0021096
02	0021097
02	0021098
02	0021099
02	0021100
02	0021101
02	0021102
02	0021103
02	0021104
02	0021105
02	0021106
02	0021107
02	0021108
02	0021109
02	0021110
02	0021111
02	0021112
02	0021113
02	0021114
02	0021115
02	0021116
02	0021117
02	0021118
02	0021119
02	0021120
02	0021121
02	0021123
02	0021124
02	0021125
02	0021126
02	0021127
02	0021128
02	0021129
02	0021130
02	0021131
02	0021132
02	0021133
02	0021134
02	0021135
02	0021136
02	0021137
02	0021138
02	0021139
02	0021140
02	0021141
02	0021142
02	0021143
02	0021144
02	0021145
02	0021146
02	0021147
02	0021148
02	0021149
02	0021150
02	0021151
02	0021152
02	0021153
02	0021154
02	0021155
02	0021156
02	0021157
02	0021158
02	0021159
02	0021160
02	0021161
02	0021162
02	0021163
02	0021164
02	0021165
02	0021166
02	0021167
02	0021168
02	0021169
02	0021170
02	0021171
02	0021172
02	0021173
02	0021174
02	0021175
02	0021176
02	0021177
02	0021178
02	0021179
02	0021180
02	0021181
02	0021182
02	0021183
02	0021184
02	0021185
02	0021186
02	0021187
02	0021188
02	0021189
02	0021190
02	0021191
02	0021192
02	0021193
02	0021194
02	0021195
02	0021196
02	0021197
02	0021198
02	0021199
02	0021200
02	0021201
02	0021202
02	0021203
02	0021204
02	0021205
02	0021206
02	0021207
02	0021208
02	0021209
02	0021210
02	0021211
02	0021212
02	0021213
02	0021214
02	0021215
02	0021216
02	0021217
02	0021218
02	0021219
02	0021220
02	0021221
02	0021222
02	0021223
02	0021224
02	0021225
02	0021226
02	0021227
02	0021228
02	0021229
02	0021230
02	0021231
02	0021232
02	0021233
02	0021234
02	0021235
02	0021236
02	0021237
02	0021238
02	0021239
02	0021240
02	0021241
02	0021242
02	0021243
02	0021244
02	0021245
02	0021246
02	0021247
02	0021248
02	0021249
02	0021250
02	0021251
02	0021252
02	0021253
02	0021254
02	0021255
02	0021256
02	0021257
02	0021258
02	0021259
02	0021260
02	0021261
02	0021262
02	0021263
02	0021264
02	0021265
02	0021266
02	0021267
02	0021268
02	0021269
02	0021270
02	0021271
02	0021272
02	0021273
02	0021274
02	0021275
02	0021276
02	0021277
02	0021278
02	0021279
02	0021280
02	0021281
02	0021282
02	0021283
02	0021284
02	0021285
02	0021286
02	0021288
02	0021289
02	0021290
02	0021291
02	0021292
02	0021293
02	0021294
02	0021295
02	0021296
02	0021297
02	0021298
02	0021299
02	0021300
02	0021301
02	0021302
02	0021303
02	0021304
02	0021305
02	0021306
02	0021307
02	0021308
02	0021309
02	0021310
02	0021311
02	0021312
02	0021313
02	0021314
02	0021315
02	0021316
02	0021317
02	0021318
02	0021319
02	0021320
02	0021321
02	0021322
02	0021323
02	0021324
02	0021325
02	0021326
02	0021327
02	0021328
02	0021329
02	0021330
02	0021331
02	0021332
02	0021333
02	0021334
02	0021335
02	0021336
02	0021337
02	0021338
02	0021339
02	0021340
02	0021341
02	0021342
02	0021343
02	0021344
02	0021345
02	0021346
02	0021347
02	0021348
02	0021349
02	0021350
02	0021351
02	0021352
02	0021353
02	0021354
02	0021355
02	0021356
02	0021357
02	0021358
02	0021359
02	0021360
02	0021361
02	0021362
02	0021363
02	0021364
02	0021365
02	0021366
02	0021367
02	0021368
02	0021369
02	0021370
02	0021371
02	0021372
02	0021373
02	0021374
02	0021375
02	0021376
02	0021377
02	0021378
02	0021379
02	0021380
02	0021381
02	0021382
02	0021383
02	0021384
02	0021385
02	0021386
02	0021387
02	0021388
02	0021389
02	0021390
02	0021391
02	0021392
02	0021393
02	0021394
02	0021395
02	0021396
02	0021397
02	0021398
02	0021399
02	0021400
02	0021401
02	0021402
02	0021403
02	0021404
02	0021405
02	0021406
02	0021407
02	0021408
02	0021409
02	0021410
02	0021411
02	0021412
02	0021413
02	0021414
02	0021415
02	0021416
02	0021417
02	0021418
02	0021419
02	0021420
02	0021421
02	0021422
02	0021423
02	0021424
02	0021425
02	0021426
02	0021427
02	0021428
02	0021429
02	0021430
02	0021431
02	0021432
02	0021433
02	0021434
02	0021435
02	0021436
02	0021437
02	0021438
02	0021439
02	0021440
02	0021441
02	0021442
02	0021443
02	0021444
02	0021445
02	0021446
02	0021447
02	0021448
02	0021449
02	0021450
02	0021451
02	0021452
02	0021453
02	0021454
02	0021455
02	0021456
02	0021457
02	0021458
02	0021459
02	0021460
02	0021461
02	0021462
02	0021463
02	0021464
02	0021465
02	0021466
02	0021467
02	0021468
02	0021469
02	0021470
02	0021471
02	0021472
02	0021473
02	0021474
02	0021475
02	0021476
02	0021477
02	0021478
02	0021479
02	0021480
02	0021481
02	0021482
02	0021483
02	0021484
02	0021485
02	0021486
02	0021487
02	0021488
02	0021489
02	0021490
02	0021491
02	0021492
02	0021493
02	0021494
02	0021495
02	0021496
02	0021497
02	0021498
02	0021499
02	0021500
02	0021501
02	0021502
02	0021503
02	0021504
02	0021505
02	0021506
02	0021507
02	0021508
02	0021509
02	0021510
02	0021511
02	0021512
02	0021513
02	0021514
02	0021515
02	0021516
02	0021517
02	0021518
02	0021519
02	0021520
02	0021521
02	0021522
02	0021523
02	0021524
02	0021525
02	0021526
02	0021527
02	0021528
02	0021529
02	0021530
02	0021531
02	0021532
02	0021533
02	0021534
02	0021535
02	0021536
02	0021537
02	0021538
02	0021539
02	0021540
02	0021541
02	0021542
02	0021543
02	0021544
02	0021545
02	0021546
02	0021547
02	0021549
02	0021550
02	0021551
02	0021552
02	0021553
02	0021554
02	0021555
02	0021556
02	0021557
02	0021558
02	0021559
02	0021560
02	0021561
02	0021562
02	0021563
02	0021564
02	0021565
02	0021566
02	0021567
02	0021568
02	0021569
02	0021570
02	0021571
02	0021572
02	0021573
02	0021574
02	0021575
02	0021576
02	0021577
02	0021578
02	0021579
02	0021580
02	0021581
02	0021582
02	0021583
02	0021584
02	0021585
02	0021586
02	0021587
02	0021588
02	0021589
02	0021590
02	0021591
02	0021592
02	0021593
02	0021594
02	0021595
02	0021596
02	0021597
02	0021598
02	0021599
02	0021600
02	0021601
02	0021602
02	0021603
02	0021604
02	0021605
02	0021606
02	0021607
02	0021608
02	0021609
02	0021610
02	0021611
02	0021612
02	0021613
02	0021614
02	0021615
02	0021616
02	0021617
02	0021618
02	0021619
02	0021620
02	0021621
02	0021622
02	0021623
02	0021624
02	0021625
02	0021626
02	0021627
02	0021628
02	0021629
02	0021630
02	0021631
02	0021632
02	0021633
02	0021634
02	0021635
02	0021636
02	0021637
02	0021638
02	0021639
02	0021640
02	0021641
02	0021642
02	0021643
02	0021644
02	0021645
02	0021646
02	0021647
02	0021648
02	0021649
02	0021650
02	0021651
02	0021652
02	0021653
02	0021654
02	0021655
02	0021656
02	0021657
02	0021658
02	0021659
02	0021660
02	0021661
02	0021662
02	0021663
02	0021664
02	0021665
02	0021666
02	0021667
02	0021668
02	0021669
02	0021670
02	0021671
02	0021672
02	0021673
02	0021674
02	0021675
02	0021676
02	0021677
02	0021678
02	0021679
02	0021680
02	0021681
02	0021682
02	0021683
02	0021684
02	0021685
02	0021686
02	0021687
02	0021688
02	0021689
02	0021690
02	0021691
02	0021692
02	0021693
02	0021694
02	0021695
02	0021696
02	0021697
02	0021698
02	0021699
02	0021700
02	0021701
02	0021702
02	0021703
02	0021704
02	0021705
02	0021706
02	0021707
02	0021708
02	0021709
02	0021710
02	0021711
02	0021712
02	0021713
02	0021714
02	0021715
02	0021716
02	0021717
02	0021718
02	0021719
02	0021720
02	0021721
02	0021722
02	0021723
02	0021724
02	0021725
02	0021726
02	0021727
02	0021728
02	0021729
02	0021730
02	0021731
02	0021732
02	0021733
02	0021734
02	0021735
02	0021736
02	0021737
02	0021738
02	0021739
02	0021740
02	0021741
02	0021742
02	0021743
02	0021744
02	0021745
02	0021746
02	0021747
02	0021748
02	0021749
02	0021750
02	0021751
02	0021752
02	0021753
02	0021754
02	0021755
02	0021756
02	0021757
02	0021758
02	0021759
02	0021760
02	0021761
02	0021762
02	0021763
02	0021764
02	0021765
02	0021766
02	0021767
02	0021768
02	0021769
02	0021770
02	0021771
02	0021772
02	0021773
02	0021774
02	0021775
02	0021776
02	0021777
02	0021778
02	0021779
02	0021780
02	0021781
02	0021782
02	0021783
02	0021784
02	0021785
02	0021786
02	0021787
02	0021788
02	0021789
02	0021790
02	0021791
02	0021792
02	0021793
02	0021794
02	0021795
02	0021796
02	0021797
02	0021798
02	0021799
02	0021800
02	0021801
02	0021802
02	0021803
02	0021804
02	0021805
02	0021806
02	0021807
02	0021808
02	0021809
02	0021810
02	0021811
02	0021812
02	0021813
02	0021814
02	0021815
02	0021816
02	0021817
02	0021818
02	0021819
02	0021820
02	0021821
02	0021822
02	0021823
02	0021824
02	0021825
02	0021826
02	0021827
02	0021828
02	0021829
02	0021830
02	0021831
02	0021832
02	0021833
02	0021834
02	0021835
02	0021836
02	0021837
02	0021838
02	0021839
02	0021840
02	0021841
02	0021842
02	0021843
02	0021844
02	0021845
02	0021846
02	0021847
02	0021848
02	0021849
02	0021850
02	0021851
02	0021852
02	0021853
02	0021854
02	0021855
02	0021856
02	0021857
02	0021858
02	0021859
02	0021860
02	0021861
02	0021862
02	0021863
02	0021864
02	0021865
02	0021866
02	0021867
02	0021868
02	0021869
02	0021870
02	0021871
02	0021872
02	0021873
02	0021874
02	0021875
02	0021876
02	0021877
02	0021878
02	0021879
02	0021880
02	0021881
02	0021882
02	0021883
02	0021884
02	0021885
02	0021886
02	0021887
02	0021888
02	0021889
02	0021890
02	0021891
02	0021892
02	0021893
02	0021894
02	0021895
02	0021896
02	0021897
02	0021898
02	0021899
02	0021900
02	0021901
02	0021902
02	0021903
02	0021904
02	0021905
02	0021906
02	0021907
02	0021908
02	0021909
02	0021910
02	0021911
02	0021912
02	0021913
02	0021914
02	0021915
02	0021916
02	0021917
02	0021918
02	0021919
02	0021920
02	0021921
02	0021922
02	0021923
02	0021924
02	0021925
02	0021926
02	0021927
02	0021928
02	0021929
02	0021930
02	0021931
02	0021932
02	0021933
02	0021934
02	0021935
02	0021936
02	0021937
02	0021938
02	0021939
02	0021940
02	0021941
02	0021942
02	0021943
02	0021944
02	0021945
02	0021946
02	0021947
02	0021948
02	0021949
02	0021950
02	0021951
02	0021952
02	0021953
02	0021954
02	0021955
02	0021956
02	0021957
02	0021958
02	0021959
02	0021960
02	0021961
02	0021962
02	0021963
02	0021964
02	0021965
02	0021966
02	0021967
02	0021968
02	0021969
02	0021970
02	0021971
02	0021972
02	0021973
02	0021974
02	0021975
02	0021976
02	0021977
02	0021978
02	0021979
02	0021980
02	0021981
02	0021982
02	0021983
02	0021984
02	0021985
02	0021986
02	0021987
02	0021988
02	0021989
02	0021990
02	0021991
02	0021992
02	0021993
02	0021994
02	0021995
02	0021996
02	0021997
02	0021998
02	0021999
02	0022000
02	0022001
02	0022002
02	0022003
02	0022004
02	0022005
02	0022006
02	0022007
02	0022008
02	0022009
02	0022010
02	0022011
02	0022012
02	0022013
02	0022014
02	0022015
02	0022016
02	0022017
02	0022018
02	0022019
02	0022020
02	0022021
02	0022022
02	0022023
02	0022024
02	0022025
02	0022026
02	0022027
02	0022028
02	0022029
02	0022030
02	0022031
02	0022032
02	0022033
02	0022034
02	0022035
02	0022036
02	0022037
02	0022038
02	0022039
02	0022040
02	0022041
02	0022042
02	0022043
02	0022044
02	0022045
02	0022046
02	0022047
02	0022048
02	0022049
02	0022050
02	0022051
02	0022052
02	0022053
02	0022054
02	0022055
02	0022056
02	0022057
02	0022058
02	0022059
02	0022060
02	0022061
02	0022062
02	0022063
02	0022064
02	0022065
02	0022066
02	0022067
02	0022068
02	0022069
02	0022070
02	0022071
02	0022072
02	0022073
02	0022074
02	0022075
02	0022076
02	0022077
02	0022078
02	0022079
02	0022080
02	0022081
02	0022082
02	0022083
02	0022084
02	0022085
02	0022086
02	0022087
02	0022088
02	0022089
02	0022090
02	0022091
02	0022092
02	0022093
02	0022094
02	0022095
02	0022096
02	0022097
02	0022098
02	0022099
02	0022100
02	0022101
02	0022102
02	0022103
02	0022104
02	0022105
02	0022106
02	0022107
02	0022108
02	0022109
02	0022110
02	0022111
02	0022112
02	0022113
02	0022114
02	0022115
02	0022116
02	0022117
02	0022118
02	0022119
02	0022120
02	0022121
02	0022122
02	0022123
02	0022124
02	0022125
02	0022126
02	0022127
02	0022128
02	0022129
02	0022130
02	0022131
02	0022132
02	0022133
02	0022134
02	0022135
02	0022136
02	0022137
02	0022138
02	0022139
02	0022140
02	0022141
02	0022142
02	0022143
02	0022144
02	0022145
02	0022146
02	0022147
02	0022148
02	0022149
02	0022150
02	0022151
02	0022152
02	0022153
02	0022154
02	0022155
02	0022156
02	0022157
02	0022158
02	0022159
02	0022160
02	0022161
02	0022162
02	0022163
02	0022164
02	0022165
02	0022166
02	0022167
02	0022168
02	0022169
02	0022170
02	0022171
02	0022172
02	0022173
02	0022174
02	0022175
02	0022176
02	0022177
02	0022178
02	0022179
02	0022180
02	0022181
02	0022182
02	0022183
02	0022184
02	0022185
02	0022186
02	0022187
02	0022188
02	0022189
02	0022190
02	0022191
02	0022192
02	0022193
02	0022194
02	0022195
02	0022196
02	0022197
02	0022198
02	0022199
02	0022200
02	0022201
02	0022202
02	0022203
02	0022204
02	0022205
02	0022206
02	0022207
02	0022208
02	0022209
02	0022210
02	0022211
02	0022212
02	0022213
02	0022214
02	0022215
02	0022216
02	0022217
02	0022218
02	0022219
02	0022220
02	0022221
02	0022222
02	0022223
02	0022224
02	0022225
02	0022226
02	0022227
02	0022228
02	0022229
02	0022230
02	0022231
02	0022232
02	0022233
02	0022234
02	0022235
02	0022236
02	0022237
02	0022238
02	0022239
02	0022240
02	0022241
02	0022242
02	0022243
02	0022244
02	0022245
02	0022246
02	0022247
02	0022248
02	0022249
02	0022250
02	0022251
02	0022252
02	0022253
02	0022254
02	0022255
02	0022256
02	0022257
02	0022258
02	0022259
02	0022260
02	0022261
02	0022262
02	0022263
02	0022264
02	0022265
02	0022266
02	0022267
02	0022268
02	0022269
02	0022270
02	0022271
02	0022272
02	0022273
02	0022274
02	0022275
02	0022276
02	0022277
02	0022278
02	0022279
02	0022280
02	0022281
02	0022282
02	0022283
02	0022284
02	0022285
02	0022286
02	0022287
02	0022288
02	0022289
02	0022290
02	0022291
02	0022292
02	0022293
02	0022294
02	0022295
02	0022296
02	0022297
02	0022298
02	0022299
02	0022300
02	0022301
02	0022302
02	0022303
02	0022304
02	0022305
02	0022306
02	0022307
02	0022308
02	0022309
02	0022310
02	0022311
02	0022312
02	0022313
02	0022314
02	0022315
02	0022316
02	0022317
02	0022318
02	0022319
02	0022320
02	0022321
02	0022322
02	0022323
02	0022324
02	0022325
02	0022326
02	0022327
02	0022328
02	0022329
02	0022330
02	0022331
02	0022332
02	0022333
02	0022334
02	0022335
02	0022336
02	0022337
02	0022338
02	0022339
02	0022340
02	0022341
02	0022342
02	0022343
02	0022344
02	0022345
02	0022346
02	0022347
02	0022348
02	0022349
02	0022350
02	0022351
02	0022352
02	0022353
02	0022354
02	0022355
02	0022356
02	0022357
02	0022358
02	0022359
02	0022360
02	0022361
02	0022362
02	0022363
02	0022364
02	0022365
02	0022366
02	0022367
02	0022368
02	0022369
02	0022370
02	0022371
02	0022372
02	0022373
02	0022374
02	0022375
02	0022376
02	0022377
02	0022378
02	0022379
02	0022380
02	0022381
02	0022382
02	0022383
02	0022384
02	0022385
02	0022386
02	0022387
02	0022388
02	0022389
02	0022390
02	0022391
02	0022392
02	0022393
02	0022394
02	0022395
02	0022396
02	0022397
02	0022398
02	0022399
02	0022400
02	0022401
02	0022402
02	0022403
02	0022404
02	0022405
02	0022406
02	0022407
02	0022408
02	0022409
02	0022410
02	0022411
02	0022412
02	0022413
02	0022414
02	0022415
02	0022416
02	0022417
02	0022418
02	0022419
02	0022420
02	0022421
02	0022422
02	0022423
02	0022424
02	0022425
02	0022426
02	0022427
02	0022428
02	0022429
02	0022430
02	0022431
02	0022432
02	0022433
02	0022434
02	0022435
02	0022436
02	0022437
02	0022438
02	0022439
02	0022440
02	0022441
02	0022442
02	0022443
02	0022444
02	0022445
02	0022446
02	0022447
02	0022448
02	0022449
02	0022450
02	0022451
02	0022452
02	0022453
02	0022454
02	0022455
02	0022456
02	0022457
02	0022458
02	0022459
02	0022460
02	0022461
02	0022462
02	0022463
02	0022464
02	0022465
02	0022466
02	0022467
02	0022468
02	0022469
02	0022470
02	0022471
02	0022472
02	0022474
02	0022475
02	0022476
02	0022477
02	0022478
02	0022479
02	0022480
02	0022481
02	0022482
02	0022483
02	0022484
02	0022485
02	0022486
02	0022487
02	0022488
02	0022489
02	0022490
02	0022491
02	0022492
02	0022493
02	0022494
02	0022495
02	0022496
02	0022497
02	0022498
02	0022499
02	0022500
02	0022501
02	0022502
02	0022503
02	0022504
02	0022505
02	0022506
02	0022507
02	0022508
02	0022509
02	0022510
02	0022511
02	0022512
02	0022513
02	0022514
02	0022515
02	0022516
02	0022517
02	0022518
02	0022519
02	0022520
02	0022521
02	0022522
02	0022523
02	0022524
02	0022525
02	0022526
02	0022527
02	0022528
02	0022529
02	0022530
02	0022531
02	0022532
02	0022533
02	0022534
02	0022535
02	0022536
02	0022537
02	0022538
02	0022539
02	0022540
02	0022541
02	0022542
02	0022543
02	0022544
02	0022545
02	0022546
02	0022547
02	0022548
02	0022549
02	0022550
02	0022551
02	0022552
02	0022553
02	0022554
02	0022555
02	0022556
02	0022557
02	0022558
02	0022559
02	0022560
02	0022561
02	0022562
02	0022563
02	0022564
02	0022565
02	0022566
02	0022567
02	0022568
02	0022569
02	0022570
02	0022571
02	0022572
02	0022573
02	0022574
02	0022575
02	0022576
02	0022577
02	0022578
02	0022579
02	0022580
02	0022581
02	0022582
02	0022583
02	0022584
02	0022585
02	0022586
02	0022587
02	0022588
02	0022589
02	0022590
02	0022591
02	0022592
02	0022593
02	0022594
02	0022595
02	0022596
02	0022597
02	0022598
02	0022599
02	0022600
02	0022601
02	0022602
02	0022603
02	0022604
02	0022605
02	0022606
02	0022607
02	0022608
02	0022609
02	0022610
02	0022611
02	0022612
02	0022613
02	0022614
02	0022615
02	0022616
02	0022617
02	0022618
02	0022619
02	0022620
02	0022621
02	0022622
02	0022623
02	0022624
02	0022625
02	0022626
02	0022627
02	0022628
02	0022629
02	0022630
02	0022631
02	0022632
02	0022633
02	0022634
02	0022635
02	0022636
02	0022637
02	0022638
02	0022639
02	0022640
02	0022641
02	0022642
02	0022643
02	0022644
02	0022645
02	0022646
02	0022647
02	0022648
02	0022649
02	0022650
02	0022651
02	0022652
02	0022653
02	0022654
02	0022655
02	0022656
02	0022657
02	0022659
02	0022660
02	0022661
02	0022662
02	0022663
02	0022664
02	0022665
02	0022666
02	0022667
02	0022668
02	0022669
02	0022670
02	0022671
02	0022672
02	0022673
02	0022674
02	0022675
02	0022676
02	0022677
02	0022678
02	0022679
02	0022680
02	0022681
02	0022682
02	0022683
02	0022684
02	0022685
02	0022686
02	0022687
02	0022688
02	0022689
02	0022690
02	0022691
02	0022692
02	0022693
02	0022694
02	0022695
02	0022696
02	0022697
02	0022698
02	0022699
02	0022700
02	0022701
02	0022702
02	0022703
02	0022704
02	0022705
02	0022706
02	0022707
02	0022708
02	0022709
02	0022710
02	0022711
02	0022712
02	0022713
02	0022714
02	0022715
02	0022716
02	0022717
02	0022718
02	0022719
02	0022720
02	0022721
02	0022722
02	0022723
02	0022724
02	0022725
02	0022726
02	0022727
02	0022728
02	0022729
02	0022730
02	0022731
02	0022732
02	0022733
02	0022734
02	0022735
02	0022736
02	0022737
02	0022738
02	0022739
02	0022740
02	0022741
02	0022742
02	0022743
02	0022744
02	0022745
02	0022746
02	0022747
02	0022748
02	0022749
02	0022750
02	0022751
02	0022752
02	0022753
02	0022754
02	0022755
02	0022756
02	0022757
02	0022758
02	0022759
02	0022760
02	0022761
02	0022762
02	0022763
02	0022764
02	0022765
02	0022766
02	0022767
02	0022768
02	0022769
02	0022770
02	0022771
02	0022772
02	0022773
02	0022774
02	0022775
02	0022776
02	0022777
02	0022778
02	0022779
02	0022780
02	0022781
02	0022782
02	0022783
02	0022784
02	0022785
02	0022786
02	0022787
02	0022788
02	0022789
02	0022790
02	0022791
02	0022792
02	0022793
02	0022794
02	0022795
02	0022796
02	0022797
02	0022798
02	0022799
02	0022800
02	0022801
02	0022802
02	0022803
02	0022804
02	0022805
02	0022806
02	0022807
02	0022808
02	0022809
02	0022810
02	0022811
02	0022812
02	0022813
02	0022814
02	0022815
02	0022816
02	0022817
02	0022818
02	0022819
02	0022820
02	0022821
02	0022822
02	0022823
02	0022824
02	0022825
02	0022826
02	0022827
02	0022828
02	0022829
02	0022830
02	0022831
02	0022832
02	0022833
02	0022834
02	0022835
02	0022836
02	0022837
02	0022838
02	0022839
02	0022840
02	0022841
02	0022842
02	0022843
02	0022844
02	0022845
02	0022846
02	0022847
02	0022848
02	0022849
02	0022850
02	0022851
02	0022852
02	0022853
02	0022855
02	0022856
02	0022857
02	0022858
02	0022859
02	0022860
02	0022861
02	0022862
02	0022863
02	0022864
02	0022865
02	0022866
02	0022867
02	0022868
02	0022869
02	0022870
02	0022871
02	0022872
02	0022873
02	0022874
02	0022875
02	0022876
02	0022877
02	0022878
02	0022879
02	0022880
02	0022881
02	0022882
02	0022883
02	0022884
02	0022885
02	0022886
02	0022887
02	0022888
02	0022889
02	0022890
02	0022891
02	0022892
02	0022893
02	0022894
02	0022895
02	0022896
02	0022897
02	0022898
02	0022899
02	0022900
02	0022901
02	0022902
02	0022903
02	0022904
02	0022905
02	0022906
02	0022907
02	0022908
02	0022909
02	0022910
02	0022911
02	0022912
02	0022913
02	0022914
02	0022915
02	0022916
02	0022917
02	0022918
02	0022919
02	0022920
02	0022921
02	0022922
02	0022923
02	0022924
02	0022925
02	0022926
02	0022927
02	0022928
02	0022929
02	0022930
02	0022931
02	0022932
02	0022933
02	0022934
02	0022935
02	0022936
02	0022937
02	0022938
02	0022939
02	0022940
02	0022941
02	0022942
02	0022943
02	0022944
02	0022945
02	0022946
02	0022947
02	0022948
02	0022949
02	0022950
02	0022951
02	0022952
02	0022953
02	0022954
02	0022955
02	0022956
02	0022957
02	0022958
02	0022959
02	0022960
02	0022961
02	0022962
02	0022963
02	0022964
02	0022965
02	0022966
02	0022967
02	0022968
02	0022969
02	0022970
02	0022971
02	0022972
02	0022973
02	0022974
02	0022975
02	0022976
02	0022977
02	0022978
02	0022979
02	0022980
02	0022981
02	0022982
02	0022983
02	0022984
02	0022985
02	0022987
02	0022988
02	0022989
02	0022990
02	0022991
02	0022992
02	0022993
02	0022994
02	0022995
02	0022996
02	0022997
02	0022998
02	0022999
02	0023000
02	0023001
02	0023002
02	0023003
02	0023004
02	0023005
02	0023006
02	0023007
02	0023008
02	0023009
02	0023010
02	0023011
02	0023012
02	0023013
02	0023014
02	0023015
02	0023016
02	0023017
02	0023019
02	0023020
02	0023021
02	0023022
02	0023023
02	0023024
02	0023025
02	0023026
02	0023027
02	0023028
02	0023029
02	0023030
02	0023031
02	0023032
02	0023033
02	0023034
02	0023035
02	0023036
02	0023037
02	0023038
02	0023039
02	0023040
02	0023041
02	0023042
02	0023043
02	0023044
02	0023045
02	0023046
02	0023047
02	0023048
02	0023049
02	0023050
02	0023051
02	0023052
02	0023053
02	0023054
02	0023055
02	0023056
02	0023057
02	0023058
02	0023059
02	0023060
02	0023061
02	0023062
02	0023063
02	0023064
02	0023065
02	0023066
02	0023067
02	0023068
02	0023069
02	0023070
02	0023071
02	0023072
02	0023073
02	0023074
02	0023075
02	0023076
02	0023077
02	0023078
02	0023079
02	0023080
02	0023081
02	0023082
02	0023083
02	0023084
02	0023085
02	0023086
02	0023087
02	0023088
02	0023089
02	0023090
02	0023091
02	0023092
02	0023093
02	0023094
02	0023095
02	0023096
02	0023097
02	0023098
02	0023099
02	0023100
02	0023101
02	0023102
02	0023103
02	0023104
02	0023105
02	0023106
02	0023107
02	0023108
02	0023109
02	0023110
02	0023111
02	0023112
02	0023113
02	0023114
02	0023115
02	0023116
02	0023117
02	0023118
02	0023119
02	0023120
02	0023121
02	0023122
02	0023123
02	0023124
02	0023125
02	0023126
02	0023127
02	0023128
02	0023129
02	0023130
02	0023131
02	0023132
02	0023133
02	0023134
02	0023135
02	0023136
02	0023137
02	0023138
02	0023139
02	0023140
02	0023141
02	0023142
02	0023143
02	0023144
02	0023145
02	0023146
02	0023147
02	0023148
02	0023149
02	0023150
02	0023151
02	0023152
02	0023153
02	0023154
02	0023155
02	0023156
02	0023157
02	0023158
02	0023159
02	0023160
02	0023161
02	0023162
02	0023163
02	0023164
02	0023165
02	0023166
02	0023167
02	0023168
02	0023169
02	0023170
02	0023171
02	0023172
02	0023173
02	0023174
02	0023175
02	0023176
02	0023177
02	0023178
02	0023179
02	0023180
02	0023181
02	0023182
02	0023183
02	0023184
02	0023185
02	0023186
02	0023187
02	0023188
02	0023189
02	0023190
02	0023191
02	0023192
02	0023193
02	0023194
02	0023195
02	0023196
02	0023197
02	0023198
02	0023199
02	0023200
02	0023201
02	0023202
02	0023203
02	0023204
02	0023205
02	0023206
02	0023207
02	0023208
02	0023209
02	0023210
02	0023211
02	0023212
02	0023213
02	0023214
02	0023215
02	0023216
02	0023217
02	0023218
02	0023219
02	0023220
02	0023221
02	0023222
02	0023223
02	0023224
02	0023225
02	0023226
02	0023227
02	0023228
02	0023229
02	0023230
02	0023231
02	0023232
02	0023233
02	0023234
02	0023235
02	0023236
02	0023237
02	0023238
02	0023239
02	0023240
02	0023241
02	0023242
02	0023243
02	0023244
02	0023245
02	0023246
02	0023247
02	0023248
02	0023249
02	0023250
02	0023251
02	0023252
02	0023253
02	0023254
02	0023255
02	0023256
02	0023257
02	0023258
02	0023259
02	0023260
02	0023261
02	0023262
02	0023263
02	0023264
02	0023265
02	0023266
02	0023267
02	0023268
02	0023269
02	0023270
02	0023271
02	0023272
02	0023273
02	0023274
02	0023275
02	0023276
02	0023277
02	0023278
02	0023279
02	0023280
02	0023281
02	0023282
02	0023283
02	0023284
02	0023285
02	0023286
02	0023287
02	0023288
02	0023289
02	0023290
02	0023291
02	0023292
02	0023293
02	0023294
02	0023295
02	0023296
02	0023297
02	0023298
02	0023299
02	0023300
02	0023301
02	0023302
02	0023303
02	0023304
02	0023305
02	0023306
02	0023307
02	0023308
02	0023309
02	0023310
02	0023311
02	0023312
02	0023313
02	0023314
02	0023315
02	0023316
02	0023317
02	0023318
02	0023319
02	0023320
02	0023321
02	0023322
02	0023323
02	0023324
02	0023325
02	0023326
02	0023327
02	0023328
02	0023329
02	0023330
02	0023331
02	0023332
02	0023333
02	0023334
02	0023335
02	0023336
02	0023337
02	0023338
02	0023339
02	0023340
02	0023341
02	0023342
02	0023343
02	0023344
02	0023345
02	0023346
02	0023347
02	0023348
02	0023349
02	0023350
02	0023351
02	0023352
02	0023353
02	0023354
02	0023355
02	0023356
02	0023357
02	0023358
02	0023359
02	0023360
02	0023361
02	0023362
02	0023363
02	0023364
02	0023365
02	0023366
02	0023367
02	0023368
02	0023369
02	0023370
02	0023371
02	0023372
02	0023373
02	0023374
02	0023375
02	0023376
02	0023377
02	0023378
02	0023379
02	0023380
02	0023381
02	0023382
02	0023383
02	0023384
02	0023385
02	0023386
02	0023387
02	0023388
02	0023389
02	0023390
02	0023391
02	0023392
02	0023393
02	0023394
02	0023395
02	0023396
02	0023397
02	0023398
02	0023399
02	0023400
02	0023401
02	0023402
02	0023403
02	0023404
02	0023405
02	0023406
02	0023407
02	0023408
02	0023409
02	0023410
02	0023411
02	0023412
02	0023413
02	0023414
02	0023415
02	0023416
02	0023417
02	0023418
02	0023419
02	0023420
02	0023421
02	0023422
02	0023423
02	0023424
02	0023425
02	0023426
02	0023427
02	0023428
02	0023429
02	0023430
02	0023431
02	0023432
02	0023433
02	0023434
02	0023435
02	0023436
02	0023437
02	0023438
02	0023439
02	0023440
02	0023441
02	0023442
02	0023443
02	0023444
02	0023445
02	0023446
02	0023447
02	0023448
02	0023449
02	0023450
02	0023451
02	0023452
02	0023453
02	0023454
02	0023455
02	0023456
02	0023457
02	0023458
02	0023459
02	0023460
02	0023461
02	0023462
02	0023463
02	0023464
02	0023465
02	0023466
02	0023467
02	0023468
02	0023469
02	0023470
02	0023471
02	0023472
02	0023473
02	0023474
02	0023475
02	0023476
02	0023477
02	0023478
02	0023479
02	0023480
02	0023481
02	0023482
02	0023483
02	0023484
02	0023485
02	0023486
02	0023487
02	0023488
02	0023489
02	0023490
02	0023491
02	0023492
02	0023493
02	0023494
02	0023495
02	0023496
02	0023497
02	0023498
02	0023499
02	0023500
02	0023501
02	0023502
02	0023503
02	0023504
02	0023505
02	0023506
02	0023507
02	0023508
02	0023509
02	0023510
02	0023511
02	0023512
02	0023513
02	0023514
02	0023515
02	0023516
02	0023517
02	0023518
02	0023519
02	0023520
02	0023521
02	0023522
02	0023523
02	0023524
02	0023525
02	0023526
02	0023527
02	0023528
02	0023529
02	0023530
02	0023531
02	0023532
02	0023533
02	0023534
02	0023535
02	0023536
02	0023537
02	0023538
02	0023539
02	0023540
02	0023541
02	0023542
02	0023543
02	0023544
02	0023545
02	0023546
02	0023547
02	0023548
02	0023549
02	0023550
02	0023551
02	0023552
02	0023553
02	0023554
02	0023555
02	0023556
02	0023557
02	0023558
02	0023559
02	0023560
02	0023561
02	0023562
02	0023563
02	0023564
02	0023565
02	0023566
02	0023567
02	0023568
02	0023569
02	0023570
02	0023571
02	0023572
02	0023573
02	0023574
02	0023575
02	0023576
02	0023577
02	0023578
02	0023579
02	0023580
02	0023581
02	0023582
02	0023583
02	0023584
02	0023585
02	0023586
02	0023587
02	0023588
02	0023589
02	0023590
02	0023591
02	0023592
02	0023593
02	0023594
02	0023595
02	0023596
02	0023597
02	0023598
02	0023599
02	0023600
02	0023601
02	0023602
02	0023603
02	0023604
02	0023605
02	0023606
02	0023607
02	0023608
02	0023609
02	0023610
02	0023611
02	0023612
02	0023613
02	0023614
02	0023615
02	0023616
02	0023617
02	0023618
02	0023619
02	0023620
02	0023621
02	0023622
02	0023623
02	0023624
02	0023625
02	0023626
02	0023627
02	0023628
02	0023629
02	0023630
02	0023631
02	0023632
02	0023633
02	0023634
02	0023635
02	0023636
02	0023637
02	0023638
02	0023639
02	0023640
02	0023641
02	0023642
02	0023643
02	0023644
02	0023645
02	0023646
02	0023647
02	0023648
02	0023649
02	0023650
02	0023651
02	0023652
02	0023653
02	0023654
02	0023655
02	0023656
02	0023657
02	0023658
02	0023659
02	0023660
02	0023661
02	0023662
02	0023663
02	0023664
02	0023665
02	0023666
02	0023667
02	0023668
02	0023669
02	0023670
02	0023671
02	0023672
02	0023673
02	0023674
02	0023675
02	0023676
02	0023677
02	0023678
02	0023679
02	0023680
02	0023681
02	0023682
02	0023683
02	0023684
02	0023685
02	0023686
02	0023687
02	0023688
02	0023689
02	0023690
02	0023691
02	0023692
02	0023693
02	0023694
02	0023695
02	0023696
02	0023697
02	0023698
02	0023699
02	0023700
02	0023701
02	0023702
02	0023703
02	0023704
02	0023705
02	0023706
02	0023707
02	0023708
02	0023709
02	0023710
02	0023711
02	0023712
02	0023713
02	0023714
02	0023715
02	0023716
02	0023717
02	0023718
02	0023719
02	0023720
02	0023721
02	0023722
02	0023723
02	0023724
02	0023725
02	0023726
02	0023727
02	0023728
02	0023729
02	0023730
02	0023731
02	0023732
02	0023733
02	0023734
02	0023735
02	0023736
02	0023737
02	0023738
02	0023739
02	0023740
02	0023741
02	0023742
02	0023743
02	0023744
02	0023745
02	0023746
02	0023747
02	0023748
02	0023749
02	0023750
02	0023751
02	0023752
02	0023753
02	0023754
02	0023755
02	0023756
02	0023757
02	0023758
02	0023759
02	0023760
02	0023761
02	0023762
02	0023763
02	0023764
02	0023765
02	0023766
02	0023767
02	0023768
02	0023769
02	0023770
02	0023771
02	0023772
02	0023773
02	0023774
02	0023775
02	0023776
02	0023777
02	0023778
02	0023779
02	0023780
02	0023781
02	0023782
02	0023783
02	0023784
02	0023785
02	0023786
02	0023787
02	0023788
02	0023789
02	0023790
02	0023791
02	0023792
02	0023793
02	0023794
02	0023795
02	0023796
02	0023797
02	0023798
02	0023799
02	0023800
02	0023801
02	0023802
02	0023803
02	0023804
02	0023805
02	0023806
02	0023807
02	0023808
02	0023809
02	0023810
02	0023811
02	0023812
02	0023813
02	0023814
02	0023815
02	0023816
02	0023817
02	0023818
02	0023819
02	0023820
02	0023821
02	0023822
02	0023823
02	0023824
02	0023825
02	0023826
02	0023827
02	0023828
02	0023829
02	0023830
02	0023831
02	0023832
02	0023833
02	0023834
02	0023835
02	0023836
02	0023837
02	0023838
02	0023839
02	0023840
02	0023841
02	0023842
02	0023843
02	0023844
02	0023845
02	0023846
02	0023847
02	0023848
02	0023849
02	0023850
02	0023851
02	0023852
02	0023853
02	0023854
02	0023855
02	0023856
02	0023857
02	0023858
02	0023859
02	0023860
02	0023861
02	0023862
02	0023863
02	0023864
02	0023865
02	0023866
02	0023867
02	0023868
02	0023869
02	0023870
02	0023871
02	0023872
02	0023873
02	0023874
02	0023875
02	0023876
02	0023877
02	0023878
02	0023879
02	0023880
02	0023881
02	0023882
02	0023883
02	0023884
02	0023885
02	0023886
02	0023887
02	0023888
02	0023889
02	0023890
02	0023891
02	0023892
02	0023893
02	0023894
02	0023895
02	0023896
02	0023897
02	0023898
02	0023899
02	0023900
02	0023901
02	0023902
02	0023903
02	0023904
02	0023905
02	0023906
02	0023907
02	0023908
02	0023909
02	0023910
02	0023911
02	0023912
02	0023913
02	0023914
02	0023915
02	0023916
02	0023917
02	0023918
02	0023919
02	0023920
02	0023921
02	0023922
02	0023923
02	0023924
02	0023925
02	0023926
02	0023927
02	0023928
02	0023929
02	0023930
02	0023931
02	0023932
02	0023933
02	0023934
02	0023935
02	0023936
02	0023937
02	0023938
02	0023939
02	0023940
02	0023941
02	0023942
02	0023943
02	0023944
02	0023945
02	0023946
02	0023947
02	0023948
02	0023949
02	0023950
02	0023951
02	0023952
02	0023953
02	0023954
02	0023955
02	0023956
02	0023957
02	0023958
02	0023959
02	0023960
02	0023961
02	0023962
02	0023963
02	0023964
02	0023965
02	0023966
02	0023967
02	0023968
02	0023969
02	0023970
02	0023971
02	0023972
02	0023973
02	0023974
02	0023975
02	0023976
02	0023977
02	0023978
02	0023979
02	0023980
02	0023981
02	0023982
02	0023983
02	0023984
02	0023985
02	0023986
02	0023987
02	0023988
02	0023989
02	0023990
02	0023991
02	0023992
02	0023993
02	0023994
02	0023996
02	0023997
02	0023998
02	0023999
02	0024000
02	0024001
02	0024002
02	0024003
02	0024004
02	0024005
02	0024006
02	0024007
02	0024008
02	0024009
02	0024010
02	0024011
02	0024012
02	0024013
02	0024014
02	0024015
02	0024016
02	0024017
02	0024018
02	0024019
02	0024020
02	0024021
02	0024022
02	0024023
02	0024024
02	0024025
02	0024026
02	0024027
02	0024028
02	0024029
02	0024030
02	0024031
02	0024032
02	0024033
02	0024034
02	0024035
02	0024036
02	0024037
02	0024038
02	0024039
02	0024040
02	0024041
02	0024042
02	0024043
02	0024044
02	0024045
02	0024046
02	0024047
02	0024048
02	0024049
02	0024050
02	0024051
02	0024052
02	0024053
02	0024054
02	0024055
02	0024056
02	0024057
02	0024058
02	0024059
02	0024060
02	0024061
02	0024062
02	0024063
02	0024064
02	0024065
02	0024066
02	0024067
02	0024068
02	0024069
02	0024070
02	0024071
02	0024072
02	0024073
02	0024074
02	0024075
02	0024076
02	0024077
02	0024078
02	0024079
02	0024080
02	0024081
02	0024082
02	0024083
02	0024084
02	0024085
02	0024086
02	0024087
02	0024088
02	0024089
02	0024090
02	0024091
02	0024092
02	0024093
02	0024094
02	0024095
02	0024096
02	0024097
02	0024098
02	0024099
02	0024100
02	0024101
02	0024102
02	0024103
02	0024104
02	0024105
02	0024106
02	0024107
02	0024108
02	0024109
02	0024110
02	0024111
02	0024112
02	0024113
02	0024114
02	0024115
02	0024116
02	0024117
02	0024118
02	0024119
02	0024120
02	0024121
02	0024122
02	0024123
02	0024124
02	0024125
02	0024126
02	0024127
02	0024128
02	0024129
02	0024130
02	0024131
02	0024132
02	0024133
02	0024134
02	0024135
02	0024136
02	0024137
02	0024138
02	0024139
02	0024140
02	0024141
02	0024142
02	0024143
02	0024144
02	0024145
02	0024146
02	0024147
02	0024148
02	0024149
02	0024150
02	0024151
02	0024152
02	0024153
02	0024154
02	0024155
02	0024156
02	0024157
02	0024158
02	0024159
02	0024160
02	0024161
02	0024162
02	0024163
02	0024164
02	0024165
02	0024166
02	0024167
02	0024168
02	0024169
02	0024170
02	0024171
02	0024172
02	0024173
02	0024174
02	0024175
02	0024176
02	0024177
02	0024178
02	0024179
02	0024180
02	0024181
02	0024182
02	0024183
02	0024184
02	0024185
02	0024186
02	0024187
02	0024188
02	0024189
02	0024190
02	0024191
02	0024192
02	0024193
02	0024194
02	0024195
02	0024196
02	0024197
02	0024198
02	0024199
02	0024200
02	0024201
02	0024202
02	0024203
02	0024204
02	0024205
02	0024206
02	0024207
02	0024208
02	0024209
02	0024210
02	0024211
02	0024212
02	0024213
02	0024214
02	0024215
02	0024216
02	0024217
02	0024218
02	0024219
02	0024220
02	0024221
02	0024222
02	0024223
02	0024224
02	0024225
02	0024226
02	0024227
02	0024228
02	0024229
02	0024230
02	0024231
02	0024232
02	0024233
02	0024234
02	0024235
02	0024236
02	0024237
02	0024238
02	0024239
02	0024240
02	0024241
02	0024242
02	0024243
02	0024244
02	0024245
02	0024246
02	0024247
02	0024248
02	0024249
02	0024250
02	0024251
02	0024252
02	0024253
02	0024254
02	0024255
02	0024256
02	0024257
02	0024258
02	0024259
02	0024260
02	0024261
02	0024262
02	0024263
02	0024264
02	0024265
02	0024266
02	0024267
02	0024268
02	0024269
02	0024270
02	0024271
02	0024272
02	0024273
02	0024274
02	0024275
02	0024276
02	0024277
02	0024278
02	0024279
02	0024280
02	0024281
02	0024282
02	0024283
02	0024284
02	0024285
02	0024286
02	0024287
02	0024288
02	0024289
02	0024290
02	0024291
02	0024292
02	0024293
02	0024294
02	0024295
02	0024296
02	0024297
02	0024298
02	0024299
02	0024300
02	0024301
02	0024302
02	0024303
02	0024304
02	0024305
02	0024306
02	0024307
02	0024308
02	0024309
02	0024310
02	0024311
02	0024312
02	0024313
02	0024314
02	0024315
02	0024316
02	0024317
02	0024318
02	0024319
02	0024320
02	0024321
02	0024322
02	0024323
02	0024324
02	0024325
02	0024326
02	0024327
02	0024328
02	0024329
02	0024330
02	0024331
02	0024332
02	0024333
02	0024334
02	0024335
02	0024336
02	0024337
02	0024338
02	0024339
02	0024340
02	0024341
02	0024342
02	0024343
02	0024344
02	0024345
02	0024346
02	0024347
02	0024348
02	0024349
02	0024350
02	0024351
02	0024352
02	0024353
02	0024354
02	0024355
02	0024356
02	0024357
02	0024358
02	0024359
02	0024360
02	0024361
02	0024362
02	0024363
02	0024364
02	0024365
02	0024366
02	0024367
02	0024368
02	0024369
02	0024370
02	0024371
02	0024372
02	0024373
02	0024374
02	0024375
02	0024376
02	0024377
02	0024378
02	0024379
02	0024380
02	0024381
02	0024382
02	0024383
02	0024384
02	0024385
02	0024386
02	0024387
02	0024388
02	0024389
02	0024390
02	0024391
02	0024392
02	0024393
02	0024394
02	0024395
02	0024396
02	0024397
02	0024398
02	0024399
02	0024400
02	0024401
02	0024402
02	0024403
02	0024404
02	0024405
02	0024406
02	0024407
02	0024408
02	0024409
02	0024410
02	0024411
02	0024412
02	0024413
02	0024414
02	0024415
02	0024416
02	0024417
02	0024418
02	0024419
02	0024420
02	0024421
02	0024422
02	0024423
02	0024424
02	0024425
02	0024426
02	0024427
02	0024428
02	0024429
02	0024430
02	0024431
02	0024432
02	0024433
02	0024434
02	0024435
02	0024436
02	0024437
02	0024438
02	0024439
02	0024440
02	0024441
02	0024442
02	0024443
02	0024444
02	0024445
02	0024446
02	0024447
02	0024448
02	0024449
02	0024450
02	0024451
02	0024452
02	0024453
02	0024454
02	0024455
02	0024456
02	0024457
02	0024458
02	0024459
02	0024460
02	0024461
02	0024462
02	0024463
02	0024464
02	0024465
02	0024466
02	0024467
02	0024468
02	0024469
02	0024470
02	0024471
02	0024472
02	0024473
02	0024474
02	0024475
02	0024476
02	0024477
02	0024478
02	0024479
02	0024480
02	0024481
02	0024482
02	0024483
02	0024484
02	0024485
02	0024486
02	0024487
02	0024488
02	0024489
02	0024490
02	0024491
02	0024492
02	0024493
02	0024494
02	0024495
02	0024496
02	0024497
02	0024498
02	0024499
02	0024500
02	0024501
02	0024502
02	0024503
02	0024504
02	0024505
02	0024506
02	0024507
02	0024508
02	0024509
02	0024510
02	0024511
02	0024512
02	0024513
02	0024514
02	0024515
02	0024516
02	0024517
02	0024518
02	0024519
02	0024520
02	0024521
02	0024522
02	0024523
02	0024524
02	0024525
02	0024526
02	0024527
02	0024528
02	0024529
02	0024530
02	0024531
02	0024532
02	0024533
02	0024534
02	0024535
02	0024536
02	0024537
02	0024538
02	0024539
02	0024540
02	0024541
02	0024542
02	0024543
02	0024544
02	0024545
02	0024546
02	0024547
02	0024548
02	0024549
02	0024550
02	0024551
02	0024552
02	0024553
02	0024554
02	0024555
02	0024556
02	0024557
02	0024558
02	0024559
02	0024560
02	0024561
02	0024562
02	0024563
02	0024564
02	0024565
02	0024566
02	0024567
02	0024568
02	0024569
02	0024570
02	0024571
02	0024572
02	0024573
02	0024574
02	0024575
02	0024576
02	0024577
02	0024579
02	0024580
02	0024581
02	0024582
02	0024583
02	0024584
02	0024585
02	0024586
02	0024587
02	0024588
02	0024589
02	0024590
02	0024591
02	0024592
02	0024593
02	0024594
02	0024595
02	0024596
02	0024597
02	0024598
02	0024599
02	0024600
02	0024601
02	0024602
02	0024603
02	0024604
02	0024605
02	0024606
02	0024607
02	0024608
02	0024609
02	0024610
02	0024611
02	0024612
02	0024613
02	0024614
02	0024615
02	0024616
02	0024617
02	0024618
02	0024619
02	0024620
02	0024621
02	0024622
02	0024623
02	0024624
02	0024625
02	0024626
02	0024627
02	0024628
02	0024630
02	0024631
02	0024632
02	0024633
02	0024634
02	0024635
02	0024636
02	0024637
02	0024638
02	0024639
02	0024640
02	0024641
02	0024642
02	0024643
02	0024644
02	0024645
02	0024646
02	0024647
02	0024648
02	0024649
02	0024650
02	0024651
02	0024652
02	0024653
02	0024654
02	0024655
02	0024656
02	0024657
02	0024658
02	0024659
02	0024660
02	0024661
02	0024662
02	0024663
02	0024664
02	0024665
02	0024666
02	0024667
02	0024668
02	0024669
02	0024670
02	0024671
02	0024672
02	0024674
02	0024675
02	0024676
02	0024677
02	0024678
02	0024679
02	0024680
02	0024681
02	0024682
02	0024683
02	0024684
02	0024685
02	0024686
02	0024687
02	0024688
02	0024689
02	0024690
02	0024691
02	0024692
02	0024693
02	0024694
02	0024695
02	0024696
02	0024697
02	0024698
02	0024699
02	0024700
02	0024701
02	0024702
02	0024703
02	0024704
02	0024705
02	0024706
02	0024707
02	0024708
02	0024709
02	0024710
02	0024711
02	0024712
02	0024713
02	0024714
02	0024715
02	0024716
02	0024717
02	0024718
02	0024719
02	0024720
02	0024721
02	0024722
02	0024723
02	0024724
02	0024725
02	0024726
02	0024727
02	0024728
02	0024729
02	0024730
02	0024732
02	0024733
02	0024734
02	0024735
02	0024736
02	0024737
02	0024738
02	0024739
02	0024740
02	0024741
02	0024742
02	0024743
02	0024744
02	0024745
02	0024746
02	0024747
02	0024748
02	0024749
02	0024750
02	0024751
02	0024752
02	0024753
02	0024754
02	0024755
02	0024756
02	0024757
02	0024758
02	0024759
02	0024760
02	0024761
02	0024762
02	0024763
02	0024764
02	0024765
02	0024766
02	0024767
02	0024768
02	0024769
02	0024770
02	0024771
02	0024772
02	0024773
02	0024774
02	0024775
02	0024776
02	0024777
02	0024778
02	0024779
02	0024780
02	0024781
02	0024782
02	0024783
02	0024784
02	0024785
02	0024786
02	0024787
02	0024788
02	0024789
02	0024790
02	0024791
02	0024792
02	0024793
02	0024794
02	0024795
02	0024796
02	0024797
02	0024798
02	0024799
02	0024800
02	0024801
02	0024802
02	0024803
02	0024804
02	0024805
02	0024806
02	0024807
02	0024808
02	0024809
02	0024810
02	0024811
02	0024812
02	0024813
02	0024814
02	0024815
02	0024816
02	0024817
02	0024818
02	0024819
02	0024820
02	0024821
02	0024822
02	0024823
02	0024824
02	0024825
02	0024826
02	0024827
02	0024828
02	0024829
02	0024830
02	0024831
02	0024832
02	0024833
02	0024834
02	0024835
02	0024836
02	0024837
02	0024838
02	0024839
02	0024840
02	0024841
02	0024842
02	0024843
02	0024844
02	0024845
02	0024846
02	0024847
02	0024848
02	0024849
02	0024850
02	0024851
02	0024852
02	0024853
02	0024854
02	0024855
02	0024856
02	0024857
02	0024858
02	0024859
02	0024860
02	0024861
02	0024862
02	0024863
02	0024864
02	0024865
02	0024866
02	0024867
02	0024868
02	0024869
02	0024870
02	0024871
02	0024872
02	0024873
02	0024874
02	0024875
02	0024876
02	0024877
02	0024878
02	0024879
02	0024880
02	0024881
02	0024882
02	0024883
02	0024884
02	0024885
02	0024886
02	0024887
02	0024888
02	0024889
02	0024890
02	0024891
02	0024892
02	0024893
02	0024894
02	0024895
02	0024896
02	0024897
02	0024898
02	0024899
02	0024900
02	0024901
02	0024902
02	0024903
02	0024904
02	0024905
02	0024906
02	0024907
02	0024908
02	0024909
02	0024910
02	0024911
02	0024912
02	0024913
02	0024914
02	0024915
02	0024916
02	0024917
02	0024918
02	0024919
02	0024920
02	0024921
02	0024922
02	0024923
02	0024924
02	0024925
02	0024926
02	0024927
02	0024928
02	0024929
02	0024930
02	0024931
02	0024932
02	0024933
02	0024934
02	0024935
02	0024936
02	0024937
02	0024938
02	0024939
02	0024940
02	0024941
02	0024942
02	0024943
02	0024944
02	0024945
02	0024946
02	0024947
02	0024948
02	0024949
02	0024950
02	0024951
02	0024952
02	0024953
02	0024954
02	0024955
02	0024956
02	0024957
02	0024958
02	0024959
02	0024960
02	0024961
02	0024962
02	0024963
02	0024964
02	0024965
02	0024966
02	0024967
02	0024968
02	0024969
02	0024970
02	0024971
02	0024972
02	0024973
02	0024974
02	0024975
02	0024976
02	0024977
02	0024978
02	0024979
02	0024980
02	0024981
02	0024982
02	0024983
02	0024984
02	0024985
02	0024986
02	0024987
02	0024988
02	0024989
02	0024990
02	0024991
02	0024992
02	0024993
02	0024994
02	0024995
02	0024996
02	0024997
02	0024998
02	0024999
02	0025000
02	0025001
02	0025002
02	0025003
02	0025004
02	0025005
02	0025006
02	0025007
02	0025008
02	0025009
02	0025010
02	0025011
02	0025012
02	0025013
02	0025014
02	0025015
02	0025016
02	0025017
02	0025018
02	0025019
02	0025020
02	0025021
02	0025022
02	0025023
02	0025024
02	0025025
02	0025026
02	0025027
02	0025028
02	0025029
02	0025030
02	0025031
02	0025032
02	0025033
02	0025034
02	0025035
02	0025036
02	0025037
02	0025038
02	0025039
02	0025040
02	0025041
02	0025042
02	0025043
02	0025044
02	0025045
02	0025046
02	0025047
02	0025048
02	0025049
02	0025050
02	0025051
02	0025052
02	0025053
02	0025054
02	0025055
02	0025056
02	0025057
02	0025058
02	0025059
02	0025060
02	0025061
02	0025062
02	0025063
02	0025064
02	0025065
02	0025066
02	0025067
02	0025068
02	0025069
02	0025070
02	0025071
02	0025072
02	0025073
02	0025074
02	0025075
02	0025076
02	0025077
02	0025078
02	0025079
02	0025080
02	0025081
02	0025082
02	0025083
02	0025084
02	0025085
02	0025086
02	0025087
02	0025088
02	0025089
02	0025090
02	0025091
02	0025092
02	0025093
02	0025094
02	0025095
02	0025096
02	0025097
02	0025098
02	0025099
02	0025100
02	0025101
02	0025102
02	0025103
02	0025104
02	0025105
02	0025106
02	0025107
02	0025108
02	0025109
02	0025110
02	0025111
02	0025112
02	0025113
02	0025114
02	0025115
02	0025116
02	0025117
02	0025118
02	0025119
02	0025120
02	0025121
02	0025122
02	0025123
02	0025124
02	0025125
02	0025126
02	0025127
02	0025128
02	0025129
02	0025130
02	0025131
02	0025132
02	0025133
02	0025134
02	0025135
02	0025136
02	0025137
02	0025138
02	0025139
02	0025140
02	0025141
02	0025142
02	0025143
02	0025144
02	0025145
02	0025146
02	0025147
02	0025148
02	0025149
02	0025150
02	0025151
02	0025152
02	0025153
02	0025154
02	0025155
02	0025156
02	0025157
02	0025158
02	0025159
02	0025160
02	0025161
02	0025163
02	0025164
02	0025165
02	0025166
02	0025167
02	0025168
02	0025169
02	0025170
02	0025171
02	0025172
02	0025173
02	0025174
02	0025175
02	0025176
02	0025177
02	0025178
02	0025179
02	0025180
02	0025181
02	0025182
02	0025183
02	0025184
02	0025185
02	0025186
02	0025187
02	0025188
02	0025189
02	0025190
02	0025191
02	0025192
02	0025193
02	0025194
02	0025195
02	0025196
02	0025197
02	0025198
02	0025199
02	0025200
02	0025201
02	0025202
02	0025203
02	0025204
02	0025205
02	0025206
02	0025207
02	0025208
02	0025209
02	0025210
02	0025211
02	0025212
02	0025213
02	0025214
02	0025215
02	0025216
02	0025217
02	0025218
02	0025219
02	0025220
02	0025221
02	0025222
02	0025223
02	0025224
02	0025225
02	0025226
02	0025227
02	0025228
02	0025229
02	0025230
02	0025231
02	0025232
02	0025233
02	0025234
02	0025235
02	0025236
02	0025237
02	0025238
02	0025239
02	0025240
02	0025241
02	0025242
02	0025243
02	0025244
02	0025245
02	0025246
02	0025247
02	0025248
02	0025249
02	0025250
02	0025251
02	0025252
02	0025253
02	0025254
02	0025255
02	0025256
02	0025257
02	0025258
02	0025259
02	0025260
02	0025261
02	0025262
02	0025263
02	0025264
02	0025265
02	0025266
02	0025267
02	0025268
02	0025269
02	0025270
02	0025271
02	0025272
02	0025273
02	0025274
02	0025275
02	0025276
02	0025277
02	0025278
02	0025279
02	0025280
02	0025281
02	0025282
02	0025283
02	0025284
02	0025285
02	0025286
02	0025287
02	0025288
02	0025289
02	0025290
02	0025291
02	0025292
02	0025293
02	0025294
02	0025295
02	0025296
02	0025297
02	0025298
02	0025299
02	0025300
02	0025301
02	0025302
02	0025303
02	0025304
02	0025305
02	0025306
02	0025307
02	0025308
02	0025309
02	0025310
02	0025311
02	0025312
02	0025313
02	0025314
02	0025315
02	0025316
02	0025317
02	0025318
02	0025319
02	0025320
02	0025321
02	0025322
02	0025323
02	0025324
02	0025325
02	0025326
02	0025327
02	0025328
02	0025329
02	0025330
02	0025331
02	0025332
02	0025333
02	0025334
02	0025335
02	0025336
02	0025337
02	0025338
02	0025339
02	0025340
02	0025341
02	0025342
02	0025343
02	0025344
02	0025345
02	0025346
02	0025347
02	0025348
02	0025349
02	0025350
02	0025351
02	0025352
02	0025353
02	0025354
02	0025355
02	0025356
02	0025357
02	0025358
02	0025359
02	0025360
02	0025361
02	0025362
02	0025363
02	0025364
02	0025365
02	0025366
02	0025367
02	0025368
02	0025369
02	0025370
02	0025371
02	0025372
02	0025373
02	0025374
02	0025375
02	0025376
02	0025377
02	0025378
02	0025379
02	0025380
02	0025381
02	0025382
02	0025383
02	0025384
02	0025385
02	0025386
02	0025387
02	0025388
02	0025389
02	0025390
02	0025391
02	0025392
02	0025393
02	0025394
02	0025395
02	0025396
02	0025397
02	0025398
02	0025399
02	0025400
02	0025401
02	0025402
02	0025403
02	0025404
02	0025405
02	0025406
02	0025407
02	0025408
02	0025409
02	0025410
02	0025411
02	0025412
02	0025413
02	0025414
02	0025415
02	0025416
02	0025417
02	0025418
02	0025419
02	0025420
02	0025421
02	0025422
02	0025423
02	0025424
02	0025425
02	0025426
02	0025427
02	0025428
02	0025429
02	0025430
02	0025431
02	0025432
02	0025433
02	0025434
02	0025435
02	0025436
02	0025437
02	0025438
02	0025439
02	0025440
02	0025441
02	0025442
02	0025443
02	0025444
02	0025445
02	0025446
02	0025447
02	0025448
02	0025449
02	0025450
02	0025451
02	0025452
02	0025453
02	0025454
02	0025455
02	0025456
02	0025457
02	0025458
02	0025459
02	0025460
02	0025461
02	0025462
02	0025463
02	0025464
02	0025465
02	0025466
02	0025467
02	0025468
02	0025469
02	0025470
02	0025471
02	0025472
02	0025473
02	0025474
02	0025475
02	0025476
02	0025477
02	0025478
02	0025479
02	0025480
02	0025481
02	0025482
02	0025483
02	0025484
02	0025485
02	0025486
02	0025487
02	0025488
02	0025489
02	0025490
02	0025491
02	0025492
02	0025493
02	0025494
02	0025495
02	0025496
02	0025497
02	0025498
02	0025499
02	0025500
02	0025501
02	0025502
02	0025503
02	0025504
02	0025505
02	0025506
02	0025507
02	0025508
02	0025509
02	0025511
02	0025512
02	0025513
02	0025514
02	0025515
02	0025516
02	0025517
02	0025518
02	0025519
02	0025520
02	0025521
02	0025522
02	0025523
02	0025524
02	0025525
02	0025526
02	0025527
02	0025528
02	0025529
02	0025530
02	0025531
02	0025532
02	0025533
02	0025534
02	0025535
02	0025536
02	0025537
02	0025538
02	0025539
02	0025540
02	0025541
02	0025542
02	0025543
02	0025544
02	0025545
02	0025546
02	0025547
02	0025548
02	0025549
02	0025550
02	0025551
02	0025552
02	0025553
02	0025554
02	0025555
02	0025556
02	0025557
02	0025558
02	0025559
02	0025560
02	0025561
02	0025562
02	0025563
02	0025564
02	0025565
02	0025566
02	0025567
02	0025568
02	0025569
02	0025570
02	0025571
02	0025572
02	0025573
02	0025574
02	0025575
02	0025576
02	0025577
02	0025578
02	0025579
02	0025580
02	0025581
02	0025582
02	0025583
02	0025584
02	0025585
02	0025586
02	0025587
02	0025588
02	0025589
02	0025590
02	0025591
02	0025592
02	0025593
02	0025594
02	0025595
02	0025596
02	0025597
02	0025598
02	0025599
02	0025600
02	0025601
02	0025602
02	0025603
02	0025604
02	0025605
02	0025606
02	0025607
02	0025608
02	0025609
02	0025610
02	0025611
02	0025612
02	0025613
02	0025614
02	0025615
02	0025616
02	0025617
02	0025618
02	0025619
02	0025620
02	0025621
02	0025622
02	0025623
02	0025624
02	0025625
02	0025626
02	0025627
02	0025628
02	0025629
02	0025630
02	0025631
02	0025632
02	0025633
02	0025634
02	0025635
02	0025636
02	0025637
02	0025638
02	0025639
02	0025640
02	0025641
02	0025642
02	0025643
02	0025644
02	0025645
02	0025646
02	0025647
02	0025648
02	0025649
02	0025650
02	0025651
02	0025652
02	0025653
02	0025654
02	0025655
02	0025656
02	0025657
02	0025658
02	0025659
02	0025660
02	0025661
02	0025662
02	0025663
02	0025664
02	0025665
02	0025666
02	0025667
02	0025668
02	0025669
02	0025670
02	0025671
02	0025672
02	0025673
02	0025674
02	0025675
02	0025676
02	0025677
02	0025678
02	0025679
02	0025680
02	0025681
02	0025682
02	0025683
02	0025684
02	0025685
02	0025686
02	0025687
02	0025688
02	0025689
02	0025690
02	0025691
02	0025692
02	0025693
02	0025694
02	0025695
02	0025696
02	0025697
02	0025698
02	0025699
02	0025700
02	0025701
02	0025702
02	0025703
02	0025704
02	0025705
02	0025706
02	0025707
02	0025708
02	0025709
02	0025710
02	0025711
02	0025712
02	0025713
02	0025714
02	0025715
02	0025716
02	0025717
02	0025718
02	0025719
02	0025720
02	0025721
02	0025722
02	0025723
02	0025724
02	0025725
02	0025726
02	0025727
02	0025728
02	0025729
02	0025730
02	0025731
02	0025732
02	0025733
02	0025734
02	0025735
02	0025736
02	0025737
02	0025738
02	0025739
02	0025740
02	0025741
02	0025742
02	0025743
02	0025744
02	0025745
02	0025746
02	0025747
02	0025748
02	0025749
02	0025750
02	0025751
02	0025752
02	0025753
02	0025754
02	0025755
02	0025756
02	0025757
02	0025758
02	0025759
02	0025760
02	0025761
02	0025762
02	0025763
02	0025764
02	0025765
02	0025766
02	0025767
02	0025768
02	0025769
02	0025770
02	0025771
02	0025772
02	0025773
02	0025774
02	0025775
02	0025776
02	0025777
02	0025778
02	0025779
02	0025780
02	0025781
02	0025782
02	0025783
02	0025784
02	0025785
02	0025786
02	0025787
02	0025788
02	0025789
02	0025790
02	0025791
02	0025792
02	0025793
02	0025794
02	0025795
02	0025796
02	0025797
02	0025798
02	0025799
02	0025800
02	0025801
02	0025802
02	0025803
02	0025804
02	0025805
02	0025806
02	0025807
02	0025808
02	0025809
02	0025810
02	0025811
02	0025812
02	0025813
02	0025814
02	0025815
02	0025816
02	0025817
02	0025818
02	0025819
02	0025820
02	0025821
02	0025822
02	0025823
02	0025824
02	0025825
02	0025826
02	0025827
02	0025828
02	0025829
02	0025830
02	0025831
02	0025832
02	0025833
02	0025834
02	0025835
02	0025836
02	0025837
02	0025838
02	0025839
02	0025840
02	0025841
02	0025842
02	0025843
02	0025844
02	0025845
02	0025846
02	0025847
02	0025848
02	0025849
02	0025850
02	0025851
02	0025852
02	0025853
02	0025854
02	0025855
02	0025856
02	0025857
02	0025858
02	0025859
02	0025860
02	0025861
02	0025862
02	0025863
02	0025864
02	0025865
02	0025866
02	0025867
02	0025868
02	0025869
02	0025870
02	0025871
02	0025872
02	0025873
02	0025874
02	0025875
02	0025876
02	0025877
02	0025878
02	0025879
02	0025880
02	0025881
02	0025882
02	0025883
02	0025884
02	0025885
02	0025886
02	0025887
02	0025888
02	0025889
02	0025890
02	0025891
02	0025892
02	0025893
02	0025894
02	0025895
02	0025896
02	0025897
02	0025898
02	0025899
02	0025900
02	0025901
02	0025902
02	0025903
02	0025904
02	0025905
02	0025906
02	0025907
02	0025908
02	0025909
02	0025910
02	0025911
02	0025912
02	0025913
02	0025914
02	0025915
02	0025916
02	0025917
02	0025918
02	0025919
02	0025920
02	0025921
02	0025922
02	0025923
02	0025924
02	0025925
02	0025926
02	0025927
02	0025928
02	0025929
02	0025930
02	0025931
02	0025932
02	0025933
02	0025934
02	0025935
02	0025936
02	0025937
02	0025938
02	0025939
02	0025940
02	0025941
02	0025942
02	0025943
02	0025944
02	0025945
02	0025946
02	0025947
02	0025948
02	0025949
02	0025950
02	0025951
02	0025952
02	0025953
02	0025954
02	0025955
02	0025956
02	0025957
02	0025958
02	0025959
02	0025960
02	0025961
02	0025962
02	0025963
02	0025964
02	0025965
02	0025966
02	0025967
02	0025968
02	0025969
02	0025970
02	0025971
02	0025972
02	0025973
02	0025974
02	0025975
02	0025976
02	0025977
02	0025978
02	0025979
02	0025980
02	0025981
02	0025982
02	0025983
02	0025984
02	0025985
02	0025986
02	0025988
02	0025989
02	0025990
02	0025991
02	0025992
02	0025993
02	0025994
02	0025995
02	0025996
02	0025997
02	0025998
02	0025999
02	0026000
02	0026001
02	0026002
02	0026003
02	0026004
02	0026005
02	0026006
02	0026007
02	0026008
02	0026009
02	0026010
02	0026011
02	0026012
02	0026013
02	0026014
02	0026015
02	0026016
02	0026017
02	0026018
02	0026019
02	0026020
02	0026021
02	0026022
02	0026023
02	0026024
02	0026025
02	0026026
02	0026027
02	0026028
02	0026029
02	0026030
02	0026031
02	0026032
02	0026033
02	0026034
02	0026035
02	0026036
02	0026037
02	0026038
02	0026039
02	0026040
02	0026041
02	0026042
02	0026043
02	0026044
02	0026045
02	0026046
02	0026047
02	0026048
02	0026049
02	0026050
02	0026051
02	0026052
02	0026053
02	0026054
02	0026055
02	0026056
02	0026057
02	0026058
02	0026059
02	0026060
02	0026061
02	0026062
02	0026063
02	0026064
02	0026065
02	0026066
02	0026067
02	0026068
02	0026069
02	0026070
02	0026071
02	0026072
02	0026073
02	0026074
02	0026075
02	0026076
02	0026077
02	0026078
02	0026079
02	0026080
02	0026081
02	0026082
02	0026083
02	0026084
02	0026085
02	0026086
02	0026087
02	0026088
02	0026089
02	0026090
02	0026091
02	0026092
02	0026093
02	0026094
02	0026095
02	0026096
02	0026097
02	0026098
02	0026099
02	0026100
02	0026101
02	0026102
02	0026103
02	0026104
02	0026105
02	0026106
02	0026107
02	0026108
02	0026109
02	0026110
02	0026111
02	0026112
02	0026113
02	0026114
02	0026115
02	0026116
02	0026117
02	0026118
02	0026119
02	0026120
02	0026121
02	0026122
02	0026123
02	0026124
02	0026125
02	0026126
02	0026127
02	0026128
02	0026129
02	0026130
02	0026131
02	0026132
02	0026133
02	0026134
02	0026135
02	0026136
02	0026137
02	0026138
02	0026139
02	0026140
02	0026141
02	0026142
02	0026143
02	0026144
02	0026145
02	0026146
02	0026147
02	0026148
02	0026149
02	0026150
02	0026151
02	0026152
02	0026153
02	0026154
02	0026155
02	0026156
02	0026157
02	0026158
02	0026159
02	0026160
02	0026161
02	0026162
02	0026163
02	0026164
02	0026165
02	0026166
02	0026167
02	0026168
02	0026169
02	0026170
02	0026171
02	0026172
02	0026173
02	0026174
02	0026175
02	0026176
02	0026177
02	0026178
02	0026179
02	0026180
02	0026181
02	0026182
02	0026183
02	0026184
02	0026185
02	0026186
02	0026187
02	0026188
02	0026189
02	0026190
02	0026191
02	0026192
02	0026193
02	0026194
02	0026195
02	0026196
02	0026197
02	0026198
02	0026199
02	0026200
02	0026201
02	0026202
02	0026203
02	0026204
02	0026205
02	0026206
02	0026207
02	0026208
02	0026209
02	0026210
02	0026211
02	0026212
02	0026213
02	0026214
02	0026215
02	0026216
02	0026217
02	0026218
02	0026219
02	0026220
02	0026221
02	0026222
02	0026223
02	0026224
02	0026225
02	0026226
02	0026227
02	0026228
02	0026229
02	0026230
02	0026231
02	0026232
02	0026233
02	0026234
02	0026235
02	0026236
02	0026237
02	0026238
02	0026239
02	0026240
02	0026241
02	0026242
02	0026243
02	0026244
02	0026245
02	0026246
02	0026247
02	0026248
02	0026249
02	0026250
02	0026251
02	0026252
02	0026253
02	0026254
02	0026255
02	0026256
02	0026257
02	0026258
02	0026259
02	0026260
02	0026261
02	0026262
02	0026263
02	0026264
02	0026265
02	0026266
02	0026267
02	0026268
02	0026269
02	0026270
02	0026271
02	0026272
02	0026273
02	0026274
02	0026275
02	0026276
02	0026277
02	0026278
02	0026279
02	0026280
02	0026281
02	0026282
02	0026283
02	0026284
02	0026285
02	0026286
02	0026287
02	0026288
02	0026289
02	0026290
02	0026291
02	0026292
02	0026293
02	0026294
02	0026295
02	0026296
02	0026297
02	0026298
02	0026299
02	0026300
02	0026301
02	0026302
02	0026303
02	0026304
02	0026305
02	0026306
02	0026307
02	0026308
02	0026309
02	0026310
02	0026311
02	0026312
02	0026313
02	0026314
02	0026315
02	0026316
02	0026317
02	0026318
02	0026319
02	0026320
02	0026321
02	0026322
02	0026323
02	0026324
02	0026325
02	0026326
02	0026327
02	0026328
02	0026329
02	0026330
02	0026331
02	0026332
02	0026333
02	0026334
02	0026335
02	0026336
02	0026337
02	0026338
02	0026339
02	0026340
02	0026341
02	0026342
02	0026343
02	0026344
02	0026345
02	0026346
02	0026347
02	0026348
02	0026349
02	0026350
02	0026351
02	0026352
02	0026353
02	0026354
02	0026355
02	0026356
02	0026357
02	0026358
02	0026359
02	0026360
02	0026361
02	0026362
02	0026363
02	0026364
02	0026365
02	0026366
02	0026367
02	0026368
02	0026369
02	0026370
02	0026371
02	0026372
02	0026373
02	0026374
02	0026375
02	0026376
02	0026377
02	0026378
02	0026379
02	0026380
02	0026381
02	0026382
02	0026383
02	0026384
02	0026385
02	0026386
02	0026387
02	0026388
02	0026389
02	0026390
02	0026391
02	0026392
02	0026393
02	0026394
02	0026395
02	0026396
02	0026397
02	0026398
02	0026399
02	0026400
02	0026401
02	0026402
02	0026403
02	0026404
02	0026405
02	0026406
02	0026407
02	0026408
02	0026409
02	0026410
02	0026411
02	0026412
02	0026413
02	0026414
02	0026415
02	0026416
02	0026417
02	0026418
02	0026419
02	0026420
02	0026421
02	0026422
02	0026423
02	0026424
02	0026425
02	0026426
02	0026427
02	0026428
02	0026429
02	0026430
02	0026431
02	0026432
02	0026433
02	0026434
02	0026435
02	0026436
02	0026437
02	0026438
02	0026439
02	0026440
02	0026441
02	0026442
02	0026443
02	0026444
02	0026445
02	0026446
02	0026447
02	0026448
02	0026449
02	0026450
02	0026451
02	0026452
02	0026453
02	0026454
02	0026455
02	0026456
02	0026457
02	0026458
02	0026459
02	0026460
02	0026461
02	0026462
02	0026463
02	0026464
02	0026465
02	0026466
02	0026467
02	0026468
02	0026469
02	0026470
02	0026471
02	0026472
02	0026473
02	0026474
02	0026475
02	0026476
02	0026477
02	0026478
02	0026479
02	0026480
02	0026481
02	0026482
02	0026483
02	0026484
02	0026485
02	0026486
02	0026487
02	0026488
02	0026489
02	0026490
02	0026491
02	0026492
02	0026493
02	0026494
02	0026495
02	0026496
02	0026497
02	0026498
02	0026499
02	0026500
02	0026501
02	0026502
02	0026503
02	0026504
02	0026505
02	0026506
02	0026507
02	0026508
02	0026509
02	0026510
02	0026511
02	0026512
02	0026513
02	0026514
02	0026515
02	0026516
02	0026517
02	0026518
02	0026519
02	0026520
02	0026521
02	0026522
02	0026523
02	0026524
02	0026525
02	0026526
02	0026527
02	0026528
02	0026529
02	0026530
02	0026531
02	0026532
02	0026533
02	0026534
02	0026535
02	0026536
02	0026537
02	0026538
02	0026539
02	0026540
02	0026541
02	0026542
02	0026543
02	0026544
02	0026545
02	0026546
02	0026547
02	0026548
02	0026549
02	0026550
02	0026551
02	0026552
02	0026553
02	0026554
02	0026555
02	0026556
02	0026557
02	0026558
02	0026559
02	0026560
02	0026561
02	0026562
02	0026563
02	0026564
02	0026565
02	0026566
02	0026567
02	0026568
02	0026569
02	0026570
02	0026571
02	0026572
02	0026573
02	0026574
02	0026575
02	0026576
02	0026577
02	0026578
02	0026579
02	0026580
02	0026581
02	0026582
02	0026583
02	0026584
02	0026586
02	0026587
02	0026588
02	0026589
02	0026590
02	0026591
02	0026592
02	0026593
02	0026594
02	0026595
02	0026596
02	0026597
02	0026598
02	0026599
02	0026600
02	0026601
02	0026602
02	0026603
02	0026604
02	0026605
02	0026606
02	0026607
02	0026608
02	0026609
02	0026610
02	0026611
02	0026612
02	0026613
02	0026614
02	0026615
02	0026616
02	0026617
02	0026618
02	0026619
02	0026620
02	0026621
02	0026622
02	0026623
02	0026624
02	0026625
02	0026626
02	0026627
02	0026628
02	0026629
02	0026630
02	0026631
02	0026632
02	0026633
02	0026634
02	0026635
02	0026636
02	0026637
02	0026638
02	0026639
02	0026640
02	0026641
02	0026642
02	0026643
02	0026644
02	0026645
02	0026646
02	0026647
02	0026648
02	0026649
02	0026650
02	0026651
02	0026652
02	0026653
02	0026654
02	0026655
02	0026656
02	0026657
02	0026658
02	0026659
02	0026660
02	0026661
02	0026662
02	0026663
02	0026664
02	0026665
02	0026666
02	0026667
02	0026668
02	0026669
02	0026670
02	0026671
02	0026672
02	0026673
02	0026674
02	0026675
02	0026676
02	0026677
02	0026678
02	0026679
02	0026680
02	0026681
02	0026682
02	0026683
02	0026684
02	0026685
02	0026686
02	0026687
02	0026688
02	0026689
02	0026690
02	0026691
02	0026692
02	0026693
02	0026694
02	0026695
02	0026696
02	0026697
02	0026698
02	0026699
02	0026700
02	0026701
02	0026702
02	0026703
02	0026704
02	0026705
02	0026706
02	0026707
02	0026708
02	0026709
02	0026710
02	0026711
02	0026712
02	0026713
02	0026714
02	0026715
02	0026716
02	0026717
02	0026718
02	0026719
02	0026720
02	0026721
02	0026722
02	0026723
02	0026724
02	0026725
02	0026726
02	0026727
02	0026728
02	0026729
02	0026730
02	0026731
02	0026732
02	0026733
02	0026734
02	0026735
02	0026736
02	0026737
02	0026738
02	0026739
02	0026740
02	0026741
02	0026742
02	0026743
02	0026744
02	0026745
02	0026746
02	0026747
02	0026748
02	0026749
02	0026750
02	0026751
02	0026752
02	0026753
02	0026754
02	0026755
02	0026756
02	0026757
02	0026758
02	0026759
02	0026760
02	0026761
02	0026762
02	0026763
02	0026764
02	0026765
02	0026766
02	0026767
02	0026768
02	0026769
02	0026770
02	0026771
02	0026772
02	0026773
02	0026774
02	0026775
02	0026776
02	0026777
02	0026778
02	0026779
02	0026780
02	0026781
02	0026782
02	0026783
02	0026784
02	0026785
02	0026786
02	0026787
02	0026788
02	0026789
02	0026790
02	0026791
02	0026792
02	0026793
02	0026794
02	0026795
02	0026796
02	0026797
02	0026798
02	0026799
02	0026800
02	0026801
02	0026802
02	0026803
02	0026804
02	0026805
02	0026806
02	0026807
02	0026808
02	0026809
02	0026810
02	0026811
02	0026812
02	0026813
02	0026814
02	0026815
02	0026816
02	0026817
02	0026818
02	0026819
02	0026820
02	0026821
02	0026822
02	0026823
02	0026824
02	0026825
02	0026826
02	0026827
02	0026828
02	0026829
02	0026830
02	0026831
02	0026832
02	0026833
02	0026834
02	0026835
02	0026836
02	0026837
02	0026838
02	0026839
02	0026840
02	0026841
02	0026842
02	0026843
02	0026844
02	0026845
02	0026846
02	0026847
02	0026848
02	0026849
02	0026850
02	0026851
02	0026852
02	0026853
02	0026854
02	0026855
02	0026856
02	0026857
02	0026858
02	0026859
02	0026860
02	0026861
02	0026862
02	0026863
02	0026864
02	0026865
02	0026866
02	0026867
02	0026868
02	0026869
02	0026870
02	0026871
02	0026872
02	0026873
02	0026874
02	0026875
02	0026876
02	0026877
02	0026878
02	0026879
02	0026880
02	0026881
02	0026882
02	0026883
02	0026884
02	0026885
02	0026886
02	0026887
02	0026888
02	0026889
02	0026890
02	0026891
02	0026892
02	0026893
02	0026894
02	0026895
02	0026896
02	0026897
02	0026898
02	0026899
02	0026900
02	0026901
02	0026902
02	0026903
02	0026904
02	0026905
02	0026906
02	0026907
02	0026908
02	0026909
02	0026910
02	0026911
02	0026912
02	0026913
02	0026914
02	0026915
02	0026916
02	0026917
02	0026918
02	0026919
02	0026920
02	0026921
02	0026922
02	0026923
02	0026924
02	0026925
02	0026926
02	0026927
02	0026928
02	0026929
02	0026930
02	0026931
02	0026932
02	0026933
02	0026934
02	0026935
02	0026936
02	0026938
02	0026939
02	0026940
02	0026941
02	0026942
02	0026943
02	0026944
02	0026945
02	0026946
02	0026947
02	0026948
02	0026949
02	0026950
02	0026951
02	0026952
02	0026953
02	0026954
02	0026955
02	0026956
02	0026957
02	0026958
02	0026959
02	0026960
02	0026961
02	0026962
02	0026963
02	0026964
02	0026965
02	0026966
02	0026967
02	0026968
02	0026969
02	0026970
02	0026971
02	0026972
02	0026973
02	0026974
02	0026975
02	0026976
02	0026977
02	0026978
02	0026979
02	0026980
02	0026981
02	0026982
02	0026983
02	0026984
02	0026985
02	0026986
02	0026987
02	0026988
02	0026989
02	0026990
02	0026991
02	0026992
02	0026993
02	0026994
02	0026995
02	0026996
02	0026997
02	0026998
02	0026999
02	0027000
02	0027001
02	0027002
02	0027003
02	0027004
02	0027005
02	0027006
02	0027007
02	0027008
02	0027009
02	0027010
02	0027011
02	0027012
02	0027013
02	0027014
02	0027015
02	0027016
02	0027017
02	0027018
02	0027019
02	0027020
02	0027021
02	0027022
02	0027023
02	0027024
02	0027025
02	0027026
02	0027027
02	0027028
02	0027029
02	0027030
02	0027031
02	0027032
02	0027033
02	0027034
02	0027035
02	0027036
02	0027037
02	0027038
02	0027039
02	0027040
02	0027041
02	0027042
02	0027043
02	0027044
02	0027045
02	0027046
02	0027047
02	0027048
02	0027049
02	0027050
02	0027051
02	0027052
02	0027053
02	0027054
02	0027055
02	0027056
02	0027057
02	0027058
02	0027059
02	0027060
02	0027061
02	0027062
02	0027063
02	0027064
02	0027065
02	0027066
02	0027067
02	0027068
02	0027069
02	0027070
02	0027071
02	0027072
02	0027073
02	0027074
02	0027075
02	0027076
02	0027077
02	0027078
02	0027079
02	0027080
02	0027081
02	0027082
02	0027083
02	0027084
02	0027085
02	0027086
02	0027087
02	0027088
02	0027089
02	0027090
02	0027091
02	0027092
02	0027093
02	0027094
02	0027095
02	0027096
02	0027097
02	0027098
02	0027099
02	0027100
02	0027101
02	0027102
02	0027103
02	0027104
02	0027105
02	0027106
02	0027107
02	0027108
02	0027109
02	0027110
02	0027111
02	0027112
02	0027113
02	0027114
02	0027115
02	0027116
02	0027117
02	0027118
02	0027119
02	0027120
02	0027121
02	0027122
02	0027123
02	0027124
02	0027125
02	0027126
02	0027127
02	0027128
02	0027129
02	0027130
02	0027131
02	0027132
02	0027133
02	0027134
02	0027135
02	0027136
02	0027137
02	0027138
02	0027139
02	0027140
02	0027141
02	0027142
02	0027143
02	0027144
02	0027145
02	0027146
02	0027147
02	0027148
02	0027149
02	0027150
02	0027151
02	0027152
02	0027153
02	0027154
02	0027155
02	0027156
02	0027157
02	0027158
02	0027159
02	0027160
02	0027161
02	0027162
02	0027163
02	0027164
02	0027165
02	0027166
02	0027167
02	0027168
02	0027169
02	0027170
02	0027171
02	0027172
02	0027173
02	0027174
02	0027175
02	0027176
02	0027177
02	0027178
02	0027179
02	0027180
02	0027181
02	0027182
02	0027183
02	0027184
02	0027185
02	0027186
02	0027187
02	0027188
02	0027189
02	0027190
02	0027191
02	0027192
02	0027193
02	0027194
02	0027195
02	0027196
02	0027197
02	0027198
02	0027199
02	0027200
02	0027201
02	0027202
02	0027203
02	0027204
02	0027205
02	0027206
02	0027207
02	0027208
02	0027209
02	0027210
02	0027211
02	0027212
02	0027213
02	0027214
02	0027215
02	0027216
02	0027217
02	0027218
02	0027219
02	0027220
02	0027221
02	0027222
02	0027223
02	0027224
02	0027225
02	0027226
02	0027227
02	0027228
02	0027229
02	0027230
02	0027231
02	0027232
02	0027233
02	0027234
02	0027235
02	0027236
02	0027237
02	0027238
02	0027239
02	0027240
02	0027241
02	0027242
02	0027243
02	0027244
02	0027245
02	0027246
02	0027247
02	0027248
02	0027249
02	0027250
02	0027251
02	0027252
02	0027253
02	0027254
02	0027255
02	0027256
02	0027257
02	0027258
02	0027259
02	0027260
02	0027261
02	0027262
02	0027263
02	0027264
02	0027265
02	0027266
02	0027267
02	0027268
02	0027269
02	0027270
02	0027271
02	0027272
02	0027273
02	0027274
02	0027275
02	0027276
02	0027277
02	0027278
02	0027279
02	0027280
02	0027281
02	0027282
02	0027283
02	0027284
02	0027285
02	0027286
02	0027287
02	0027288
02	0027289
02	0027290
02	0027291
02	0027292
02	0027293
02	0027294
02	0027295
02	0027296
02	0027297
02	0027298
02	0027299
02	0027300
02	0027301
02	0027302
02	0027303
02	0027304
02	0027305
02	0027306
02	0027307
02	0027308
02	0027309
02	0027310
02	0027311
02	0027312
02	0027313
02	0027314
02	0027315
02	0027316
02	0027317
02	0027318
02	0027319
02	0027320
02	0027321
02	0027322
02	0027323
02	0027324
02	0027325
02	0027326
02	0027327
02	0027328
02	0027329
02	0027330
02	0027331
02	0027332
02	0027333
02	0027334
02	0027335
02	0027336
02	0027337
02	0027338
02	0027339
02	0027340
02	0027341
02	0027342
02	0027343
02	0027344
02	0027345
02	0027346
02	0027347
02	0027348
02	0027349
02	0027350
02	0027351
02	0027352
02	0027353
02	0027354
02	0027355
02	0027356
02	0027357
02	0027358
02	0027359
02	0027360
02	0027361
02	0027362
02	0027363
02	0027364
02	0027365
02	0027366
02	0027367
02	0027368
02	0027369
02	0027370
02	0027371
02	0027372
02	0027373
02	0027374
02	0027375
02	0027376
02	0027377
02	0027378
02	0027379
02	0027380
02	0027381
02	0027382
02	0027383
02	0027384
02	0027385
02	0027386
02	0027387
02	0027388
02	0027389
02	0027390
02	0027391
02	0027392
02	0027393
02	0027394
02	0027395
02	0027396
02	0027397
02	0027398
02	0027399
02	0027400
02	0027401
02	0027402
02	0027403
02	0027404
02	0027405
02	0027406
02	0027407
02	0027408
02	0027409
02	0027410
02	0027411
02	0027412
02	0027413
02	0027414
02	0027415
02	0027416
02	0027417
02	0027418
02	0027419
02	0027420
02	0027421
02	0027422
02	0027423
02	0027424
02	0027425
02	0027426
02	0027427
02	0027428
02	0027429
02	0027430
02	0027431
02	0027432
02	0027433
02	0027434
02	0027435
02	0027436
02	0027437
02	0027438
02	0027439
02	0027440
02	0027441
02	0027442
02	0027443
02	0027444
02	0027445
02	0027446
02	0027447
02	0027448
02	0027449
02	0027450
02	0027451
02	0027452
02	0027453
02	0027454
02	0027455
02	0027456
02	0027457
02	0027458
02	0027459
02	0027460
02	0027461
02	0027462
02	0027463
02	0027464
02	0027465
02	0027466
02	0027467
02	0027468
02	0027469
02	0027470
02	0027471
02	0027472
02	0027473
02	0027474
02	0027475
02	0027476
02	0027477
02	0027478
02	0027479
02	0027480
02	0027481
02	0027482
02	0027483
02	0027484
02	0027485
02	0027486
02	0027487
02	0027488
02	0027489
02	0027490
02	0027491
02	0027492
02	0027493
02	0027494
02	0027495
02	0027496
02	0027497
02	0027498
02	0027499
02	0027500
02	0027501
02	0027502
02	0027503
02	0027504
02	0027505
02	0027506
02	0027507
02	0027508
02	0027509
02	0027510
02	0027511
02	0027512
02	0027513
02	0027514
02	0027515
02	0027516
02	0027517
02	0027518
02	0027519
02	0027520
02	0027521
02	0027522
02	0027523
02	0027524
02	0027525
02	0027526
02	0027527
02	0027528
02	0027529
02	0027530
02	0027531
02	0027532
02	0027533
02	0027534
02	0027535
02	0027536
02	0027537
02	0027538
02	0027539
02	0027540
02	0027541
02	0027542
02	0027543
02	0027544
02	0027545
02	0027546
02	0027547
02	0027548
02	0027549
02	0027550
02	0027551
02	0027552
02	0027553
02	0027554
02	0027555
02	0027556
02	0027557
02	0027558
02	0027559
02	0027560
02	0027561
02	0027562
02	0027563
02	0027564
02	0027565
02	0027566
02	0027567
02	0027568
02	0027569
02	0027570
02	0027571
02	0027572
02	0027573
02	0027574
02	0027575
02	0027576
02	0027577
02	0027578
02	0027579
02	0027580
02	0027581
02	0027582
02	0027583
02	0027584
02	0027585
02	0027586
02	0027587
02	0027588
02	0027589
02	0027590
02	0027591
02	0027592
02	0027593
02	0027594
02	0027595
02	0027596
02	0027597
02	0027598
02	0027599
02	0027600
02	0027601
02	0027602
02	0027603
02	0027604
02	0027605
02	0027606
02	0027607
02	0027608
02	0027609
02	0027610
02	0027611
02	0027612
02	0027613
02	0027614
02	0027615
02	0027616
02	0027617
02	0027618
02	0027619
02	0027620
02	0027621
02	0027622
02	0027623
02	0027624
02	0027625
02	0027626
02	0027627
02	0027628
02	0027629
02	0027630
02	0027631
02	0027632
02	0027633
02	0027634
02	0027635
02	0027636
02	0027637
02	0027638
02	0027639
02	0027640
02	0027641
02	0027642
02	0027643
02	0027644
02	0027645
02	0027646
02	0027647
02	0027648
02	0027649
02	0027650
02	0027651
02	0027652
02	0027653
02	0027654
02	0027655
02	0027656
02	0027657
02	0027658
02	0027659
02	0027660
02	0027661
02	0027662
02	0027663
02	0027664
02	0027665
02	0027666
02	0027667
02	0027668
02	0027669
02	0027670
02	0027671
02	0027672
02	0027673
02	0027674
02	0027675
02	0027676
02	0027677
02	0027678
02	0027679
02	0027680
02	0027681
02	0027682
02	0027683
02	0027684
02	0027685
02	0027686
02	0027687
02	0027688
02	0027689
02	0027690
02	0027691
02	0027692
02	0027693
02	0027694
02	0027695
02	0027696
02	0027697
02	0027698
02	0027699
02	0027700
02	0027701
02	0027702
02	0027703
02	0027704
02	0027705
02	0027706
02	0027707
02	0027708
02	0027709
02	0027710
02	0027711
02	0027712
02	0027713
02	0027714
02	0027715
02	0027716
02	0027717
02	0027718
02	0027719
02	0027720
02	0027721
02	0027722
02	0027723
02	0027724
02	0027725
02	0027726
02	0027727
02	0027728
02	0027729
02	0027730
02	0027731
02	0027732
02	0027733
02	0027734
02	0027735
02	0027736
02	0027737
02	0027738
02	0027739
02	0027740
02	0027741
02	0027742
02	0027743
02	0027744
02	0027745
02	0027746
02	0027747
02	0027748
02	0027749
02	0027750
02	0027751
02	0027752
02	0027753
02	0027754
02	0027755
02	0027756
02	0027757
02	0027758
02	0027759
02	0027760
02	0027761
02	0027762
02	0027763
02	0027764
02	0027765
02	0027766
02	0027767
02	0027768
02	0027769
02	0027770
02	0027771
02	0027772
02	0027773
02	0027774
02	0027775
02	0027776
02	0027777
02	0027778
02	0027779
02	0027780
02	0027781
02	0027782
02	0027783
02	0027784
02	0027785
02	0027786
02	0027787
02	0027788
02	0027789
02	0027790
02	0027791
02	0027792
02	0027793
02	0027794
02	0027795
02	0027796
02	0027797
02	0027798
02	0027799
02	0027800
02	0027801
02	0027802
02	0027803
02	0027804
02	0027805
02	0027806
02	0027807
02	0027808
02	0027809
02	0027810
02	0027811
02	0027812
02	0027813
02	0027814
02	0027815
02	0027816
02	0027817
02	0027818
02	0027819
02	0027820
02	0027821
02	0027822
02	0027823
02	0027824
02	0027825
02	0027826
02	0027827
02	0027828
02	0027829
02	0027830
02	0027831
02	0027832
02	0027833
02	0027834
02	0027835
02	0027836
02	0027837
02	0027838
02	0027839
02	0027840
02	0027841
02	0027842
02	0027843
02	0027844
02	0027845
02	0027846
02	0027847
02	0027848
02	0027849
02	0027850
02	0027851
02	0027852
02	0027853
02	0027854
02	0027855
02	0027856
02	0027857
02	0027858
02	0027859
02	0027860
02	0027861
02	0027862
02	0027863
02	0027864
02	0027865
02	0027866
02	0027867
02	0027868
02	0027869
02	0027870
02	0027871
02	0027872
02	0027873
02	0027874
02	0027875
02	0027876
02	0027877
02	0027878
02	0027879
02	0027880
02	0027881
02	0027882
02	0027883
02	0027884
02	0027885
02	0027886
02	0027887
02	0027889
02	0027890
02	0027891
02	0027892
02	0027893
02	0027894
02	0027895
02	0027896
02	0027897
02	0027898
02	0027899
02	0027900
02	0027901
02	0027902
02	0027903
02	0027904
02	0027905
02	0027906
02	0027907
02	0027908
02	0027909
02	0027910
02	0027911
02	0027912
02	0027913
02	0027914
02	0027915
02	0027916
02	0027917
02	0027918
02	0027919
02	0027920
02	0027921
02	0027922
02	0027923
02	0027924
02	0027925
02	0027926
02	0027927
02	0027928
02	0027929
02	0027930
02	0027931
02	0027932
02	0027933
02	0027934
02	0027935
02	0027936
02	0027937
02	0027938
02	0027939
02	0027940
02	0027941
02	0027942
02	0027943
02	0027944
02	0027945
02	0027946
02	0027947
02	0027948
02	0027949
02	0027950
02	0027951
02	0027952
02	0027953
02	0027954
02	0027955
02	0027956
02	0027957
02	0027958
02	0027959
02	0027960
02	0027961
02	0027962
02	0027963
02	0027964
02	0027965
02	0027966
02	0027967
02	0027968
02	0027969
02	0027970
02	0027971
02	0027972
02	0027973
02	0027974
02	0027975
02	0027976
02	0027977
02	0027978
02	0027979
02	0027980
02	0027981
02	0027982
02	0027983
02	0027984
02	0027985
02	0027986
02	0027987
02	0027988
02	0027989
02	0027990
02	0027991
02	0027992
02	0027993
02	0027994
02	0027995
02	0027996
02	0027997
02	0027998
02	0027999
02	0028000
02	0028001
02	0028002
02	0028003
02	0028004
02	0028005
02	0028006
02	0028007
02	0028008
02	0028009
02	0028010
02	0028011
02	0028012
02	0028013
02	0028014
02	0028015
02	0028016
02	0028017
02	0028018
02	0028019
02	0028020
02	0028021
02	0028022
02	0028023
02	0028024
02	0028025
02	0028026
02	0028027
02	0028028
02	0028029
02	0028030
02	0028031
02	0028032
02	0028033
02	0028034
02	0028035
02	0028036
02	0028037
02	0028038
02	0028039
02	0028040
02	0028041
02	0028042
02	0028043
02	0028044
02	0028045
02	0028046
02	0028047
02	0028048
02	0028049
02	0028050
02	0028051
02	0028052
02	0028053
02	0028054
02	0028055
02	0028056
02	0028057
02	0028058
02	0028059
02	0028060
02	0028061
02	0028062
02	0028063
02	0028064
02	0028065
02	0028066
02	0028067
02	0028068
02	0028069
02	0028070
02	0028071
02	0028072
02	0028073
02	0028074
02	0028075
02	0028076
02	0028077
02	0028078
02	0028079
02	0028080
02	0028081
02	0028082
02	0028083
02	0028084
02	0028085
02	0028086
02	0028087
02	0028088
02	0028089
02	0028090
02	0028091
02	0028092
02	0028093
02	0028094
02	0028095
02	0028096
02	0028097
02	0028098
02	0028099
02	0028100
02	0028101
02	0028102
02	0028103
02	0028104
02	0028105
02	0028106
02	0028107
02	0028108
02	0028109
02	0028110
02	0028111
02	0028112
02	0028113
02	0028114
02	0028115
02	0028116
02	0028117
02	0028118
02	0028119
02	0028120
02	0028121
02	0028122
02	0028123
02	0028124
02	0028125
02	0028126
02	0028127
02	0028128
02	0028129
02	0028130
02	0028131
02	0028132
02	0028133
02	0028134
02	0028135
02	0028136
02	0028137
02	0028138
02	0028139
02	0028140
02	0028141
02	0028142
02	0028143
02	0028144
02	0028145
02	0028146
02	0028147
02	0028148
02	0028149
02	0028150
02	0028151
02	0028152
02	0028153
02	0028154
02	0028155
02	0028156
02	0028157
02	0028158
02	0028159
02	0028160
02	0028161
02	0028162
02	0028163
02	0028164
02	0028165
02	0028166
02	0028167
02	0028168
02	0028169
02	0028170
02	0028171
02	0028172
02	0028173
02	0028174
02	0028175
02	0028176
02	0028177
02	0028178
02	0028179
02	0028180
02	0028181
02	0028182
02	0028183
02	0028184
02	0028185
02	0028186
02	0028187
02	0028188
02	0028189
02	0028190
02	0028191
02	0028192
02	0028193
02	0028194
02	0028195
02	0028196
02	0028197
02	0028198
02	0028199
02	0028200
02	0028201
02	0028202
02	0028203
02	0028204
02	0028205
02	0028206
02	0028207
02	0028208
02	0028209
02	0028210
02	0028211
02	0028212
02	0028213
02	0028214
02	0028215
02	0028216
02	0028217
02	0028218
02	0028219
02	0028220
02	0028221
02	0028222
02	0028223
02	0028224
02	0028225
02	0028226
02	0028227
02	0028228
02	0028229
02	0028230
02	0028231
02	0028232
02	0028233
02	0028234
02	0028235
02	0028236
02	0028237
02	0028238
02	0028239
02	0028240
02	0028241
02	0028242
02	0028243
02	0028244
02	0028245
02	0028246
02	0028247
02	0028248
02	0028249
02	0028250
02	0028251
02	0028252
02	0028253
02	0028254
02	0028255
02	0028256
02	0028257
02	0028258
02	0028259
02	0028260
02	0028261
02	0028262
02	0028263
02	0028264
02	0028265
02	0028266
02	0028267
02	0028268
02	0028269
02	0028270
02	0028271
02	0028272
02	0028273
02	0028274
02	0028275
02	0028276
02	0028277
02	0028278
02	0028279
02	0028280
02	0028281
02	0028282
02	0028283
02	0028284
02	0028285
02	0028286
02	0028287
02	0028288
02	0028289
02	0028290
02	0028291
02	0028292
02	0028293
02	0028294
02	0028295
02	0028296
02	0028297
02	0028298
02	0028299
02	0028300
02	0028301
02	0028302
02	0028303
02	0028304
02	0028305
02	0028306
02	0028307
02	0028308
02	0028309
02	0028310
02	0028311
02	0028312
02	0028313
02	0028314
02	0028315
02	0028316
02	0028317
02	0028318
02	0028319
02	0028320
02	0028321
02	0028322
02	0028323
02	0028324
02	0028325
02	0028326
02	0028327
02	0028328
02	0028329
02	0028330
02	0028331
02	0028332
02	0028333
02	0028334
02	0028335
02	0028336
02	0028337
02	0028338
02	0028339
02	0028340
02	0028341
02	0028342
02	0028343
02	0028344
02	0028345
02	0028346
02	0028347
02	0028348
02	0028349
02	0028350
02	0028351
02	0028352
02	0028353
02	0028354
02	0028355
02	0028356
02	0028357
02	0028358
02	0028359
02	0028360
02	0028361
02	0028362
02	0028363
02	0028364
02	0028365
02	0028366
02	0028367
02	0028369
02	0028370
02	0028371
02	0028372
02	0028373
02	0028374
02	0028375
02	0028376
02	0028377
02	0028378
02	0028379
02	0028380
02	0028381
02	0028382
02	0028383
02	0028384
02	0028385
02	0028386
02	0028387
02	0028388
02	0028389
02	0028390
02	0028391
02	0028392
02	0028393
02	0028394
02	0028395
02	0028396
02	0028397
02	0028398
02	0028399
02	0028400
02	0028401
02	0028402
02	0028403
02	0028404
02	0028405
02	0028406
02	0028407
02	0028408
02	0028409
02	0028410
02	0028411
02	0028412
02	0028413
02	0028414
02	0028415
02	0028416
02	0028417
02	0028418
02	0028419
02	0028420
02	0028421
02	0028422
02	0028423
02	0028424
02	0028425
02	0028426
02	0028427
02	0028428
02	0028429
02	0028430
02	0028431
02	0028432
02	0028433
02	0028434
02	0028435
02	0028436
02	0028437
02	0028438
02	0028439
02	0028440
02	0028441
02	0028442
02	0028443
02	0028444
02	0028445
02	0028446
02	0028447
02	0028448
02	0028449
02	0028450
02	0028451
02	0028452
02	0028453
02	0028454
02	0028455
02	0028456
02	0028457
02	0028458
02	0028459
02	0028460
02	0028461
02	0028462
02	0028463
02	0028464
02	0028465
02	0028466
02	0028467
02	0028468
02	0028469
02	0028470
02	0028471
02	0028472
02	0028473
02	0028474
02	0028475
02	0028476
02	0028477
02	0028478
02	0028479
02	0028480
02	0028481
02	0028482
02	0028483
02	0028484
02	0028485
02	0028486
02	0028487
02	0028488
02	0028489
02	0028490
02	0028491
02	0028492
02	0028493
02	0028494
02	0028495
02	0028496
02	0028497
02	0028498
02	0028499
02	0028500
02	0028501
02	0028502
02	0028503
02	0028504
02	0028505
02	0028506
02	0028507
02	0028508
02	0028509
02	0028510
02	0028511
02	0028512
02	0028513
02	0028514
02	0028515
02	0028516
02	0028517
02	0028518
02	0028519
02	0028520
02	0028521
02	0028522
02	0028523
02	0028524
02	0028525
02	0028526
02	0028527
02	0028528
02	0028529
02	0028530
02	0028531
02	0028532
02	0028533
02	0028534
02	0028535
02	0028536
02	0028537
02	0028538
02	0028539
02	0028540
02	0028541
02	0028542
02	0028543
02	0028544
02	0028545
02	0028546
02	0028547
02	0028548
02	0028549
02	0028550
02	0028551
02	0028552
02	0028553
02	0028554
02	0028555
02	0028556
02	0028557
02	0028558
02	0028559
02	0028560
02	0028561
02	0028562
02	0028563
02	0028564
02	0028565
02	0028566
02	0028567
02	0028568
02	0028569
02	0028570
02	0028571
02	0028572
02	0028573
02	0028574
02	0028575
02	0028576
02	0028577
02	0028578
02	0028579
02	0028580
02	0028581
02	0028582
02	0028583
02	0028584
02	0028585
02	0028586
02	0028587
02	0028588
02	0028589
02	0028590
02	0028591
02	0028592
02	0028593
02	0028594
02	0028595
02	0028596
02	0028597
02	0028598
02	0028599
02	0028600
02	0028601
02	0028602
02	0028603
02	0028604
02	0028605
02	0028606
02	0028607
02	0028608
02	0028609
02	0028610
02	0028611
02	0028612
02	0028613
02	0028614
02	0028615
02	0028616
02	0028617
02	0028618
02	0028619
02	0028620
02	0028621
02	0028622
02	0028623
02	0028624
02	0028625
02	0028626
02	0028627
02	0028628
02	0028629
02	0028630
02	0028631
02	0028632
02	0028633
02	0028634
02	0028635
02	0028636
02	0028637
02	0028638
02	0028639
02	0028640
02	0028641
02	0028642
02	0028643
02	0028644
02	0028645
02	0028646
02	0028647
02	0028648
02	0028649
02	0028650
02	0028651
02	0028652
02	0028653
02	0028654
02	0028655
02	0028656
02	0028657
02	0028658
02	0028659
02	0028660
02	0028661
02	0028662
02	0028663
02	0028664
02	0028665
02	0028666
02	0028667
02	0028668
02	0028669
02	0028670
02	0028671
02	0028672
02	0028673
02	0028674
02	0028675
02	0028676
02	0028677
02	0028678
02	0028679
02	0028680
02	0028681
02	0028682
02	0028683
02	0028684
02	0028685
02	0028686
02	0028687
02	0028688
02	0028689
02	0028690
02	0028691
02	0028692
02	0028693
02	0028694
02	0028695
02	0028696
02	0028697
02	0028698
02	0028699
02	0028700
02	0028701
02	0028702
02	0028703
02	0028704
02	0028705
02	0028706
02	0028707
02	0028708
02	0028709
02	0028710
02	0028711
02	0028712
02	0028713
02	0028714
02	0028715
02	0028716
02	0028717
02	0028718
02	0028719
02	0028720
02	0028721
02	0028722
02	0028723
02	0028724
02	0028725
02	0028726
02	0028727
02	0028728
02	0028729
02	0028730
02	0028731
02	0028732
02	0028733
02	0028734
02	0028735
02	0028736
02	0028737
02	0028738
02	0028739
02	0028740
02	0028741
02	0028742
02	0028743
02	0028744
02	0028745
02	0028746
02	0028747
02	0028748
02	0028749
02	0028750
02	0028751
02	0028752
02	0028753
02	0028754
02	0028755
02	0028756
02	0028757
02	0028758
02	0028759
02	0028760
02	0028761
02	0028762
02	0028763
02	0028764
02	0028765
02	0028766
02	0028767
02	0028768
02	0028769
02	0028770
02	0028771
02	0028772
02	0028773
02	0028774
02	0028775
02	0028776
02	0028777
02	0028778
02	0028779
02	0028780
02	0028781
02	0028782
02	0028783
02	0028784
02	0028785
02	0028786
02	0028787
02	0028788
02	0028789
02	0028790
02	0028791
02	0028792
02	0028793
02	0028794
02	0028795
02	0028796
02	0028797
02	0028798
02	0028799
02	0028800
02	0028801
02	0028802
02	0028803
02	0028804
02	0028805
02	0028806
02	0028807
02	0028808
02	0028809
02	0028810
02	0028811
02	0028812
02	0028813
02	0028814
02	0028815
02	0028816
02	0028817
02	0028818
02	0028819
02	0028820
02	0028821
02	0028822
02	0028823
02	0028824
02	0028825
02	0028826
02	0028827
02	0028828
02	0028829
02	0028830
02	0028831
02	0028832
02	0028833
02	0028834
02	0028835
02	0028836
02	0028837
02	0028838
02	0028839
02	0028840
02	0028841
02	0028842
02	0028843
02	0028844
02	0028845
02	0028846
02	0028847
02	0028848
02	0028849
02	0028850
02	0028851
02	0028852
02	0028853
02	0028854
02	0028855
02	0028856
02	0028857
02	0028858
02	0028859
02	0028860
02	0028861
02	0028862
02	0028863
02	0028864
02	0028865
02	0028866
02	0028867
02	0028868
02	0028869
02	0028870
02	0028871
02	0028872
02	0028873
02	0028874
02	0028875
02	0028876
02	0028877
02	0028878
02	0028879
02	0028880
02	0028881
02	0028882
02	0028883
02	0028884
02	0028885
02	0028886
02	0028887
02	0028888
02	0028889
02	0028890
02	0028891
02	0028892
02	0028893
02	0028894
02	0028895
02	0028896
02	0028897
02	0028898
03	0028899
03	0028900
03	0028901
03	0028902
03	0028903
03	0028904
03	0028905
03	0028906
03	0028907
03	0028908
03	0028909
03	0028910
03	0028911
03	0028912
03	0028913
03	0028914
03	0028915
03	0028916
03	0028917
03	0028918
03	0028919
03	0028920
03	0028921
03	0028922
03	0028923
03	0028924
03	0028925
03	0028926
03	0028927
03	0028928
03	0028929
03	0028930
03	0028931
03	0028932
03	0028933
03	0028934
03	0028935
03	0028936
03	0028937
03	0028938
03	0028939
03	0028940
03	0028941
03	0028942
03	0028943
03	0028944
03	0028945
03	0028946
03	0028947
03	0028948
03	0028949
03	0028950
03	0028951
03	0028952
03	0028953
03	0028954
03	0028955
03	0028956
03	0028957
03	0028958
03	0028959
03	0028960
03	0028961
03	0028962
03	0028963
03	0028964
03	0028965
03	0028966
03	0028967
03	0028968
03	0028969
03	0028970
03	0028971
03	0028972
03	0028973
03	0028974
03	0028975
03	0028976
03	0028977
03	0028978
03	0028979
03	0028980
03	0028981
03	0028982
03	0028983
03	0028984
03	0028985
03	0028986
03	0028987
03	0028988
03	0028989
03	0028990
03	0028991
03	0028992
03	0028993
03	0028994
03	0028995
03	0028996
03	0028997
03	0028998
03	0028999
03	0029000
03	0029001
03	0029002
03	0029003
03	0029004
03	0029005
03	0029006
03	0029007
03	0029008
03	0029009
03	0029010
03	0029011
03	0029012
03	0029013
03	0029014
03	0029015
03	0029016
03	0029017
03	0029018
03	0029019
03	0029020
03	0029021
03	0029022
03	0029023
03	0029024
03	0029025
03	0029026
03	0029027
03	0029028
03	0029029
03	0029030
03	0029031
03	0029032
03	0029033
03	0029034
03	0029035
03	0029036
03	0029037
03	0029038
03	0029039
03	0029040
03	0029041
03	0029042
03	0029043
03	0029044
03	0029045
03	0029046
03	0029047
03	0029048
03	0029049
03	0029050
03	0029051
03	0029052
03	0029053
03	0029054
03	0029055
03	0029056
03	0029057
03	0029058
03	0029059
03	0029060
03	0029061
03	0029062
03	0029063
03	0029064
03	0029065
03	0029066
03	0029067
03	0029068
03	0029069
03	0029070
03	0029071
03	0029072
03	0029073
03	0029074
03	0029075
03	0029076
03	0029077
03	0029078
03	0029079
03	0029080
03	0029081
03	0029082
03	0029083
03	0029084
03	0029085
03	0029086
03	0029087
03	0029088
03	0029089
03	0029090
03	0029091
03	0029092
03	0029093
03	0029094
03	0029095
03	0029096
03	0029097
03	0029098
03	0029099
03	0029100
03	0029101
03	0029102
03	0029103
03	0029104
03	0029105
03	0029106
03	0029107
03	0029108
03	0029109
03	0029110
03	0029111
03	0029112
03	0029113
03	0029114
03	0029115
03	0029116
03	0029117
03	0029118
03	0029119
03	0029120
03	0029121
03	0029122
03	0029123
03	0029124
03	0029125
03	0029126
03	0029127
03	0029128
03	0029129
03	0029130
03	0029131
03	0029132
03	0029133
03	0029134
03	0029135
03	0029136
03	0029137
03	0029138
03	0029139
03	0029140
03	0029141
03	0029142
03	0029143
03	0029144
03	0029145
03	0029146
03	0029147
03	0029148
03	0029149
03	0029150
03	0029151
03	0029152
03	0029153
03	0029154
03	0029155
03	0029156
03	0029157
03	0029158
03	0029159
03	0029160
03	0029161
03	0029162
03	0029163
03	0029164
03	0029165
03	0029166
03	0029167
03	0029168
03	0029169
03	0029170
03	0029171
03	0029172
03	0029173
03	0029174
03	0029175
03	0029176
03	0029177
03	0029178
03	0029179
03	0029180
03	0029181
03	0029182
03	0029183
03	0029184
03	0029185
03	0029186
03	0029187
03	0029188
03	0029189
03	0029190
03	0029191
03	0029192
03	0029193
03	0029194
03	0029195
03	0029196
03	0029197
03	0029198
03	0029199
03	0029200
03	0029201
03	0029202
03	0029203
03	0029204
03	0029205
03	0029206
03	0029207
03	0029208
03	0029209
03	0029210
03	0029211
03	0029212
03	0029213
03	0029214
03	0029215
03	0029216
03	0029217
03	0029218
03	0029219
03	0029220
03	0029221
03	0029222
03	0029223
03	0029224
03	0029225
03	0029226
03	0029227
03	0029228
03	0029229
03	0029230
03	0029231
03	0029232
03	0029233
03	0029234
03	0029235
03	0029236
03	0029237
03	0029238
03	0029239
03	0029240
03	0029241
03	0029242
03	0029243
03	0029244
03	0029245
03	0029246
03	0029247
03	0029248
03	0029249
03	0029250
03	0029251
03	0029252
03	0029253
03	0029254
03	0029255
03	0029256
03	0029257
03	0029258
03	0029259
03	0029260
03	0029261
03	0029262
03	0029263
03	0029264
03	0029265
03	0029266
03	0029267
03	0029268
03	0029269
03	0029270
03	0029271
03	0029272
03	0029273
03	0029274
03	0029275
03	0029276
03	0029277
03	0029278
03	0029279
03	0029280
03	0029281
03	0029282
03	0029283
03	0029284
03	0029285
03	0029286
03	0029287
03	0029288
03	0029289
03	0029290
03	0029291
03	0029292
03	0029293
03	0029294
03	0029295
03	0029296
03	0029297
03	0029298
03	0029299
03	0029300
03	0029301
03	0029302
03	0029303
03	0029304
03	0029305
03	0029306
03	0029307
03	0029308
03	0029309
03	0029310
03	0029311
03	0029312
03	0029313
03	0029314
03	0029315
03	0029316
03	0029317
03	0029318
03	0029319
03	0029320
03	0029321
03	0029322
03	0029323
03	0029324
03	0029325
03	0029326
03	0029327
03	0029328
03	0029329
03	0029330
03	0029331
03	0029332
03	0029333
03	0029334
03	0029335
03	0029336
03	0029337
03	0029338
03	0029339
03	0029341
03	0029342
03	0029343
03	0029344
03	0029345
03	0029346
03	0029347
03	0029348
03	0029349
03	0029350
03	0029351
03	0029352
03	0029353
03	0029354
03	0029355
03	0029356
03	0029357
03	0029358
03	0029359
03	0029360
03	0029361
03	0029362
03	0029363
03	0029364
03	0029365
03	0029366
03	0029367
03	0029368
03	0029369
03	0029370
03	0029371
03	0029372
03	0029373
03	0029374
03	0029375
03	0029376
03	0029377
03	0029378
03	0029379
03	0029380
03	0029381
03	0029382
03	0029383
03	0029384
03	0029385
03	0029386
03	0029387
03	0029388
03	0029389
03	0029390
03	0029391
03	0029392
03	0029393
03	0029394
03	0029395
03	0029396
03	0029397
03	0029398
03	0029399
03	0029400
03	0029401
03	0029402
03	0029403
03	0029404
03	0029405
03	0029406
03	0029407
03	0029408
03	0029409
03	0029410
03	0029411
03	0029412
03	0029413
03	0029414
03	0029415
03	0029416
03	0029417
03	0029418
03	0029419
03	0029420
03	0029421
03	0029422
03	0029423
03	0029424
03	0029425
03	0029426
03	0029427
03	0029428
03	0029429
03	0029430
03	0029431
03	0029432
03	0029433
03	0029434
03	0029435
03	0029436
03	0029437
03	0029438
03	0029439
03	0029440
03	0029441
03	0029442
03	0029443
03	0029444
03	0029445
03	0029446
03	0029447
03	0029448
03	0029449
03	0029450
03	0029451
03	0029452
03	0029453
03	0029454
03	0029455
03	0029456
03	0029457
03	0029458
03	0029459
03	0029460
03	0029461
03	0029462
03	0029463
03	0029464
03	0029465
03	0029466
03	0029467
03	0029468
03	0029469
03	0029470
03	0029471
03	0029472
03	0029473
03	0029474
03	0029475
03	0029476
03	0029477
03	0029478
03	0029479
03	0029480
03	0029481
03	0029482
03	0029483
03	0029484
03	0029485
03	0029486
03	0029487
03	0029488
03	0029489
03	0029490
03	0029491
03	0029492
03	0029493
03	0029494
03	0029495
03	0029496
03	0029497
03	0029498
03	0029499
03	0029500
03	0029501
03	0029502
03	0029503
03	0029504
03	0029505
03	0029506
03	0029507
03	0029508
03	0029509
03	0029510
03	0029511
03	0029512
03	0029513
03	0029515
03	0029516
03	0029517
03	0029518
03	0029519
03	0029520
03	0029521
03	0029522
03	0029523
03	0029524
03	0029525
03	0029526
03	0029527
03	0029528
03	0029529
03	0029530
03	0029531
03	0029532
03	0029533
03	0029534
03	0029535
03	0029536
03	0029537
03	0029538
03	0029539
03	0029540
03	0029541
03	0029542
03	0029543
03	0029544
03	0029545
03	0029546
03	0029547
03	0029548
03	0029549
03	0029550
03	0029551
03	0029552
03	0029553
03	0029554
03	0029555
03	0029556
03	0029557
03	0029558
03	0029559
03	0029560
03	0029561
03	0029562
03	0029563
03	0029564
03	0029565
03	0029566
03	0029567
03	0029568
03	0029569
03	0029570
03	0029571
03	0029572
03	0029573
03	0029574
03	0029575
03	0029576
03	0029577
03	0029578
03	0029579
03	0029580
03	0029581
03	0029582
03	0029583
03	0029584
03	0029585
03	0029586
03	0029587
03	0029588
03	0029589
03	0029590
03	0029591
03	0029592
03	0029593
03	0029594
03	0029595
03	0029596
03	0029597
03	0029598
03	0029599
03	0029600
03	0029601
03	0029602
03	0029603
03	0029604
03	0029605
03	0029606
03	0029607
03	0029608
03	0029609
03	0029610
03	0029611
03	0029612
03	0029613
03	0029614
03	0029615
03	0029616
03	0029617
03	0029618
03	0029619
03	0029620
03	0029621
03	0029622
03	0029623
03	0029624
03	0029625
03	0029626
03	0029627
03	0029628
03	0029629
03	0029630
03	0029631
03	0029632
03	0029633
03	0029634
03	0029635
03	0029636
03	0029637
03	0029638
03	0029639
03	0029640
03	0029641
03	0029642
03	0029643
03	0029644
03	0029645
03	0029646
03	0029647
03	0029648
03	0029649
03	0029650
03	0029651
03	0029652
03	0029653
03	0029654
03	0029655
03	0029656
03	0029657
03	0029658
03	0029659
03	0029660
03	0029661
03	0029662
03	0029663
03	0029664
03	0029665
03	0029666
03	0029667
03	0029668
03	0029669
03	0029670
03	0029671
03	0029672
03	0029673
03	0029674
03	0029675
03	0029676
03	0029677
03	0029678
03	0029679
03	0029680
03	0029681
03	0029682
03	0029683
03	0029684
03	0029685
03	0029686
03	0029687
03	0029688
03	0029689
03	0029690
03	0029691
03	0029692
03	0029693
03	0029694
03	0029695
03	0029696
03	0029697
03	0029698
03	0029699
03	0029700
03	0029701
03	0029702
03	0029703
03	0029704
03	0029705
03	0029706
03	0029707
03	0029708
03	0029709
03	0029710
03	0029711
03	0029712
03	0029713
03	0029714
03	0029715
03	0029716
03	0029717
03	0029718
03	0029719
03	0029720
03	0029721
03	0029722
03	0029723
03	0029724
03	0029725
03	0029726
03	0029727
03	0029728
03	0029729
03	0029730
03	0029731
03	0029732
03	0029733
03	0029734
03	0029735
03	0029736
03	0029737
03	0029738
03	0029739
03	0029740
03	0029741
03	0029742
03	0029744
03	0029745
03	0029746
03	0029747
03	0029748
03	0029749
03	0029750
03	0029751
03	0029752
03	0029753
03	0029754
03	0029755
03	0029756
03	0029757
03	0029758
03	0029759
03	0029760
03	0029761
03	0029762
03	0029763
03	0029764
03	0029765
03	0029766
03	0029767
03	0029768
03	0029769
03	0029770
03	0029771
03	0029772
03	0029773
03	0029774
03	0029775
03	0029776
03	0029777
03	0029778
03	0029779
03	0029780
03	0029781
03	0029782
03	0029783
03	0029784
03	0029785
03	0029786
03	0029787
03	0029788
03	0029789
03	0029790
03	0029791
03	0029792
03	0029793
03	0029794
03	0029795
03	0029796
03	0029797
03	0029798
03	0029799
03	0029800
03	0029801
03	0029802
03	0029803
03	0029804
03	0029805
03	0029806
03	0029807
03	0029808
03	0029809
03	0029810
03	0029811
03	0029812
03	0029813
03	0029814
03	0029815
03	0029816
03	0029817
03	0029818
03	0029819
03	0029820
03	0029821
03	0029822
03	0029823
03	0029824
03	0029825
03	0029826
03	0029827
03	0029828
03	0029829
03	0029830
03	0029831
03	0029832
03	0029833
03	0029834
03	0029835
03	0029836
03	0029837
03	0029838
03	0029839
03	0029840
03	0029841
03	0029842
03	0029843
03	0029844
03	0029845
03	0029846
03	0029847
03	0029848
03	0029849
03	0029850
03	0029851
03	0029852
03	0029853
03	0029854
03	0029855
03	0029856
03	0029857
03	0029858
03	0029859
03	0029860
03	0029861
03	0029862
03	0029863
03	0029864
03	0029865
03	0029866
03	0029867
03	0029868
03	0029869
03	0029870
03	0029871
03	0029872
03	0029873
03	0029874
03	0029875
03	0029876
03	0029877
03	0029878
03	0029879
03	0029880
03	0029881
03	0029882
03	0029883
03	0029884
03	0029885
03	0029886
03	0029887
03	0029888
03	0029889
03	0029890
03	0029891
03	0029892
03	0029893
03	0029894
03	0029895
03	0029896
03	0029897
03	0029898
03	0029899
03	0029900
03	0029901
03	0029902
03	0029903
03	0029904
03	0029905
03	0029906
03	0029907
03	0029908
03	0029909
03	0029910
03	0029911
03	0029912
03	0029913
03	0029914
03	0029915
03	0029916
03	0029917
03	0029918
03	0029919
03	0029920
03	0029921
03	0029922
03	0029923
03	0029924
03	0029925
03	0029926
03	0029927
03	0029928
03	0029929
03	0029930
03	0029931
03	0029932
03	0029933
03	0029934
03	0029935
03	0029936
03	0029937
03	0029938
03	0029939
03	0029940
03	0029941
03	0029942
03	0029943
03	0029944
03	0029945
03	0029946
03	0029947
03	0029948
03	0029949
03	0029950
03	0029951
03	0029952
03	0029953
03	0029954
03	0029955
03	0029956
03	0029957
03	0029958
03	0029959
03	0029960
03	0029961
03	0029962
03	0029963
03	0029964
03	0029965
03	0029966
03	0029967
03	0029968
03	0029969
03	0029970
03	0029971
03	0029972
03	0029973
03	0029974
03	0029975
03	0029976
03	0029977
03	0029978
03	0029979
03	0029980
03	0029981
03	0029982
03	0029983
03	0029984
03	0029985
03	0029986
03	0029987
03	0029988
03	0029989
03	0029990
03	0029991
03	0029992
03	0029993
03	0029994
03	0029995
03	0029996
03	0029997
03	0029998
03	0029999
03	0030000
03	0030001
03	0030002
03	0030003
03	0030004
03	0030005
03	0030006
03	0030007
03	0030008
03	0030009
03	0030010
03	0030011
03	0030012
03	0030013
03	0030014
03	0030015
03	0030016
03	0030017
03	0030018
03	0030019
03	0030020
03	0030021
03	0030022
03	0030023
03	0030024
03	0030025
03	0030026
03	0030027
03	0030028
03	0030029
03	0030030
03	0030031
03	0030032
03	0030033
03	0030034
03	0030035
03	0030036
03	0030037
03	0030038
03	0030039
03	0030040
03	0030041
03	0030042
03	0030043
03	0030044
03	0030045
03	0030046
03	0030047
03	0030048
03	0030049
03	0030050
03	0030051
03	0030052
03	0030053
03	0030054
03	0030055
03	0030056
03	0030057
03	0030058
03	0030059
03	0030060
03	0030061
03	0030062
03	0030063
03	0030064
03	0030065
03	0030066
03	0030067
03	0030068
03	0030069
03	0030070
03	0030071
03	0030072
03	0030073
03	0030074
03	0030075
03	0030076
03	0030077
03	0030078
03	0030079
03	0030080
03	0030081
03	0030082
03	0030083
03	0030084
03	0030085
03	0030086
03	0030087
03	0030088
03	0030089
03	0030090
03	0030091
03	0030092
03	0030093
03	0030094
03	0030095
03	0030096
03	0030097
03	0030098
03	0030099
03	0030100
03	0030101
03	0030102
03	0030103
03	0030104
03	0030105
03	0030106
03	0030107
03	0030108
03	0030109
03	0030110
03	0030111
03	0030112
03	0030113
03	0030114
03	0030115
03	0030116
03	0030117
03	0030118
03	0030119
03	0030120
03	0030121
03	0030122
03	0030123
03	0030124
03	0030125
03	0030126
03	0030127
03	0030128
03	0030129
03	0030130
03	0030131
03	0030132
03	0030133
03	0030134
03	0030135
03	0030136
03	0030137
03	0030138
03	0030139
03	0030140
03	0030141
03	0030142
03	0030143
03	0030144
03	0030145
03	0030146
03	0030147
03	0030148
03	0030149
03	0030150
03	0030151
03	0030152
03	0030153
03	0030154
03	0030155
03	0030156
03	0030157
03	0030158
03	0030159
03	0030160
03	0030161
03	0030162
03	0030163
03	0030164
03	0030165
03	0030166
03	0030167
03	0030168
03	0030169
03	0030170
03	0030171
03	0030172
03	0030173
03	0030174
03	0030175
03	0030177
03	0030178
03	0030179
03	0030180
03	0030181
03	0030182
03	0030183
03	0030184
03	0030185
03	0030186
03	0030187
03	0030188
03	0030189
03	0030190
03	0030191
03	0030192
03	0030193
03	0030194
03	0030195
03	0030196
03	0030197
03	0030198
03	0030199
03	0030200
03	0030201
03	0030202
03	0030203
03	0030204
03	0030205
03	0030206
03	0030207
03	0030208
03	0030209
03	0030210
03	0030211
03	0030212
03	0030213
03	0030214
03	0030215
03	0030216
03	0030217
03	0030218
03	0030219
03	0030220
03	0030221
03	0030222
03	0030223
03	0030224
03	0030225
03	0030226
03	0030227
03	0030228
03	0030229
03	0030230
03	0030231
03	0030232
03	0030233
03	0030234
03	0030235
03	0030236
03	0030237
03	0030238
03	0030239
03	0030240
03	0030241
03	0030242
03	0030243
03	0030244
03	0030245
03	0030246
03	0030247
03	0030248
03	0030249
03	0030250
03	0030251
03	0030252
03	0030253
03	0030254
03	0030255
03	0030256
03	0030257
03	0030259
03	0030260
03	0030261
03	0030262
03	0030263
03	0030264
03	0030265
03	0030266
03	0030267
03	0030268
03	0030269
03	0030270
03	0030271
03	0030272
03	0030273
03	0030274
03	0030275
03	0030276
03	0030277
03	0030278
03	0030279
03	0030280
03	0030281
03	0030282
03	0030283
03	0030284
03	0030285
03	0030286
03	0030287
03	0030288
03	0030289
03	0030290
03	0030291
03	0030292
03	0030293
03	0030294
03	0030295
03	0030296
03	0030297
03	0030298
03	0030299
03	0030300
03	0030301
03	0030302
03	0030303
03	0030304
03	0030305
03	0030306
03	0030307
03	0030308
03	0030309
03	0030310
03	0030311
03	0030312
03	0030313
03	0030314
03	0030315
03	0030316
03	0030317
03	0030318
03	0030319
03	0030320
03	0030321
03	0030322
03	0030323
03	0030324
03	0030325
03	0030326
03	0030327
03	0030328
03	0030329
03	0030330
03	0030331
03	0030332
03	0030333
03	0030334
03	0030335
03	0030336
03	0030337
03	0030338
03	0030339
03	0030340
03	0030341
03	0030342
03	0030343
03	0030344
03	0030345
03	0030346
03	0030347
03	0030348
03	0030349
03	0030350
03	0030351
03	0030352
03	0030353
03	0030354
03	0030355
03	0030356
03	0030357
03	0030358
03	0030359
03	0030360
03	0030361
03	0030362
03	0030363
03	0030364
03	0030365
03	0030366
03	0030367
03	0030368
03	0030369
03	0030370
03	0030371
03	0030372
03	0030373
03	0030374
03	0030375
03	0030376
03	0030377
03	0030378
03	0030379
03	0030380
03	0030381
03	0030382
03	0030383
03	0030384
03	0030385
03	0030386
03	0030387
03	0030388
03	0030389
03	0030390
03	0030391
03	0030392
03	0030393
03	0030394
03	0030395
03	0030396
03	0030397
03	0030398
03	0030399
03	0030400
03	0030401
03	0030402
03	0030403
03	0030404
03	0030405
03	0030406
03	0030407
03	0030408
03	0030409
03	0030410
03	0030411
03	0030412
03	0030413
03	0030414
03	0030415
03	0030416
03	0030417
03	0030418
03	0030419
03	0030420
03	0030421
03	0030422
03	0030423
03	0030424
03	0030425
03	0030426
03	0030427
03	0030428
03	0030429
03	0030430
03	0030431
03	0030432
03	0030433
03	0030434
03	0030435
03	0030436
03	0030437
03	0030438
03	0030439
03	0030440
03	0030441
03	0030442
03	0030443
03	0030444
03	0030445
03	0030446
03	0030447
03	0030448
03	0030449
03	0030450
03	0030451
03	0030452
03	0030453
03	0030454
03	0030455
03	0030456
03	0030457
03	0030458
03	0030459
03	0030460
03	0030461
03	0030462
03	0030463
03	0030464
03	0030465
03	0030466
03	0030467
03	0030468
03	0030469
03	0030470
03	0030471
03	0030472
03	0030473
03	0030474
03	0030475
03	0030476
03	0030477
03	0030478
03	0030479
03	0030480
03	0030481
03	0030482
03	0030483
03	0030484
03	0030485
03	0030486
03	0030487
03	0030488
03	0030489
03	0030490
03	0030491
03	0030492
03	0030493
03	0030494
03	0030495
03	0030496
03	0030497
03	0030498
03	0030499
03	0030500
03	0030501
03	0030502
03	0030503
03	0030504
03	0030505
03	0030506
03	0030507
03	0030508
03	0030509
03	0030510
03	0030512
03	0030513
03	0030514
03	0030515
03	0030516
03	0030517
03	0030518
03	0030519
03	0030520
03	0030521
03	0030522
03	0030523
03	0030524
03	0030525
03	0030526
03	0030527
03	0030528
03	0030529
03	0030530
03	0030531
03	0030532
03	0030533
03	0030534
03	0030535
03	0030536
03	0030537
03	0030538
03	0030539
03	0030540
03	0030541
03	0030542
03	0030543
03	0030544
03	0030545
03	0030546
03	0030547
03	0030548
03	0030549
03	0030550
03	0030551
03	0030552
03	0030553
03	0030554
03	0030555
03	0030556
03	0030557
03	0030558
03	0030559
03	0030560
03	0030561
03	0030562
03	0030563
03	0030564
03	0030565
03	0030566
03	0030567
03	0030568
03	0030569
03	0030570
03	0030571
03	0030572
03	0030573
03	0030574
03	0030575
03	0030576
03	0030577
03	0030578
03	0030579
03	0030580
03	0030581
03	0030582
03	0030583
03	0030584
03	0030585
03	0030586
03	0030587
03	0030588
03	0030589
03	0030590
03	0030591
03	0030592
03	0030593
03	0030594
03	0030595
03	0030596
03	0030597
03	0030598
03	0030599
03	0030600
03	0030601
03	0030602
03	0030603
03	0030604
03	0030605
03	0030606
03	0030607
03	0030608
03	0030609
03	0030610
03	0030611
03	0030612
03	0030613
03	0030614
03	0030616
03	0030617
03	0030618
03	0030619
03	0030620
03	0030621
03	0030622
03	0030623
03	0030624
03	0030625
03	0030626
03	0030627
03	0030628
03	0030629
03	0030630
03	0030631
03	0030633
03	0030634
03	0030635
03	0030636
03	0030637
03	0030638
03	0030639
03	0030640
03	0030641
03	0030642
03	0030643
03	0030644
03	0030645
03	0030646
03	0030647
03	0030648
03	0030649
03	0030650
03	0030651
03	0030652
03	0030653
03	0030654
03	0030655
03	0030656
03	0030657
03	0030658
03	0030659
03	0030660
03	0030661
03	0030662
03	0030663
03	0030664
03	0030665
03	0030666
03	0030667
03	0030668
03	0030669
03	0030671
03	0030672
03	0030673
03	0030674
03	0030675
03	0030676
03	0030677
03	0030678
03	0030679
03	0030680
03	0030681
03	0030682
03	0030683
03	0030684
03	0030685
03	0030686
03	0030687
03	0030688
03	0030689
03	0030690
03	0030691
03	0030692
03	0030693
03	0030694
03	0030695
03	0030696
03	0030697
03	0030698
03	0030699
03	0030700
03	0030701
03	0030702
03	0030703
03	0030704
03	0030705
03	0030706
03	0030707
03	0030708
03	0030709
03	0030710
03	0030711
03	0030712
03	0030713
03	0030714
03	0030715
03	0030716
03	0030717
03	0030718
03	0030719
03	0030720
03	0030721
03	0030722
03	0030723
03	0030724
03	0030725
03	0030726
03	0030727
03	0030728
03	0030729
03	0030730
03	0030731
03	0030732
03	0030733
03	0030734
03	0030735
03	0030736
03	0030737
03	0030738
03	0030739
03	0030740
03	0030741
03	0030742
03	0030743
03	0030744
03	0030745
03	0030746
03	0030747
03	0030748
03	0030749
03	0030750
03	0030751
03	0030752
03	0030753
03	0030754
03	0030755
03	0030756
03	0030757
03	0030758
03	0030759
03	0030760
03	0030761
03	0030762
03	0030763
03	0030764
03	0030765
03	0030766
03	0030767
03	0030768
03	0030769
03	0030770
03	0030771
03	0030772
03	0030773
03	0030774
03	0030775
03	0030776
03	0030777
03	0030778
03	0030779
03	0030780
03	0030781
03	0030782
03	0030783
03	0030784
03	0030785
03	0030786
03	0030787
03	0030788
03	0030789
03	0030790
03	0030791
03	0030792
03	0030793
03	0030794
03	0030795
03	0030796
03	0030797
03	0030798
03	0030799
03	0030800
03	0030801
03	0030802
03	0030803
03	0030804
03	0030805
03	0030806
03	0030807
03	0030808
03	0030809
03	0030810
03	0030811
03	0030812
03	0030813
03	0030814
03	0030815
03	0030816
03	0030817
03	0030818
03	0030819
03	0030820
03	0030821
03	0030822
03	0030823
03	0030824
03	0030825
03	0030826
03	0030827
03	0030828
03	0030829
03	0030830
03	0030831
03	0030832
03	0030833
03	0030834
03	0030835
03	0030836
03	0030837
03	0030838
03	0030839
03	0030840
03	0030841
03	0030842
03	0030843
03	0030844
03	0030845
03	0030846
03	0030847
03	0030848
03	0030849
03	0030850
03	0030851
03	0030852
03	0030853
03	0030854
03	0030855
03	0030856
03	0030857
03	0030858
03	0030859
03	0030860
03	0030861
03	0030862
03	0030863
03	0030864
03	0030865
03	0030866
03	0030867
03	0030868
03	0030869
03	0030870
03	0030871
03	0030872
03	0030873
03	0030874
03	0030875
03	0030876
03	0030877
03	0030878
03	0030879
03	0030880
03	0030881
03	0030882
03	0030883
03	0030884
03	0030885
03	0030886
03	0030887
03	0030888
03	0030889
03	0030890
03	0030891
03	0030892
03	0030893
03	0030894
03	0030895
03	0030896
03	0030897
03	0030898
03	0030899
03	0030900
03	0030901
03	0030902
03	0030903
03	0030904
03	0030905
03	0030906
03	0030907
03	0030908
03	0030909
03	0030910
03	0030911
03	0030912
03	0030913
03	0030914
03	0030915
03	0030916
03	0030917
03	0030918
03	0030919
03	0030920
03	0030921
03	0030922
03	0030923
03	0030924
03	0030925
03	0030926
03	0030927
03	0030928
03	0030929
03	0030930
03	0030931
03	0030932
03	0030933
03	0030934
03	0030935
03	0030936
03	0030937
03	0030938
03	0030939
03	0030940
03	0030941
03	0030942
03	0030943
03	0030944
03	0030945
03	0030946
03	0030947
03	0030948
03	0030949
03	0030950
03	0030951
03	0030952
03	0030953
03	0030954
03	0030955
03	0030956
03	0030957
03	0030958
03	0030959
03	0030960
03	0030961
03	0030962
03	0030963
03	0030964
03	0030965
03	0030966
03	0030967
03	0030968
03	0030969
03	0030970
03	0030971
03	0030972
03	0030973
03	0030974
03	0030975
03	0030976
03	0030977
03	0030978
03	0030979
03	0030980
03	0030981
03	0030982
03	0030983
03	0030984
03	0030985
03	0030986
03	0030987
03	0030988
03	0030989
03	0030990
03	0030991
03	0030992
03	0030993
03	0030994
03	0030995
03	0030996
03	0030997
03	0030998
03	0030999
03	0031000
03	0031001
03	0031002
03	0031003
03	0031004
03	0031005
03	0031006
03	0031007
03	0031008
03	0031009
03	0031010
03	0031011
03	0031012
03	0031013
03	0031014
03	0031015
03	0031016
03	0031017
03	0031018
03	0031019
03	0031020
03	0031021
03	0031022
03	0031023
03	0031024
03	0031025
03	0031026
03	0031027
03	0031028
03	0031029
03	0031030
03	0031031
03	0031032
03	0031033
03	0031034
03	0031035
03	0031036
03	0031037
03	0031038
03	0031039
03	0031040
03	0031041
03	0031042
03	0031043
03	0031044
03	0031045
03	0031046
03	0031047
03	0031048
03	0031049
03	0031050
03	0031051
03	0031052
03	0031053
03	0031054
03	0031055
03	0031056
03	0031057
03	0031058
03	0031059
03	0031060
03	0031061
03	0031062
03	0031063
03	0031064
03	0031065
03	0031066
03	0031067
03	0031068
03	0031069
03	0031070
03	0031071
03	0031072
03	0031073
03	0031074
03	0031075
03	0031076
03	0031077
03	0031078
03	0031079
03	0031080
03	0031081
03	0031082
03	0031083
03	0031084
03	0031085
03	0031086
03	0031087
03	0031088
03	0031089
03	0031090
03	0031091
03	0031092
03	0031093
03	0031094
03	0031095
03	0031096
03	0031097
03	0031098
03	0031099
03	0031100
03	0031101
03	0031102
03	0031103
03	0031104
03	0031105
03	0031106
03	0031107
03	0031108
03	0031109
03	0031110
03	0031111
03	0031112
03	0031113
03	0031114
03	0031115
03	0031116
03	0031117
03	0031118
03	0031119
03	0031120
03	0031121
03	0031122
03	0031123
03	0031124
03	0031125
03	0031126
03	0031127
03	0031128
03	0031129
03	0031130
03	0031131
03	0031132
03	0031133
03	0031134
03	0031135
03	0031136
03	0031137
03	0031138
03	0031139
03	0031140
03	0031141
03	0031142
03	0031143
03	0031144
03	0031145
03	0031146
03	0031147
03	0031148
03	0031149
03	0031150
03	0031151
03	0031152
03	0031153
03	0031154
03	0031155
03	0031156
03	0031157
03	0031158
03	0031159
03	0031160
03	0031161
03	0031162
03	0031163
03	0031164
03	0031165
03	0031166
03	0031167
03	0031168
03	0031169
03	0031170
03	0031171
03	0031172
03	0031173
03	0031174
03	0031175
03	0031176
03	0031177
03	0031178
03	0031179
03	0031180
03	0031181
03	0031182
03	0031183
03	0031184
03	0031185
03	0031186
03	0031187
03	0031188
03	0031189
03	0031190
03	0031191
03	0031192
03	0031193
03	0031194
03	0031195
03	0031196
03	0031197
03	0031198
03	0031199
03	0031200
03	0031201
03	0031202
03	0031203
03	0031204
03	0031205
03	0031206
03	0031207
03	0031208
03	0031209
03	0031210
03	0031211
03	0031212
03	0031213
03	0031214
03	0031215
03	0031216
03	0031217
03	0031218
03	0031219
03	0031220
03	0031221
03	0031222
03	0031223
03	0031224
03	0031225
03	0031226
03	0031227
03	0031228
03	0031229
03	0031230
03	0031231
03	0031232
03	0031233
03	0031234
03	0031235
03	0031236
03	0031237
03	0031238
03	0031239
03	0031240
03	0031241
03	0031242
03	0031243
03	0031244
03	0031245
03	0031246
03	0031247
03	0031248
03	0031249
03	0031250
03	0031251
03	0031252
03	0031253
03	0031254
03	0031255
03	0031256
03	0031257
03	0031258
03	0031259
03	0031260
03	0031261
03	0031262
03	0031263
03	0031264
03	0031265
03	0031266
03	0031267
03	0031268
03	0031269
03	0031270
03	0031271
03	0031272
03	0031273
03	0031274
03	0031275
03	0031276
03	0031277
03	0031278
03	0031279
03	0031280
03	0031281
03	0031282
03	0031283
03	0031284
03	0031285
03	0031286
03	0031287
03	0031288
03	0031289
03	0031290
03	0031291
03	0031292
03	0031293
03	0031294
03	0031295
03	0031296
03	0031297
03	0031298
03	0031299
03	0031300
03	0031301
03	0031302
03	0031303
03	0031304
03	0031305
03	0031306
03	0031307
03	0031308
03	0031309
03	0031310
03	0031311
03	0031312
03	0031313
03	0031314
03	0031315
03	0031316
03	0031317
03	0031318
03	0031319
03	0031320
03	0031321
03	0031322
03	0031323
03	0031324
03	0031325
03	0031326
03	0031327
03	0031328
03	0031329
03	0031330
03	0031331
03	0031332
03	0031333
03	0031334
03	0031335
03	0031336
03	0031337
03	0031338
03	0031339
03	0031340
03	0031341
03	0031342
03	0031343
03	0031344
03	0031345
03	0031346
03	0031347
03	0031348
03	0031349
03	0031350
03	0031351
03	0031352
03	0031353
03	0031354
03	0031355
03	0031356
03	0031357
03	0031358
03	0031359
03	0031360
03	0031361
03	0031362
03	0031363
03	0031364
03	0031365
03	0031366
03	0031367
03	0031368
03	0031369
03	0031370
03	0031371
03	0031372
03	0031373
03	0031374
03	0031375
03	0031376
03	0031377
03	0031378
03	0031379
03	0031380
03	0031381
03	0031382
03	0031383
03	0031384
03	0031385
03	0031386
03	0031387
03	0031388
03	0031389
03	0031390
03	0031391
03	0031392
03	0031393
03	0031394
03	0031395
03	0031396
03	0031397
03	0031398
03	0031399
03	0031400
03	0031401
03	0031402
03	0031404
03	0031405
03	0031406
03	0031407
03	0031408
03	0031409
03	0031410
03	0031411
03	0031412
03	0031413
03	0031414
03	0031415
03	0031416
03	0031417
03	0031418
03	0031419
03	0031420
03	0031421
03	0031422
03	0031423
03	0031424
03	0031425
03	0031426
03	0031427
03	0031428
03	0031429
03	0031430
03	0031431
03	0031432
03	0031433
03	0031434
03	0031435
03	0031436
03	0031437
03	0031438
03	0031439
03	0031440
03	0031441
03	0031442
03	0031443
03	0031444
03	0031445
03	0031446
03	0031447
03	0031448
03	0031449
03	0031450
03	0031451
03	0031452
03	0031453
03	0031454
03	0031455
03	0031456
03	0031457
03	0031458
03	0031459
03	0031460
03	0031461
03	0031462
03	0031463
03	0031464
03	0031465
03	0031466
03	0031467
03	0031468
03	0031469
03	0031470
03	0031471
03	0031472
03	0031473
03	0031474
03	0031475
03	0031476
03	0031477
03	0031478
03	0031479
03	0031480
03	0031481
03	0031482
03	0031483
03	0031484
03	0031485
03	0031486
03	0031487
03	0031488
03	0031489
03	0031490
03	0031491
03	0031492
03	0031493
03	0031494
03	0031495
03	0031496
03	0031497
03	0031498
03	0031499
03	0031500
03	0031501
03	0031502
03	0031503
03	0031504
03	0031505
03	0031506
03	0031507
03	0031508
03	0031509
03	0031510
03	0031511
03	0031512
03	0031513
03	0031514
03	0031515
03	0031516
03	0031517
03	0031518
03	0031519
03	0031520
03	0031521
03	0031522
03	0031523
03	0031524
03	0031525
03	0031526
03	0031527
03	0031528
03	0031529
03	0031530
03	0031531
03	0031532
03	0031533
03	0031534
03	0031535
03	0031536
03	0031537
03	0031538
03	0031539
03	0031540
03	0031541
03	0031542
03	0031543
03	0031544
03	0031545
03	0031546
03	0031547
03	0031548
03	0031549
03	0031550
03	0031551
03	0031552
03	0031553
03	0031554
03	0031555
03	0031556
03	0031557
03	0031558
03	0031559
03	0031560
03	0031561
03	0031562
03	0031563
03	0031564
03	0031565
03	0031566
03	0031567
03	0031568
03	0031569
03	0031570
03	0031571
03	0031572
03	0031573
03	0031574
03	0031575
03	0031576
03	0031577
03	0031578
03	0031579
03	0031580
03	0031581
03	0031582
03	0031583
03	0031584
03	0031585
03	0031586
03	0031587
03	0031588
03	0031589
03	0031590
03	0031591
03	0031592
03	0031593
03	0031594
03	0031595
03	0031596
03	0031597
03	0031598
03	0031599
03	0031600
03	0031601
03	0031602
03	0031603
03	0031604
03	0031605
03	0031606
03	0031607
03	0031608
03	0031609
03	0031610
03	0031611
03	0031612
03	0031613
03	0031614
03	0031615
03	0031616
03	0031617
03	0031618
03	0031619
03	0031620
03	0031621
03	0031622
03	0031623
03	0031624
03	0031625
03	0031626
03	0031627
03	0031628
03	0031629
03	0031630
03	0031631
03	0031632
03	0031633
03	0031634
03	0031635
03	0031636
03	0031637
03	0031638
03	0031639
03	0031640
03	0031641
03	0031642
03	0031643
03	0031644
03	0031645
03	0031646
03	0031647
03	0031648
03	0031649
03	0031650
03	0031651
03	0031652
03	0031653
03	0031654
03	0031655
03	0031656
03	0031657
03	0031658
03	0031659
03	0031660
03	0031661
03	0031662
03	0031663
03	0031664
03	0031665
03	0031666
03	0031667
03	0031668
03	0031669
03	0031670
03	0031671
03	0031672
03	0031673
03	0031674
03	0031675
03	0031676
03	0031677
03	0031678
03	0031679
03	0031680
03	0031681
03	0031682
03	0031683
03	0031684
03	0031685
03	0031686
03	0031687
03	0031688
03	0031689
03	0031690
03	0031691
03	0031692
03	0031693
03	0031694
03	0031695
03	0031696
03	0031697
03	0031698
03	0031699
03	0031700
03	0031701
03	0031702
03	0031703
03	0031704
03	0031705
03	0031706
03	0031707
03	0031708
03	0031709
03	0031710
03	0031711
03	0031712
03	0031713
03	0031714
03	0031715
03	0031716
03	0031717
03	0031718
03	0031719
03	0031720
03	0031721
03	0031722
03	0031723
03	0031724
03	0031725
03	0031726
03	0031727
03	0031728
03	0031729
03	0031730
03	0031731
03	0031732
03	0031733
03	0031734
03	0031735
03	0031736
03	0031737
03	0031738
03	0031739
03	0031740
03	0031741
03	0031742
03	0031743
03	0031744
03	0031745
03	0031746
03	0031747
03	0031748
03	0031749
03	0031750
03	0031751
03	0031752
03	0031753
03	0031754
03	0031755
03	0031756
03	0031757
03	0031758
03	0031759
03	0031760
03	0031761
03	0031762
03	0031763
03	0031764
03	0031765
03	0031766
03	0031767
03	0031768
03	0031769
03	0031770
03	0031771
03	0031772
03	0031773
03	0031774
03	0031775
03	0031776
03	0031777
03	0031778
03	0031779
03	0031780
03	0031781
03	0031782
03	0031783
03	0031784
03	0031785
03	0031786
03	0031787
03	0031788
03	0031789
03	0031790
03	0031791
03	0031792
03	0031793
03	0031794
03	0031795
03	0031796
03	0031797
03	0031798
03	0031799
03	0031800
03	0031801
03	0031802
03	0031803
03	0031804
03	0031805
03	0031806
03	0031807
03	0031808
03	0031809
03	0031810
03	0031811
03	0031812
03	0031813
03	0031814
03	0031815
03	0031816
03	0031817
03	0031818
03	0031819
03	0031820
03	0031821
03	0031822
03	0031823
03	0031824
03	0031825
03	0031826
03	0031827
03	0031828
03	0031829
03	0031830
03	0031831
03	0031832
03	0031833
03	0031834
03	0031835
03	0031836
03	0031837
03	0031838
03	0031839
03	0031840
03	0031841
03	0031842
03	0031843
03	0031844
03	0031845
03	0031846
03	0031847
03	0031848
03	0031849
03	0031850
03	0031851
03	0031852
03	0031853
03	0031854
03	0031855
03	0031856
03	0031857
03	0031858
03	0031859
03	0031860
03	0031861
03	0031862
03	0031863
03	0031864
03	0031865
03	0031866
03	0031867
03	0031868
03	0031869
03	0031870
03	0031871
03	0031872
03	0031873
03	0031874
03	0031875
03	0031876
03	0031877
03	0031878
03	0031879
03	0031880
03	0031881
03	0031882
03	0031883
03	0031884
03	0031885
03	0031886
03	0031887
03	0031888
03	0031889
03	0031890
03	0031891
03	0031892
03	0031893
03	0031894
03	0031895
03	0031896
03	0031897
03	0031898
03	0031899
03	0031900
03	0031901
03	0031902
03	0031903
03	0031904
03	0031905
03	0031906
03	0031907
03	0031908
03	0031909
03	0031910
03	0031911
03	0031912
03	0031913
03	0031914
03	0031915
03	0031916
03	0031917
03	0031918
03	0031919
03	0031920
03	0031921
03	0031922
03	0031923
03	0031924
03	0031925
03	0031926
03	0031927
03	0031928
03	0031929
03	0031930
03	0031931
03	0031932
03	0031933
03	0031934
03	0031935
03	0031936
03	0031937
03	0031938
03	0031939
03	0031940
03	0031941
03	0031942
03	0031943
03	0031944
03	0031945
03	0031946
03	0031947
03	0031948
03	0031949
03	0031950
03	0031951
03	0031952
03	0031953
03	0031954
03	0031955
03	0031956
03	0031957
03	0031958
03	0031959
03	0031960
03	0031961
03	0031962
03	0031963
03	0031964
03	0031965
03	0031966
03	0031967
03	0031968
03	0031969
03	0031970
03	0031971
03	0031972
03	0031973
03	0031974
03	0031975
03	0031976
03	0031977
03	0031978
03	0031979
03	0031980
03	0031981
03	0031982
03	0031983
03	0031984
03	0031985
03	0031986
03	0031987
03	0031988
03	0031989
03	0031990
03	0031991
03	0031992
03	0031993
03	0031994
03	0031995
03	0031996
03	0031997
03	0031998
03	0031999
03	0032000
03	0032001
03	0032002
03	0032003
03	0032004
03	0032005
03	0032006
03	0032007
03	0032008
03	0032009
03	0032010
03	0032011
03	0032012
03	0032013
03	0032014
03	0032015
03	0032016
03	0032017
03	0032018
03	0032019
03	0032020
03	0032021
03	0032022
03	0032023
03	0032024
03	0032025
03	0032026
03	0032027
03	0032028
03	0032029
03	0032030
03	0032031
03	0032032
03	0032033
03	0032034
03	0032035
03	0032036
03	0032037
03	0032038
03	0032039
03	0032040
03	0032041
03	0032042
03	0032043
03	0032044
03	0032045
03	0032046
03	0032047
03	0032048
03	0032049
03	0032050
03	0032051
03	0032052
03	0032053
03	0032054
03	0032055
03	0032056
03	0032057
03	0032058
03	0032059
03	0032060
03	0032061
03	0032062
03	0032063
03	0032064
03	0032065
03	0032066
03	0032067
03	0032068
03	0032069
03	0032070
03	0032071
03	0032072
03	0032073
03	0032074
03	0032075
03	0032076
03	0032077
03	0032078
03	0032079
03	0032080
03	0032081
03	0032082
03	0032083
03	0032084
03	0032085
03	0032086
03	0032087
03	0032088
03	0032089
03	0032090
03	0032091
03	0032092
03	0032093
03	0032094
03	0032095
03	0032096
03	0032097
03	0032098
03	0032099
03	0032100
03	0032101
03	0032102
03	0032103
03	0032104
03	0032105
03	0032106
03	0032107
03	0032108
03	0032109
03	0032110
03	0032112
03	0032113
03	0032114
03	0032115
03	0032116
03	0032117
03	0032118
03	0032119
03	0032120
03	0032121
03	0032122
03	0032123
03	0032124
03	0032125
03	0032126
03	0032127
03	0032128
03	0032129
03	0032130
03	0032131
03	0032132
03	0032133
03	0032134
03	0032135
03	0032136
03	0032137
03	0032138
03	0032139
03	0032140
03	0032141
03	0032142
03	0032143
03	0032144
03	0032145
03	0032146
03	0032147
03	0032148
03	0032149
03	0032150
03	0032151
03	0032152
03	0032153
03	0032154
03	0032155
03	0032156
03	0032157
03	0032158
03	0032159
03	0032160
03	0032161
03	0032162
03	0032163
03	0032164
03	0032165
03	0032166
03	0032167
03	0032168
03	0032169
03	0032170
03	0032171
03	0032172
03	0032173
03	0032174
03	0032175
03	0032176
03	0032177
03	0032178
03	0032179
03	0032180
03	0032181
03	0032182
03	0032183
03	0032184
03	0032185
03	0032186
03	0032187
03	0032188
03	0032189
03	0032190
03	0032191
03	0032192
03	0032193
03	0032194
03	0032195
03	0032196
03	0032197
03	0032198
03	0032199
03	0032200
03	0032201
03	0032202
03	0032203
03	0032204
03	0032205
03	0032206
03	0032207
03	0032208
03	0032209
03	0032210
03	0032211
03	0032212
03	0032213
03	0032214
03	0032215
03	0032216
03	0032217
03	0032218
03	0032219
03	0032220
03	0032221
03	0032222
03	0032223
03	0032224
03	0032225
03	0032226
03	0032227
03	0032228
03	0032229
03	0032230
03	0032231
03	0032232
03	0032233
03	0032234
03	0032235
03	0032236
03	0032237
03	0032238
03	0032239
03	0032240
03	0032241
03	0032242
03	0032243
03	0032244
03	0032245
03	0032246
03	0032247
03	0032248
03	0032249
03	0032250
03	0032251
03	0032252
03	0032253
03	0032254
03	0032255
03	0032256
03	0032257
03	0032258
03	0032259
03	0032260
03	0032261
03	0032262
03	0032263
03	0032264
03	0032265
03	0032266
03	0032267
03	0032268
03	0032269
03	0032270
03	0032271
03	0032272
03	0032273
03	0032274
03	0032275
03	0032276
03	0032277
03	0032278
03	0032279
03	0032280
03	0032281
03	0032282
03	0032283
03	0032284
03	0032285
03	0032286
03	0032287
03	0032288
03	0032289
03	0032290
03	0032291
03	0032292
03	0032293
03	0032294
03	0032295
03	0032296
03	0032297
03	0032298
03	0032299
03	0032300
03	0032301
03	0032302
03	0032303
03	0032304
03	0032305
03	0032306
03	0032307
03	0032308
03	0032309
03	0032310
03	0032311
03	0032312
03	0032313
03	0032314
03	0032315
03	0032316
03	0032317
03	0032318
03	0032319
03	0032320
03	0032321
03	0032322
03	0032323
03	0032324
03	0032325
03	0032326
03	0032327
03	0032328
03	0032329
03	0032330
03	0032331
03	0032332
03	0032333
03	0032334
03	0032335
03	0032336
03	0032337
03	0032338
03	0032339
03	0032340
03	0032341
03	0032342
03	0032343
03	0032344
03	0032345
03	0032346
03	0032347
03	0032348
03	0032349
03	0032350
03	0032351
03	0032352
03	0032353
03	0032354
03	0032355
03	0032356
03	0032357
03	0032358
03	0032359
03	0032360
03	0032361
03	0032362
03	0032363
03	0032364
03	0032365
03	0032366
03	0032367
03	0032368
03	0032369
03	0032370
03	0032371
03	0032372
03	0032373
03	0032374
03	0032375
03	0032376
03	0032377
03	0032378
03	0032379
03	0032380
03	0032381
03	0032382
03	0032383
03	0032384
03	0032385
03	0032386
03	0032387
03	0032388
03	0032389
03	0032390
03	0032391
03	0032392
03	0032393
03	0032394
03	0032395
03	0032396
03	0032397
03	0032398
03	0032399
03	0032400
03	0032401
03	0032402
03	0032403
03	0032404
03	0032405
03	0032406
03	0032407
03	0032408
03	0032409
03	0032410
03	0032411
03	0032412
03	0032413
03	0032414
03	0032415
03	0032416
03	0032417
03	0032418
03	0032419
03	0032420
03	0032421
03	0032422
03	0032423
03	0032424
03	0032425
03	0032426
03	0032427
03	0032428
03	0032429
03	0032430
03	0032431
03	0032432
03	0032433
03	0032434
03	0032435
03	0032436
03	0032437
03	0032438
03	0032439
03	0032440
03	0032441
03	0032442
03	0032443
03	0032444
03	0032445
03	0032446
03	0032447
03	0032448
03	0032449
03	0032450
03	0032451
03	0032452
03	0032453
03	0032454
03	0032455
03	0032456
03	0032457
03	0032458
03	0032459
03	0032460
03	0032461
03	0032462
03	0032463
03	0032464
03	0032465
03	0032466
03	0032467
03	0032468
03	0032469
03	0032470
03	0032471
03	0032472
03	0032473
03	0032474
03	0032475
03	0032476
03	0032477
03	0032478
03	0032479
03	0032480
03	0032481
03	0032482
03	0032483
03	0032484
03	0032485
03	0032486
03	0032487
03	0032488
03	0032489
03	0032490
03	0032491
03	0032492
03	0032493
03	0032494
03	0032495
03	0032496
03	0032497
03	0032498
03	0032499
03	0032500
03	0032501
03	0032502
03	0032503
03	0032504
03	0032505
03	0032506
03	0032507
03	0032508
03	0032509
03	0032510
03	0032511
03	0032512
03	0032513
03	0032514
03	0032515
03	0032516
03	0032517
03	0032518
03	0032519
03	0032520
03	0032521
03	0032522
03	0032523
03	0032524
03	0032525
03	0032526
03	0032527
03	0032528
03	0032529
03	0032530
03	0032531
03	0032532
03	0032533
03	0032534
03	0032535
03	0032536
03	0032537
03	0032538
03	0032539
03	0032540
03	0032541
03	0032542
03	0032543
03	0032544
03	0032545
03	0032546
03	0032547
03	0032548
03	0032549
03	0032550
03	0032551
03	0032552
03	0032553
03	0032554
03	0032555
03	0032556
03	0032557
03	0032558
03	0032559
03	0032560
03	0032561
03	0032562
03	0032563
03	0032564
03	0032565
03	0032566
03	0032567
03	0032568
03	0032569
03	0032570
03	0032571
03	0032572
03	0032573
03	0032574
03	0032575
03	0032576
03	0032577
03	0032578
03	0032579
03	0032580
03	0032581
03	0032582
03	0032583
03	0032584
03	0032585
03	0032586
03	0032587
03	0032588
03	0032589
03	0032590
03	0032591
03	0032592
03	0032593
03	0032594
03	0032595
03	0032596
03	0032597
03	0032598
03	0032599
03	0032600
03	0032601
03	0032602
03	0032603
03	0032604
03	0032605
03	0032606
03	0032607
03	0032608
03	0032609
03	0032610
03	0032611
03	0032612
03	0032613
03	0032614
03	0032615
03	0032616
03	0032617
03	0032618
03	0032619
03	0032620
03	0032621
03	0032622
03	0032623
03	0032624
03	0032625
03	0032626
03	0032627
03	0032628
03	0032629
03	0032630
03	0032631
03	0032632
03	0032633
03	0032634
03	0032635
03	0032636
03	0032637
03	0032638
03	0032639
03	0032640
03	0032641
03	0032642
03	0032643
03	0032644
03	0032645
03	0032646
03	0032647
03	0032648
03	0032649
03	0032650
03	0032651
03	0032652
03	0032653
03	0032654
03	0032655
03	0032656
03	0032657
03	0032658
03	0032659
03	0032660
03	0032661
03	0032662
03	0032663
03	0032664
03	0032665
03	0032666
03	0032667
03	0032668
03	0032669
03	0032670
03	0032671
03	0032672
03	0032673
03	0032674
03	0032675
03	0032676
03	0032677
03	0032678
03	0032679
03	0032680
03	0032681
03	0032682
03	0032683
03	0032684
03	0032685
03	0032686
03	0032687
03	0032688
03	0032689
03	0032690
03	0032691
03	0032692
03	0032693
03	0032694
03	0032695
03	0032696
03	0032697
03	0032698
03	0032699
03	0032700
03	0032701
03	0032702
03	0032703
03	0032704
03	0032705
03	0032706
03	0032707
03	0032708
03	0032709
03	0032710
03	0032711
03	0032712
03	0032713
03	0032714
03	0032715
03	0032716
03	0032717
03	0032718
03	0032719
03	0032720
03	0032721
03	0032722
03	0032723
03	0032724
03	0032725
03	0032726
03	0032727
03	0032728
03	0032729
03	0032730
03	0032731
03	0032732
03	0032733
03	0032734
03	0032735
03	0032736
03	0032737
03	0032738
03	0032739
03	0032740
03	0032741
03	0032742
03	0032743
03	0032744
03	0032745
03	0032746
03	0032747
03	0032748
03	0032749
03	0032750
03	0032751
03	0032752
03	0032753
03	0032754
03	0032755
03	0032756
03	0032757
03	0032758
03	0032759
03	0032760
03	0032761
03	0032762
03	0032763
03	0032764
03	0032765
03	0032766
03	0032767
03	0032768
03	0032769
03	0032770
03	0032771
03	0032772
03	0032773
03	0032774
03	0032775
03	0032776
03	0032777
03	0032778
03	0032779
03	0032780
03	0032781
03	0032782
03	0032783
03	0032784
03	0032785
03	0032786
03	0032787
03	0032788
03	0032789
03	0032790
03	0032791
03	0032792
03	0032793
03	0032794
03	0032795
03	0032796
03	0032797
03	0032798
03	0032799
03	0032800
03	0032801
03	0032802
03	0032803
03	0032804
03	0032805
03	0032806
03	0032807
03	0032808
03	0032809
03	0032810
03	0032811
03	0032812
03	0032813
03	0032814
03	0032815
03	0032816
03	0032817
03	0032818
03	0032819
03	0032820
03	0032821
03	0032822
03	0032823
03	0032824
03	0032825
03	0032826
03	0032827
03	0032828
03	0032829
03	0032830
03	0032831
03	0032832
03	0032833
03	0032834
03	0032835
03	0032836
03	0032837
03	0032838
03	0032839
03	0032840
03	0032841
03	0032842
03	0032843
03	0032844
03	0032845
03	0032846
03	0032847
03	0032848
03	0032849
03	0032850
03	0032851
03	0032852
03	0032853
03	0032854
03	0032855
03	0032856
03	0032857
03	0032858
03	0032859
03	0032860
03	0032861
03	0032862
03	0032863
03	0032864
03	0032865
03	0032866
03	0032867
03	0032868
03	0032869
03	0032870
03	0032871
03	0032872
03	0032873
03	0032874
03	0032875
03	0032876
03	0032877
03	0032878
03	0032879
03	0032880
03	0032881
03	0032882
03	0032883
03	0032884
03	0032885
03	0032886
03	0032887
03	0032888
03	0032889
03	0032890
03	0032891
03	0032892
03	0032893
03	0032894
03	0032895
03	0032896
03	0032897
03	0032898
03	0032899
03	0032900
03	0032901
03	0032902
03	0032903
03	0032904
03	0032905
03	0032906
03	0032907
03	0032908
03	0032909
03	0032910
03	0032911
03	0032912
03	0032913
03	0032914
03	0032915
03	0032916
03	0032917
03	0032918
03	0032919
03	0032920
03	0032921
03	0032922
03	0032923
03	0032924
03	0032925
03	0032926
03	0032927
03	0032928
03	0032929
03	0032930
03	0032931
03	0032932
03	0032933
03	0032934
03	0032935
03	0032936
03	0032937
03	0032938
03	0032939
03	0032940
03	0032941
03	0032942
03	0032943
03	0032944
03	0032945
03	0032946
03	0032947
03	0032948
03	0032949
03	0032950
03	0032951
03	0032952
03	0032953
03	0032954
03	0032955
03	0032956
03	0032957
03	0032958
03	0032959
03	0032960
03	0032961
03	0032962
03	0032963
03	0032964
03	0032965
03	0032966
03	0032967
03	0032968
03	0032969
03	0032970
03	0032971
03	0032972
03	0032973
03	0032974
03	0032975
03	0032976
03	0032977
03	0032978
03	0032979
03	0032980
03	0032981
03	0032982
03	0032983
03	0032984
03	0032985
03	0032986
03	0032987
03	0032988
03	0032989
03	0032990
03	0032991
03	0032992
03	0032993
03	0032994
03	0032995
03	0032996
03	0032997
03	0032998
03	0032999
03	0033000
03	0033001
03	0033002
03	0033003
03	0033004
03	0033005
03	0033006
03	0033007
03	0033008
03	0033009
03	0033010
03	0033011
03	0033012
03	0033013
03	0033014
03	0033015
03	0033016
03	0033017
03	0033018
03	0033019
03	0033020
03	0033021
03	0033022
03	0033023
03	0033024
03	0033025
03	0033026
03	0033027
03	0033028
03	0033029
03	0033030
03	0033031
03	0033032
03	0033033
03	0033034
03	0033035
03	0033036
03	0033037
03	0033038
03	0033039
03	0033040
03	0033041
03	0033042
03	0033043
03	0033044
03	0033045
03	0033046
03	0033047
03	0033048
03	0033049
03	0033050
03	0033051
03	0033052
03	0033053
03	0033054
03	0033055
03	0033056
03	0033057
03	0033058
03	0033059
03	0033060
03	0033061
03	0033062
03	0033063
03	0033064
03	0033065
03	0033066
03	0033067
03	0033068
03	0033069
03	0033070
03	0033071
03	0033072
03	0033073
03	0033074
03	0033075
03	0033076
03	0033077
03	0033078
03	0033079
03	0033080
03	0033081
03	0033082
03	0033083
03	0033084
03	0033085
03	0033086
03	0033087
03	0033088
03	0033089
03	0033090
03	0033091
03	0033092
03	0033093
03	0033094
03	0033095
03	0033096
03	0033097
03	0033098
03	0033099
03	0033100
03	0033101
03	0033102
03	0033103
03	0033104
03	0033105
03	0033106
03	0033107
03	0033108
03	0033109
03	0033110
03	0033111
03	0033112
03	0033113
03	0033114
03	0033115
03	0033116
03	0033117
03	0033118
03	0033119
03	0033120
03	0033121
03	0033122
03	0033123
03	0033124
03	0033125
03	0033126
03	0033127
03	0033128
03	0033129
03	0033130
03	0033131
03	0033132
03	0033133
03	0033134
03	0033135
03	0033136
03	0033137
03	0033138
03	0033139
03	0033140
03	0033141
03	0033142
03	0033143
03	0033144
03	0033145
03	0033146
03	0033147
03	0033148
03	0033149
03	0033150
03	0033151
03	0033152
03	0033153
03	0033154
03	0033155
03	0033156
03	0033157
03	0033158
03	0033159
03	0033160
03	0033161
03	0033162
03	0033163
03	0033164
03	0033165
03	0033166
03	0033167
03	0033168
03	0033169
03	0033170
03	0033171
03	0033172
03	0033173
03	0033174
03	0033175
03	0033176
03	0033177
03	0033178
03	0033179
03	0033180
03	0033181
03	0033182
03	0033183
03	0033184
03	0033185
03	0033186
03	0033187
03	0033188
03	0033189
03	0033190
03	0033191
03	0033192
03	0033193
03	0033194
03	0033195
03	0033196
03	0033197
03	0033198
03	0033199
03	0033200
03	0033201
03	0033202
03	0033203
03	0033204
03	0033205
03	0033206
03	0033207
03	0033208
03	0033209
03	0033210
03	0033211
03	0033212
03	0033213
03	0033214
03	0033215
03	0033216
03	0033217
03	0033218
03	0033219
03	0033220
03	0033221
03	0033222
03	0033223
03	0033224
03	0033225
03	0033226
03	0033227
03	0033228
03	0033229
03	0033230
03	0033231
03	0033232
03	0033233
03	0033234
03	0033235
03	0033236
03	0033237
03	0033238
03	0033239
03	0033240
03	0033241
03	0033242
03	0033243
03	0033244
03	0033245
03	0033246
03	0033247
03	0033248
03	0033249
03	0033250
03	0033251
03	0033252
03	0033253
03	0033254
03	0033255
03	0033256
03	0033257
03	0033258
03	0033259
03	0033260
03	0033261
03	0033262
03	0033263
03	0033264
03	0033265
03	0033266
03	0033267
03	0033268
03	0033269
03	0033270
03	0033271
03	0033272
03	0033273
03	0033274
03	0033275
03	0033276
03	0033277
03	0033278
03	0033279
03	0033280
03	0033281
03	0033282
03	0033283
03	0033284
03	0033285
03	0033286
03	0033287
03	0033288
03	0033289
03	0033290
03	0033291
03	0033292
03	0033293
03	0033294
03	0033295
03	0033296
03	0033297
03	0033298
03	0033299
03	0033300
03	0033301
03	0033302
03	0033303
03	0033304
03	0033305
03	0033306
03	0033307
03	0033308
03	0033309
03	0033310
03	0033311
03	0033312
03	0033313
03	0033314
03	0033315
03	0033316
03	0033317
03	0033318
03	0033319
03	0033320
03	0033321
03	0033322
03	0033323
03	0033324
03	0033325
03	0033326
03	0033327
03	0033328
03	0033329
03	0033330
03	0033331
03	0033332
03	0033333
03	0033334
03	0033335
03	0033336
03	0033337
03	0033338
03	0033339
03	0033340
03	0033341
03	0033342
03	0033343
03	0033344
03	0033345
03	0033346
03	0033347
03	0033348
03	0033349
03	0033350
03	0033351
03	0033352
03	0033353
03	0033354
03	0033355
03	0033356
03	0033357
03	0033358
03	0033359
03	0033360
03	0033361
03	0033362
03	0033363
03	0033364
03	0033365
03	0033366
03	0033367
03	0033368
03	0033369
03	0033370
03	0033371
03	0033372
03	0033373
03	0033374
03	0033375
03	0033376
03	0033377
03	0033378
03	0033379
03	0033380
03	0033381
03	0033382
03	0033383
03	0033384
03	0033385
03	0033386
03	0033387
03	0033388
03	0033389
03	0033390
03	0033391
03	0033392
03	0033393
03	0033394
03	0033395
03	0033396
03	0033397
03	0033398
03	0033399
03	0033400
03	0033401
03	0033402
03	0033403
03	0033404
03	0033405
03	0033406
03	0033407
03	0033408
03	0033409
03	0033410
03	0033411
03	0033412
03	0033413
03	0033414
03	0033415
03	0033416
03	0033417
03	0033418
03	0033419
03	0033420
03	0033421
03	0033422
03	0033423
03	0033424
03	0033425
03	0033426
03	0033427
03	0033428
03	0033429
03	0033430
03	0033431
03	0033432
03	0033433
03	0033434
03	0033435
03	0033436
03	0033437
03	0033438
03	0033439
03	0033440
03	0033441
03	0033442
03	0033443
03	0033444
03	0033445
03	0033446
03	0033447
03	0033448
03	0033449
03	0033450
03	0033451
03	0033452
03	0033453
03	0033454
03	0033455
03	0033456
03	0033457
03	0033458
03	0033459
03	0033460
03	0033461
03	0033462
03	0033463
03	0033464
03	0033465
03	0033466
03	0033467
03	0033468
03	0033469
03	0033470
03	0033471
03	0033472
03	0033473
03	0033474
03	0033475
03	0033476
03	0033477
03	0033478
03	0033479
03	0033480
03	0033481
03	0033482
03	0033483
03	0033484
03	0033485
03	0033486
03	0033487
03	0033488
03	0033489
03	0033490
03	0033491
03	0033492
03	0033493
03	0033495
03	0033496
03	0033497
03	0033498
03	0033499
03	0033500
03	0033501
03	0033502
03	0033503
03	0033504
03	0033505
03	0033506
03	0033507
03	0033508
03	0033509
03	0033510
03	0033511
03	0033512
03	0033513
03	0033514
03	0033515
03	0033516
03	0033517
03	0033518
03	0033519
03	0033520
03	0033521
03	0033522
03	0033523
03	0033524
03	0033525
03	0033526
03	0033527
03	0033528
03	0033529
03	0033530
03	0033531
03	0033532
03	0033533
03	0033534
03	0033535
03	0033536
03	0033537
03	0033538
03	0033539
03	0033540
03	0033541
03	0033542
03	0033543
03	0033544
03	0033545
03	0033546
03	0033547
03	0033548
03	0033549
03	0033550
03	0033551
03	0033552
03	0033553
03	0033554
03	0033555
03	0033556
03	0033557
03	0033558
03	0033559
03	0033560
03	0033561
03	0033562
03	0033563
03	0033564
03	0033565
03	0033566
03	0033567
03	0033568
03	0033569
03	0033570
03	0033571
03	0033572
03	0033573
03	0033574
03	0033575
03	0033576
03	0033577
03	0033578
03	0033579
03	0033580
03	0033581
03	0033582
03	0033583
03	0033584
03	0033585
03	0033586
03	0033587
03	0033588
03	0033589
03	0033590
03	0033591
03	0033592
03	0033593
03	0033594
03	0033595
03	0033596
03	0033597
03	0033598
03	0033599
03	0033600
03	0033601
03	0033602
03	0033603
03	0033604
03	0033605
03	0033606
03	0033607
03	0033608
03	0033609
03	0033610
03	0033611
03	0033612
03	0033613
03	0033614
03	0033615
03	0033616
03	0033617
03	0033618
03	0033619
03	0033620
03	0033621
03	0033622
03	0033623
03	0033624
03	0033625
03	0033626
03	0033627
03	0033628
03	0033629
03	0033630
03	0033631
03	0033632
03	0033633
03	0033634
03	0033635
03	0033636
03	0033637
03	0033638
03	0033639
03	0033640
03	0033641
03	0033642
03	0033643
03	0033644
03	0033645
03	0033646
03	0033647
03	0033648
03	0033649
03	0033650
03	0033651
03	0033652
03	0033653
03	0033654
03	0033655
03	0033656
03	0033657
03	0033658
03	0033659
03	0033660
03	0033661
03	0033662
03	0033663
03	0033664
03	0033665
03	0033666
03	0033667
03	0033668
03	0033669
03	0033670
03	0033671
03	0033672
03	0033673
03	0033674
03	0033675
03	0033676
03	0033677
03	0033678
03	0033679
03	0033680
03	0033681
03	0033682
03	0033683
03	0033684
03	0033685
03	0033686
03	0033687
03	0033688
03	0033689
03	0033690
03	0033691
03	0033692
03	0033693
03	0033694
03	0033695
03	0033696
03	0033697
03	0033698
03	0033699
03	0033700
03	0033701
03	0033702
03	0033703
03	0033704
03	0033705
03	0033706
03	0033707
03	0033708
03	0033709
03	0033710
03	0033711
03	0033712
03	0033713
03	0033714
03	0033715
03	0033716
03	0033717
03	0033718
03	0033719
03	0033720
03	0033721
03	0033722
03	0033723
03	0033724
03	0033725
03	0033726
03	0033727
03	0033728
03	0033729
03	0033730
03	0033731
03	0033732
03	0033733
03	0033734
03	0033735
03	0033736
03	0033737
03	0033738
03	0033739
03	0033740
03	0033741
03	0033742
03	0033743
03	0033744
03	0033745
03	0033746
03	0033747
03	0033748
03	0033749
03	0033750
03	0033751
03	0033752
03	0033753
03	0033754
03	0033755
03	0033756
03	0033757
03	0033758
03	0033759
03	0033760
03	0033761
03	0033762
03	0033763
03	0033764
03	0033765
03	0033766
03	0033767
03	0033768
03	0033769
03	0033770
03	0033771
03	0033772
03	0033773
03	0033774
03	0033775
03	0033776
03	0033777
03	0033778
03	0033779
03	0033780
03	0033781
03	0033782
03	0033783
03	0033784
03	0033785
03	0033786
03	0033787
03	0033788
03	0033789
03	0033790
03	0033791
03	0033792
03	0033793
03	0033794
03	0033795
03	0033796
03	0033797
03	0033798
03	0033799
03	0033800
03	0033801
03	0033802
03	0033803
03	0033804
03	0033805
03	0033806
03	0033807
03	0033808
03	0033809
03	0033810
03	0033811
03	0033812
03	0033813
03	0033814
03	0033815
03	0033816
03	0033817
03	0033818
03	0033819
03	0033820
03	0033821
03	0033822
03	0033823
03	0033824
03	0033825
03	0033826
03	0033827
03	0033828
03	0033829
03	0033830
03	0033831
03	0033832
03	0033833
03	0033834
03	0033835
03	0033836
03	0033837
03	0033838
03	0033839
03	0033840
03	0033841
03	0033842
03	0033843
03	0033844
03	0033845
03	0033846
03	0033847
03	0033848
03	0033849
03	0033850
03	0033851
03	0033852
03	0033853
03	0033854
03	0033855
03	0033856
03	0033857
03	0033858
03	0033859
03	0033860
03	0033861
03	0033862
03	0033863
03	0033864
03	0033865
03	0033866
03	0033867
03	0033868
03	0033869
03	0033870
03	0033871
03	0033872
03	0033873
03	0033874
03	0033875
03	0033876
03	0033877
03	0033878
03	0033879
03	0033880
03	0033881
03	0033882
03	0033883
03	0033884
03	0033885
03	0033886
03	0033887
03	0033888
03	0033889
03	0033890
03	0033891
03	0033892
03	0033893
03	0033894
03	0033895
03	0033896
03	0033897
03	0033898
03	0033899
03	0033900
03	0033901
03	0033902
03	0033903
03	0033904
03	0033905
03	0033906
03	0033907
03	0033908
03	0033909
03	0033910
03	0033911
03	0033912
03	0033913
03	0033914
03	0033915
03	0033916
03	0033917
03	0033918
03	0033919
03	0033920
03	0033921
03	0033922
03	0033923
03	0033924
03	0033925
03	0033926
03	0033927
03	0033928
03	0033929
03	0033930
03	0033931
03	0033932
03	0033933
03	0033934
03	0033935
03	0033936
03	0033937
03	0033938
03	0033939
03	0033940
03	0033941
03	0033942
03	0033943
03	0033944
03	0033945
03	0033946
03	0033947
03	0033948
03	0033949
03	0033950
03	0033951
03	0033952
03	0033953
03	0033954
03	0033955
03	0033956
03	0033957
03	0033958
03	0033959
03	0033960
03	0033961
03	0033962
03	0033963
03	0033964
03	0033965
03	0033966
03	0033967
03	0033968
03	0033969
03	0033970
03	0033971
03	0033972
03	0033973
03	0033974
03	0033975
03	0033976
03	0033977
03	0033978
03	0033979
03	0033980
03	0033981
03	0033982
03	0033983
03	0033984
03	0033985
03	0033986
03	0033987
03	0033988
03	0033989
03	0033990
03	0033991
03	0033992
03	0033993
03	0033994
03	0033995
03	0033996
03	0033997
03	0033998
03	0033999
03	0034000
03	0034001
03	0034002
03	0034003
03	0034004
03	0034005
03	0034006
03	0034007
03	0034008
03	0034009
03	0034010
03	0034011
03	0034012
03	0034013
03	0034014
03	0034015
03	0034016
03	0034017
03	0034018
03	0034019
03	0034020
03	0034021
03	0034022
03	0034023
03	0034024
03	0034025
03	0034026
03	0034027
03	0034028
03	0034029
03	0034030
03	0034031
03	0034032
03	0034033
03	0034034
03	0034035
03	0034036
03	0034037
03	0034038
03	0034039
03	0034040
03	0034041
03	0034042
03	0034043
03	0034044
03	0034045
03	0034046
03	0034047
03	0034048
03	0034049
03	0034050
03	0034051
03	0034052
03	0034053
03	0034054
03	0034055
03	0034056
03	0034057
03	0034058
03	0034059
03	0034060
03	0034061
03	0034062
03	0034063
03	0034064
03	0034065
03	0034066
03	0034067
03	0034068
03	0034069
03	0034070
03	0034071
03	0034072
03	0034073
03	0034074
03	0034075
03	0034076
03	0034077
03	0034078
03	0034079
03	0034080
03	0034081
03	0034082
03	0034083
03	0034084
03	0034085
03	0034086
03	0034087
03	0034088
03	0034089
03	0034090
03	0034091
03	0034092
03	0034093
03	0034094
03	0034095
03	0034096
03	0034097
03	0034098
03	0034099
03	0034100
03	0034101
03	0034102
03	0034103
03	0034104
03	0034105
03	0034106
03	0034107
03	0034108
03	0034109
03	0034110
03	0034111
03	0034112
03	0034113
03	0034114
03	0034115
03	0034116
03	0034117
03	0034118
03	0034119
03	0034120
03	0034121
03	0034122
03	0034123
03	0034124
03	0034125
03	0034126
03	0034127
03	0034128
03	0034129
03	0034130
03	0034131
03	0034132
03	0034133
03	0034134
03	0034135
03	0034136
03	0034137
03	0034138
03	0034139
03	0034140
03	0034141
03	0034142
03	0034143
03	0034144
03	0034145
03	0034146
03	0034147
03	0034148
03	0034149
03	0034150
03	0034151
03	0034152
03	0034153
03	0034154
03	0034155
03	0034156
03	0034157
03	0034158
03	0034159
03	0034160
03	0034161
03	0034162
03	0034163
03	0034164
03	0034165
03	0034166
03	0034167
03	0034168
03	0034169
03	0034170
03	0034171
03	0034172
03	0034173
03	0034174
03	0034175
03	0034176
03	0034177
03	0034178
03	0034179
03	0034180
03	0034181
03	0034182
03	0034183
03	0034184
03	0034185
03	0034186
03	0034187
03	0034188
03	0034189
03	0034190
03	0034191
03	0034192
03	0034193
03	0034194
03	0034195
03	0034196
03	0034197
03	0034198
03	0034199
03	0034200
03	0034201
03	0034202
03	0034203
03	0034204
03	0034205
03	0034206
03	0034207
03	0034208
03	0034209
03	0034210
03	0034211
03	0034212
03	0034213
03	0034214
03	0034215
03	0034216
03	0034217
03	0034218
03	0034219
03	0034220
03	0034221
03	0034222
03	0034223
03	0034224
03	0034225
03	0034226
03	0034227
03	0034228
03	0034229
03	0034230
03	0034231
03	0034232
03	0034233
03	0034234
03	0034235
03	0034236
03	0034237
03	0034238
03	0034239
03	0034240
03	0034241
03	0034242
03	0034243
03	0034244
03	0034245
03	0034246
03	0034247
03	0034248
03	0034249
03	0034250
03	0034251
03	0034252
03	0034253
03	0034254
03	0034255
03	0034256
03	0034257
03	0034258
03	0034259
03	0034260
03	0034261
03	0034262
03	0034263
03	0034264
03	0034265
03	0034266
03	0034267
03	0034268
03	0034269
03	0034270
03	0034271
03	0034272
03	0034273
03	0034274
03	0034275
03	0034276
03	0034277
03	0034278
03	0034279
03	0034280
03	0034281
03	0034282
03	0034283
03	0034284
03	0034285
03	0034286
03	0034287
03	0034288
03	0034290
03	0034291
03	0034292
03	0034293
03	0034294
03	0034295
03	0034296
03	0034297
03	0034298
03	0034299
03	0034300
03	0034301
03	0034302
03	0034303
03	0034304
03	0034305
03	0034306
03	0034307
03	0034308
03	0034309
03	0034310
03	0034311
03	0034312
03	0034313
03	0034314
03	0034315
03	0034316
03	0034317
03	0034318
03	0034319
03	0034320
03	0034321
03	0034322
03	0034323
03	0034324
03	0034325
03	0034326
03	0034327
03	0034328
03	0034329
03	0034330
03	0034331
03	0034332
03	0034333
03	0034334
03	0034335
03	0034336
03	0034337
03	0034338
03	0034339
03	0034340
03	0034341
03	0034342
03	0034343
03	0034344
03	0034345
03	0034346
03	0034347
03	0034348
03	0034349
03	0034350
03	0034351
03	0034352
03	0034353
03	0034354
03	0034355
03	0034356
03	0034357
03	0034358
03	0034359
03	0034360
03	0034361
03	0034362
03	0034363
03	0034364
03	0034365
03	0034366
03	0034367
03	0034368
03	0034369
03	0034370
03	0034371
03	0034372
03	0034373
03	0034374
03	0034375
03	0034376
03	0034378
03	0034379
03	0034380
03	0034381
03	0034382
03	0034383
03	0034384
03	0034385
03	0034386
03	0034387
03	0034388
03	0034389
03	0034390
03	0034391
03	0034392
03	0034393
03	0034394
03	0034395
03	0034396
03	0034397
03	0034398
03	0034399
03	0034400
03	0034401
03	0034402
03	0034403
03	0034404
03	0034405
03	0034406
03	0034407
03	0034408
03	0034409
03	0034410
03	0034411
03	0034412
03	0034413
03	0034414
03	0034415
03	0034416
03	0034417
03	0034418
03	0034419
03	0034420
03	0034421
03	0034422
03	0034423
03	0034424
03	0034425
03	0034426
03	0034427
03	0034428
03	0034429
03	0034430
03	0034431
03	0034432
03	0034433
03	0034434
03	0034435
03	0034436
03	0034437
03	0034438
03	0034439
03	0034440
03	0034441
03	0034442
03	0034443
03	0034444
03	0034445
03	0034446
03	0034447
03	0034448
03	0034449
03	0034450
03	0034451
03	0034452
03	0034453
03	0034454
03	0034455
03	0034456
03	0034457
03	0034458
03	0034459
03	0034460
03	0034461
03	0034462
03	0034463
03	0034464
03	0034465
03	0034466
03	0034467
03	0034468
03	0034469
03	0034470
03	0034471
03	0034472
03	0034473
03	0034474
03	0034475
03	0034476
03	0034477
03	0034478
03	0034479
03	0034480
03	0034481
03	0034482
03	0034483
03	0034484
03	0034485
03	0034486
03	0034487
03	0034488
03	0034489
03	0034490
03	0034491
03	0034492
03	0034493
03	0034494
03	0034495
03	0034496
03	0034497
03	0034498
03	0034499
03	0034500
03	0034501
03	0034502
03	0034503
03	0034504
03	0034505
03	0034506
03	0034507
03	0034508
03	0034509
03	0034510
03	0034511
03	0034512
03	0034513
03	0034514
03	0034515
03	0034516
03	0034517
03	0034518
03	0034519
03	0034520
03	0034521
03	0034522
03	0034523
03	0034524
03	0034525
03	0034526
03	0034527
03	0034528
03	0034529
03	0034530
03	0034531
03	0034532
03	0034533
03	0034534
03	0034535
03	0034536
03	0034537
03	0034538
03	0034539
03	0034540
03	0034541
03	0034542
03	0034543
03	0034544
03	0034545
03	0034546
03	0034547
03	0034548
03	0034549
03	0034550
03	0034551
03	0034552
03	0034553
03	0034554
03	0034555
03	0034556
03	0034557
03	0034558
03	0034559
03	0034560
03	0034561
03	0034562
03	0034563
03	0034564
03	0034565
03	0034566
03	0034567
03	0034568
03	0034569
03	0034570
03	0034571
03	0034572
03	0034573
03	0034574
03	0034575
03	0034576
03	0034577
03	0034578
03	0034579
03	0034580
03	0034581
03	0034582
03	0034583
03	0034584
03	0034585
03	0034586
03	0034587
03	0034588
03	0034589
03	0034590
03	0034591
03	0034592
03	0034593
03	0034594
03	0034595
03	0034596
03	0034597
03	0034598
03	0034599
03	0034600
03	0034601
03	0034602
03	0034603
03	0034604
03	0034605
03	0034606
03	0034607
03	0034608
03	0034609
03	0034610
03	0034611
03	0034612
03	0034613
03	0034614
03	0034615
03	0034616
03	0034617
03	0034618
03	0034619
03	0034620
03	0034621
03	0034622
03	0034623
03	0034624
03	0034625
03	0034626
03	0034627
03	0034628
03	0034629
03	0034630
03	0034631
03	0034632
03	0034633
03	0034634
03	0034635
03	0034636
03	0034637
03	0034638
03	0034639
03	0034640
03	0034641
03	0034642
03	0034643
03	0034644
03	0034645
03	0034646
03	0034647
03	0034648
03	0034649
03	0034650
03	0034651
03	0034652
03	0034653
03	0034654
03	0034655
03	0034656
03	0034657
03	0034658
03	0034659
03	0034660
03	0034661
03	0034662
03	0034663
03	0034664
03	0034665
03	0034666
03	0034667
03	0034668
03	0034669
03	0034670
03	0034671
03	0034672
03	0034673
03	0034674
03	0034675
03	0034676
03	0034677
03	0034678
03	0034679
03	0034680
03	0034681
03	0034682
03	0034683
03	0034684
03	0034685
03	0034686
03	0034687
03	0034688
03	0034689
03	0034690
03	0034691
03	0034692
03	0034693
03	0034694
03	0034695
03	0034696
03	0034697
03	0034698
03	0034699
03	0034700
03	0034701
03	0034702
03	0034703
03	0034704
03	0034705
03	0034706
03	0034707
03	0034708
03	0034709
03	0034710
03	0034711
03	0034712
03	0034713
03	0034714
03	0034715
03	0034716
03	0034717
03	0034718
03	0034719
03	0034720
03	0034721
03	0034722
03	0034723
03	0034724
03	0034725
03	0034726
03	0034727
03	0034728
03	0034729
03	0034730
03	0034731
03	0034732
03	0034733
03	0034734
03	0034735
03	0034736
03	0034737
03	0034738
03	0034739
03	0034740
03	0034741
03	0034742
03	0034743
03	0034744
03	0034745
03	0034746
03	0034747
03	0034748
03	0034749
03	0034750
03	0034751
03	0034752
03	0034753
03	0034754
03	0034755
03	0034756
03	0034757
03	0034758
03	0034759
03	0034760
03	0034761
03	0034762
03	0034763
03	0034764
03	0034765
03	0034766
03	0034767
03	0034768
03	0034769
03	0034770
03	0034771
03	0034772
03	0034773
03	0034774
03	0034775
03	0034776
03	0034777
03	0034778
03	0034779
03	0034780
03	0034781
03	0034782
03	0034783
03	0034784
03	0034785
03	0034786
03	0034787
03	0034788
03	0034789
03	0034790
03	0034791
03	0034792
03	0034793
03	0034794
03	0034795
03	0034796
03	0034797
03	0034798
03	0034799
03	0034800
03	0034801
03	0034802
03	0034803
03	0034804
03	0034805
03	0034806
03	0034807
03	0034808
03	0034809
03	0034810
03	0034811
03	0034812
03	0034813
03	0034814
03	0034815
03	0034816
03	0034817
03	0034818
03	0034819
03	0034820
03	0034821
03	0034822
03	0034823
03	0034824
03	0034825
03	0034826
03	0034827
03	0034828
03	0034829
03	0034830
03	0034831
03	0034832
03	0034833
03	0034834
03	0034835
03	0034836
03	0034837
03	0034838
03	0034839
03	0034840
03	0034841
03	0034842
03	0034843
03	0034844
03	0034845
03	0034846
03	0034847
03	0034848
03	0034849
03	0034850
03	0034851
03	0034852
03	0034853
03	0034854
03	0034855
03	0034856
03	0034857
03	0034858
03	0034859
03	0034860
03	0034861
03	0034862
03	0034863
03	0034864
03	0034865
03	0034866
03	0034867
03	0034868
03	0034869
03	0034870
03	0034871
03	0034872
03	0034873
03	0034874
03	0034875
03	0034876
03	0034877
03	0034878
03	0034879
03	0034880
03	0034881
03	0034882
03	0034883
03	0034884
03	0034885
03	0034886
03	0034887
03	0034888
03	0034889
03	0034890
03	0034891
03	0034892
03	0034893
03	0034894
03	0034895
03	0034896
03	0034897
03	0034898
03	0034899
03	0034900
03	0034901
03	0034902
03	0034903
03	0034904
03	0034905
03	0034906
03	0034907
03	0034908
03	0034909
03	0034910
03	0034911
03	0034912
03	0034913
03	0034914
03	0034915
03	0034916
03	0034917
03	0034918
03	0034919
03	0034920
03	0034921
03	0034922
03	0034923
03	0034924
03	0034925
03	0034926
03	0034927
03	0034928
03	0034929
03	0034930
03	0034931
03	0034932
03	0034933
03	0034934
03	0034935
03	0034936
03	0034937
03	0034938
03	0034939
03	0034940
03	0034941
03	0034942
03	0034943
03	0034944
03	0034945
03	0034946
03	0034947
03	0034948
03	0034949
03	0034950
03	0034951
03	0034952
03	0034953
03	0034954
03	0034955
03	0034956
03	0034957
03	0034958
03	0034959
03	0034960
03	0034961
03	0034962
03	0034963
03	0034964
03	0034965
03	0034966
03	0034967
03	0034968
03	0034969
03	0034970
03	0034971
03	0034972
03	0034973
03	0034974
03	0034975
03	0034976
03	0034977
03	0034978
03	0034979
03	0034980
03	0034981
03	0034982
03	0034983
03	0034984
03	0034985
03	0034986
03	0034987
03	0034988
03	0034989
03	0034990
03	0034991
03	0034992
03	0034993
03	0034994
03	0034995
03	0034996
03	0034997
03	0034998
03	0034999
03	0035000
03	0035001
03	0035002
03	0035003
03	0035004
03	0035005
03	0035006
03	0035007
03	0035008
03	0035009
03	0035010
03	0035011
03	0035012
03	0035013
03	0035014
03	0035015
03	0035016
03	0035017
03	0035018
03	0035019
03	0035020
03	0035021
03	0035022
03	0035023
03	0035024
03	0035025
03	0035026
03	0035027
03	0035028
03	0035029
03	0035030
03	0035031
03	0035032
03	0035033
03	0035034
03	0035035
03	0035036
03	0035037
03	0035038
03	0035039
03	0035040
03	0035041
03	0035042
03	0035043
03	0035044
03	0035045
03	0035046
03	0035047
03	0035048
03	0035049
03	0035050
03	0035051
03	0035052
03	0035053
03	0035054
03	0035055
03	0035056
03	0035057
03	0035058
03	0035059
03	0035060
03	0035061
03	0035062
03	0035063
03	0035064
03	0035065
03	0035066
03	0035067
03	0035068
03	0035069
03	0035070
03	0035071
03	0035072
03	0035073
03	0035074
03	0035075
03	0035076
03	0035077
03	0035078
03	0035079
03	0035080
03	0035081
03	0035082
03	0035083
03	0035084
03	0035085
03	0035086
03	0035087
03	0035088
03	0035089
03	0035090
03	0035091
03	0035092
03	0035093
03	0035094
03	0035095
03	0035096
03	0035097
03	0035098
03	0035099
03	0035100
03	0035101
03	0035102
03	0035103
03	0035104
03	0035105
03	0035106
03	0035107
03	0035108
03	0035109
03	0035110
03	0035111
03	0035112
03	0035113
03	0035114
03	0035115
03	0035116
03	0035117
03	0035118
03	0035119
03	0035120
03	0035121
03	0035122
03	0035123
03	0035124
03	0035125
03	0035126
03	0035127
03	0035128
03	0035129
03	0035130
03	0035131
03	0035132
03	0035133
03	0035134
03	0035135
03	0035136
03	0035137
03	0035138
03	0035139
03	0035140
03	0035141
03	0035142
03	0035143
03	0035144
03	0035145
03	0035146
03	0035147
03	0035148
03	0035149
03	0035150
03	0035151
03	0035152
03	0035153
03	0035154
03	0035155
03	0035156
03	0035157
03	0035158
03	0035159
03	0035160
03	0035161
03	0035162
03	0035163
03	0035164
03	0035165
03	0035166
03	0035167
03	0035168
03	0035169
03	0035170
03	0035171
03	0035172
03	0035173
03	0035174
03	0035175
03	0035176
03	0035177
03	0035178
03	0035179
03	0035180
03	0035181
03	0035182
03	0035183
03	0035184
03	0035185
03	0035186
03	0035187
03	0035188
03	0035189
03	0035190
03	0035191
03	0035192
03	0035193
03	0035194
03	0035195
03	0035196
03	0035197
03	0035198
03	0035199
03	0035200
03	0035201
03	0035202
03	0035203
03	0035204
03	0035205
03	0035206
03	0035207
03	0035208
03	0035209
03	0035210
03	0035211
03	0035212
03	0035213
03	0035214
03	0035215
03	0035216
03	0035217
03	0035218
03	0035219
03	0035220
03	0035221
03	0035222
03	0035223
03	0035224
03	0035225
03	0035226
03	0035227
03	0035228
03	0035229
03	0035230
03	0035231
03	0035232
03	0035233
03	0035234
03	0035235
03	0035236
03	0035237
03	0035238
03	0035239
03	0035240
03	0035241
03	0035242
03	0035243
03	0035244
03	0035245
03	0035246
03	0035247
03	0035248
03	0035249
03	0035250
03	0035251
03	0035252
03	0035253
03	0035254
03	0035255
03	0035256
03	0035257
03	0035258
03	0035259
03	0035260
03	0035261
03	0035262
03	0035263
03	0035264
03	0035265
03	0035266
03	0035267
03	0035268
03	0035269
03	0035270
03	0035271
03	0035272
03	0035273
03	0035274
03	0035275
03	0035276
03	0035277
03	0035278
03	0035279
03	0035280
03	0035281
03	0035282
03	0035283
03	0035284
03	0035285
03	0035286
03	0035287
03	0035288
03	0035289
03	0035290
03	0035291
03	0035292
03	0035293
03	0035294
03	0035295
03	0035296
03	0035297
03	0035298
03	0035299
03	0035300
03	0035301
03	0035302
03	0035303
03	0035304
03	0035305
03	0035306
03	0035307
03	0035308
03	0035309
03	0035310
03	0035311
03	0035312
03	0035313
03	0035314
03	0035315
03	0035316
03	0035317
03	0035318
03	0035319
03	0035320
03	0035321
03	0035322
03	0035323
03	0035324
03	0035325
03	0035326
03	0035327
03	0035328
03	0035329
03	0035330
03	0035331
03	0035332
03	0035333
03	0035334
03	0035335
03	0035336
03	0035337
03	0035338
03	0035339
03	0035340
03	0035341
03	0035342
03	0035343
03	0035344
03	0035345
03	0035346
03	0035347
03	0035348
03	0035349
03	0035350
03	0035351
03	0035352
03	0035353
03	0035354
03	0035355
03	0035356
03	0035357
03	0035358
03	0035359
03	0035360
03	0035361
03	0035362
03	0035363
03	0035364
03	0035365
03	0035366
03	0035367
03	0035368
03	0035369
03	0035370
03	0035371
03	0035372
03	0035373
03	0035374
03	0035375
03	0035376
03	0035377
03	0035378
03	0035379
03	0035380
03	0035381
03	0035382
03	0035383
03	0035384
03	0035385
03	0035386
03	0035387
03	0035388
03	0035389
03	0035390
03	0035391
03	0035392
03	0035393
03	0035394
03	0035395
03	0035396
03	0035397
03	0035398
03	0035399
03	0035400
03	0035401
03	0035402
03	0035403
03	0035404
03	0035405
03	0035406
03	0035407
03	0035408
03	0035409
03	0035410
03	0035411
03	0035412
03	0035413
03	0035414
03	0035415
03	0035416
03	0035417
03	0035418
03	0035419
03	0035420
03	0035421
03	0035422
03	0035423
03	0035424
03	0035425
03	0035426
03	0035427
03	0035428
03	0035429
03	0035430
03	0035431
03	0035432
03	0035433
03	0035434
03	0035435
03	0035436
03	0035437
03	0035438
03	0035439
03	0035440
03	0035441
03	0035442
03	0035443
03	0035444
03	0035445
03	0035446
03	0035447
03	0035448
03	0035449
03	0035450
03	0035451
03	0035452
03	0035453
03	0035454
03	0035455
03	0035456
03	0035457
03	0035458
03	0035459
03	0035460
03	0035461
03	0035462
03	0035463
03	0035464
03	0035465
03	0035466
03	0035467
03	0035468
03	0035469
03	0035470
03	0035471
03	0035472
03	0035473
03	0035474
03	0035475
03	0035476
03	0035477
03	0035478
03	0035479
03	0035480
03	0035481
03	0035482
03	0035483
03	0035484
03	0035485
03	0035486
03	0035487
03	0035488
03	0035489
03	0035490
03	0035491
03	0035492
03	0035493
03	0035494
03	0035495
03	0035496
03	0035497
03	0035498
03	0035499
03	0035500
03	0035501
03	0035502
03	0035503
03	0035504
03	0035505
03	0035506
03	0035507
03	0035508
03	0035509
03	0035510
03	0035511
03	0035512
03	0035513
03	0035514
03	0035515
03	0035516
03	0035517
03	0035518
03	0035519
03	0035520
03	0035521
03	0035522
03	0035523
03	0035524
03	0035525
03	0035526
03	0035527
03	0035528
03	0035529
03	0035530
03	0035531
03	0035532
03	0035533
03	0035534
03	0035535
03	0035536
03	0035537
03	0035538
03	0035539
03	0035540
03	0035541
03	0035542
03	0035543
03	0035544
03	0035545
03	0035546
03	0035547
03	0035548
03	0035549
03	0035550
03	0035551
03	0035552
03	0035553
03	0035554
03	0035555
03	0035556
03	0035557
03	0035558
03	0035559
03	0035560
03	0035561
03	0035562
03	0035563
03	0035564
03	0035565
03	0035566
03	0035567
03	0035568
03	0035569
03	0035570
03	0035571
03	0035572
03	0035573
03	0035574
03	0035575
03	0035576
03	0035577
03	0035578
03	0035579
03	0035580
03	0035581
03	0035582
03	0035583
03	0035584
03	0035585
03	0035586
03	0035587
03	0035588
03	0035589
03	0035590
03	0035591
03	0035592
03	0035593
03	0035594
03	0035595
03	0035596
03	0035597
03	0035598
03	0035599
03	0035600
03	0035601
03	0035602
03	0035603
03	0035604
03	0035605
03	0035606
03	0035607
03	0035608
03	0035609
03	0035610
03	0035611
03	0035612
03	0035613
03	0035614
03	0035615
03	0035616
03	0035617
03	0035618
03	0035619
03	0035620
03	0035621
03	0035622
03	0035623
03	0035624
03	0035625
03	0035626
03	0035627
03	0035628
03	0035629
03	0035630
03	0035631
03	0035632
03	0035633
03	0035634
03	0035635
03	0035636
03	0035637
03	0035638
03	0035639
03	0035640
03	0035641
03	0035642
03	0035643
03	0035644
03	0035645
03	0035646
03	0035647
03	0035648
03	0035649
03	0035650
03	0035651
03	0035652
03	0035653
03	0035654
03	0035655
03	0035656
03	0035657
03	0035658
03	0035659
03	0035660
03	0035661
03	0035662
03	0035663
03	0035664
03	0035665
03	0035666
03	0035667
03	0035668
03	0035669
03	0035670
03	0035671
03	0035672
03	0035673
03	0035674
03	0035675
03	0035676
03	0035677
03	0035678
03	0035679
03	0035680
03	0035681
03	0035682
03	0035683
03	0035684
03	0035685
03	0035686
03	0035687
03	0035688
03	0035689
03	0035690
03	0035691
03	0035692
03	0035693
03	0035694
03	0035695
03	0035696
03	0035697
03	0035698
03	0035699
03	0035700
03	0035701
03	0035702
03	0035703
03	0035704
03	0035705
03	0035706
03	0035707
03	0035708
03	0035709
03	0035710
03	0035711
03	0035712
03	0035713
03	0035714
03	0035715
03	0035716
03	0035717
03	0035718
03	0035719
03	0035720
03	0035721
03	0035722
03	0035723
03	0035724
03	0035725
03	0035726
03	0035727
03	0035728
03	0035729
03	0035730
03	0035731
03	0035732
03	0035733
03	0035734
03	0035735
03	0035736
03	0035737
03	0035738
03	0035739
03	0035740
03	0035741
03	0035742
03	0035743
03	0035744
03	0035745
03	0035746
03	0035747
03	0035748
03	0035749
03	0035750
03	0035751
03	0035752
03	0035753
03	0035754
03	0035755
03	0035756
03	0035757
03	0035758
03	0035759
03	0035760
03	0035761
03	0035762
03	0035763
03	0035764
03	0035765
03	0035766
03	0035767
03	0035768
03	0035769
03	0035770
03	0035771
03	0035772
03	0035773
03	0035774
03	0035775
03	0035776
03	0035777
03	0035778
03	0035779
03	0035780
03	0035781
03	0035782
03	0035783
03	0035784
03	0035785
03	0035786
03	0035787
03	0035788
03	0035789
03	0035790
03	0035791
03	0035792
03	0035793
03	0035794
03	0035795
03	0035796
03	0035797
03	0035798
03	0035799
03	0035800
03	0035801
03	0035802
03	0035803
03	0035804
03	0035805
03	0035806
03	0035807
03	0035808
03	0035809
03	0035810
03	0035811
03	0035812
03	0035813
03	0035814
03	0035815
03	0035816
03	0035817
03	0035818
03	0035819
03	0035820
03	0035821
03	0035822
03	0035823
03	0035824
03	0035825
03	0035826
03	0035827
03	0035828
03	0035829
03	0035830
03	0035831
03	0035832
03	0035833
03	0035834
03	0035835
03	0035836
03	0035837
03	0035838
03	0035839
03	0035840
03	0035841
03	0035842
03	0035843
03	0035844
03	0035845
03	0035846
03	0035847
03	0035848
03	0035849
03	0035850
03	0035851
03	0035852
03	0035853
03	0035854
03	0035856
03	0035857
03	0035858
03	0035859
03	0035860
03	0035861
03	0035862
03	0035863
03	0035864
03	0035865
03	0035866
03	0035867
03	0035868
03	0035869
03	0035870
03	0035871
03	0035872
03	0035873
03	0035874
03	0035875
03	0035876
03	0035877
03	0035878
03	0035879
03	0035880
03	0035881
03	0035882
03	0035883
03	0035884
03	0035885
03	0035886
03	0035887
03	0035888
03	0035889
03	0035890
03	0035891
03	0035892
03	0035893
03	0035894
03	0035895
03	0035896
03	0035897
03	0035898
03	0035899
03	0035900
03	0035901
03	0035902
03	0035903
03	0035904
03	0035905
03	0035906
03	0035907
03	0035908
03	0035909
03	0035910
03	0035911
03	0035912
03	0035913
03	0035914
03	0035915
03	0035916
03	0035917
03	0035918
03	0035919
03	0035920
03	0035921
03	0035922
03	0035923
03	0035924
03	0035925
03	0035926
03	0035927
03	0035928
03	0035929
03	0035930
03	0035931
03	0035932
03	0035933
03	0035934
03	0035935
03	0035936
03	0035937
03	0035938
03	0035939
03	0035940
03	0035941
03	0035942
03	0035943
03	0035944
03	0035945
03	0035946
03	0035947
03	0035948
03	0035949
03	0035950
03	0035951
03	0035952
03	0035953
03	0035954
03	0035955
03	0035956
03	0035957
03	0035958
03	0035959
03	0035960
03	0035961
03	0035962
03	0035963
03	0035964
03	0035965
03	0035966
03	0035967
03	0035968
03	0035969
03	0035970
03	0035971
03	0035972
03	0035973
03	0035974
03	0035975
03	0035976
03	0035977
03	0035978
03	0035979
03	0035980
03	0035981
03	0035982
03	0035983
03	0035984
03	0035985
03	0035986
03	0035987
03	0035988
03	0035989
03	0035990
03	0035991
03	0035992
03	0035993
03	0035994
03	0035995
03	0035996
03	0035997
03	0035998
03	0035999
03	0036000
03	0036001
03	0036002
03	0036003
03	0036004
03	0036005
03	0036006
03	0036007
03	0036008
03	0036009
03	0036010
03	0036011
03	0036012
03	0036013
03	0036014
03	0036015
03	0036016
03	0036017
03	0036018
03	0036019
03	0036020
03	0036021
03	0036022
03	0036023
03	0036024
03	0036025
03	0036026
03	0036027
03	0036028
03	0036029
03	0036030
03	0036031
03	0036032
03	0036033
03	0036034
03	0036035
03	0036036
03	0036037
03	0036038
03	0036039
03	0036040
03	0036041
03	0036042
03	0036043
03	0036044
03	0036045
03	0036046
03	0036047
03	0036048
03	0036049
03	0036050
03	0036051
03	0036052
03	0036053
03	0036054
03	0036055
03	0036056
03	0036057
03	0036058
03	0036059
03	0036060
03	0036061
03	0036062
03	0036063
03	0036064
03	0036065
03	0036066
03	0036067
03	0036068
03	0036069
03	0036070
03	0036071
03	0036072
03	0036073
03	0036074
03	0036075
03	0036076
03	0036077
03	0036078
03	0036079
03	0036080
03	0036081
03	0036082
03	0036083
03	0036084
03	0036085
03	0036086
03	0036087
03	0036088
03	0036089
03	0036090
03	0036091
03	0036092
03	0036093
03	0036094
03	0036095
03	0036096
03	0036097
03	0036098
03	0036099
03	0036100
03	0036101
03	0036102
03	0036103
03	0036104
03	0036105
03	0036106
03	0036107
03	0036108
03	0036109
03	0036110
03	0036111
03	0036112
03	0036113
03	0036114
03	0036115
03	0036116
03	0036117
03	0036118
03	0036119
03	0036120
03	0036121
03	0036122
03	0036123
03	0036124
03	0036125
03	0036126
03	0036127
03	0036128
03	0036129
03	0036130
03	0036131
03	0036132
03	0036133
03	0036134
03	0036135
03	0036136
03	0036137
03	0036138
03	0036139
03	0036140
03	0036141
03	0036142
03	0036143
03	0036144
03	0036145
03	0036146
03	0036147
03	0036148
03	0036149
03	0036150
03	0036151
03	0036152
03	0036153
03	0036154
03	0036155
03	0036156
03	0036157
03	0036158
03	0036159
03	0036160
03	0036161
03	0036162
03	0036163
03	0036164
03	0036165
03	0036166
03	0036167
03	0036168
03	0036169
03	0036170
03	0036171
03	0036172
03	0036173
03	0036174
03	0036175
03	0036176
03	0036177
03	0036178
03	0036179
03	0036180
03	0036181
03	0036182
03	0036183
03	0036184
03	0036185
03	0036186
03	0036187
03	0036188
03	0036189
03	0036190
03	0036191
03	0036192
03	0036193
03	0036194
03	0036195
03	0036196
03	0036197
03	0036198
03	0036199
03	0036200
03	0036201
03	0036202
03	0036203
03	0036204
03	0036205
03	0036206
03	0036207
03	0036208
03	0036209
03	0036210
03	0036211
03	0036212
03	0036213
03	0036214
03	0036215
03	0036216
03	0036217
03	0036218
03	0036219
03	0036220
03	0036221
03	0036222
03	0036223
03	0036224
03	0036225
03	0036226
03	0036227
03	0036228
03	0036229
03	0036230
03	0036231
03	0036232
03	0036233
03	0036234
03	0036235
03	0036236
03	0036237
03	0036238
03	0036239
03	0036240
03	0036241
03	0036242
03	0036243
03	0036244
03	0036245
03	0036246
03	0036247
03	0036248
03	0036249
03	0036250
03	0036251
03	0036252
03	0036253
03	0036254
03	0036255
03	0036256
03	0036257
03	0036258
03	0036259
03	0036260
03	0036261
03	0036262
03	0036263
03	0036264
03	0036265
03	0036266
03	0036267
03	0036268
03	0036269
03	0036270
03	0036271
03	0036272
03	0036273
03	0036274
03	0036275
03	0036276
03	0036277
03	0036278
03	0036279
03	0036280
03	0036281
03	0036282
03	0036283
03	0036284
03	0036285
03	0036286
03	0036287
03	0036288
03	0036289
03	0036290
03	0036291
03	0036292
03	0036293
03	0036294
03	0036295
03	0036296
03	0036297
03	0036298
03	0036299
03	0036300
03	0036301
03	0036302
03	0036303
03	0036304
03	0036305
03	0036306
03	0036307
03	0036308
03	0036309
03	0036310
03	0036311
03	0036312
03	0036313
03	0036314
03	0036315
03	0036316
03	0036317
03	0036318
03	0036319
03	0036320
03	0036321
03	0036322
03	0036323
03	0036324
03	0036325
03	0036326
03	0036327
03	0036328
03	0036329
03	0036330
03	0036331
03	0036332
03	0036333
03	0036334
03	0036335
03	0036336
03	0036337
03	0036338
03	0036339
03	0036340
03	0036341
03	0036342
03	0036343
03	0036344
03	0036345
03	0036346
03	0036347
03	0036348
03	0036349
03	0036350
03	0036351
03	0036352
03	0036353
03	0036354
03	0036355
03	0036356
03	0036357
03	0036358
03	0036359
03	0036360
03	0036361
03	0036362
03	0036363
03	0036364
03	0036365
03	0036366
03	0036367
03	0036368
03	0036369
03	0036370
03	0036371
03	0036372
03	0036373
03	0036374
03	0036375
03	0036376
03	0036377
03	0036378
03	0036379
03	0036380
03	0036381
03	0036382
03	0036383
03	0036384
03	0036385
03	0036386
03	0036387
03	0036388
03	0036389
03	0036390
03	0036391
03	0036392
03	0036393
03	0036394
03	0036395
03	0036396
03	0036397
03	0036398
03	0036399
03	0036400
03	0036401
03	0036402
03	0036403
03	0036404
03	0036405
03	0036406
03	0036407
03	0036408
03	0036409
03	0036410
03	0036411
03	0036412
03	0036413
03	0036414
03	0036415
03	0036416
03	0036417
03	0036418
03	0036419
03	0036420
03	0036421
03	0036422
03	0036423
03	0036424
03	0036425
03	0036426
03	0036427
03	0036428
03	0036429
03	0036430
03	0036431
03	0036432
03	0036433
03	0036434
03	0036435
03	0036436
03	0036437
03	0036438
03	0036439
03	0036440
03	0036441
03	0036442
03	0036443
03	0036444
03	0036445
03	0036446
03	0036447
03	0036448
03	0036449
03	0036450
03	0036451
03	0036452
03	0036453
03	0036454
03	0036455
03	0036456
03	0036457
03	0036458
03	0036459
03	0036460
03	0036461
03	0036462
03	0036463
03	0036464
03	0036465
03	0036466
03	0036467
03	0036468
03	0036469
03	0036470
03	0036471
03	0036472
03	0036473
03	0036474
03	0036475
03	0036476
03	0036477
03	0036478
03	0036479
03	0036480
03	0036481
03	0036482
03	0036483
03	0036484
03	0036485
03	0036486
03	0036487
03	0036488
03	0036489
03	0036490
03	0036491
03	0036492
03	0036493
03	0036494
03	0036495
03	0036496
03	0036497
03	0036498
03	0036499
03	0036500
03	0036501
03	0036502
03	0036503
03	0036504
03	0036505
03	0036506
03	0036507
03	0036508
03	0036509
03	0036510
03	0036511
03	0036512
03	0036513
03	0036514
03	0036515
03	0036516
03	0036517
03	0036518
03	0036519
03	0036520
03	0036521
03	0036522
03	0036523
03	0036524
03	0036525
03	0036526
03	0036527
03	0036528
03	0036529
03	0036530
03	0036531
03	0036532
03	0036533
03	0036534
03	0036535
03	0036536
03	0036537
03	0036538
03	0036539
03	0036540
03	0036541
03	0036542
03	0036543
03	0036544
03	0036545
03	0036546
03	0036547
03	0036548
03	0036549
03	0036550
03	0036551
03	0036552
03	0036553
03	0036554
03	0036555
03	0036556
03	0036557
03	0036558
03	0036559
03	0036560
03	0036561
03	0036562
03	0036563
03	0036564
03	0036565
03	0036566
03	0036567
03	0036568
03	0036569
03	0036570
03	0036571
03	0036572
03	0036573
03	0036574
03	0036575
03	0036576
03	0036577
03	0036578
03	0036579
03	0036580
03	0036581
03	0036582
03	0036583
03	0036584
03	0036585
03	0036586
03	0036587
03	0036588
03	0036589
03	0036590
03	0036591
03	0036592
03	0036593
03	0036594
03	0036595
03	0036596
03	0036597
03	0036598
03	0036599
03	0036600
03	0036601
03	0036602
03	0036603
03	0036604
03	0036605
03	0036606
03	0036607
03	0036608
03	0036609
03	0036610
03	0036611
03	0036612
03	0036613
03	0036614
03	0036615
03	0036616
03	0036617
03	0036618
03	0036619
03	0036620
03	0036621
03	0036622
03	0036623
03	0036624
03	0036625
03	0036626
03	0036627
03	0036628
03	0036629
03	0036630
03	0036631
03	0036632
03	0036633
03	0036634
03	0036635
03	0036636
03	0036637
03	0036638
03	0036639
03	0036640
03	0036641
03	0036642
03	0036643
03	0036644
03	0036645
03	0036646
03	0036647
03	0036648
03	0036649
03	0036650
03	0036651
03	0036652
03	0036653
03	0036654
03	0036655
03	0036656
03	0036657
03	0036658
03	0036659
03	0036660
03	0036661
03	0036662
03	0036663
03	0036664
03	0036665
03	0036666
03	0036667
03	0036668
03	0036669
03	0036670
03	0036671
03	0036672
03	0036673
03	0036674
03	0036675
03	0036677
03	0036678
03	0036679
03	0036680
03	0036681
03	0036682
03	0036683
03	0036684
03	0036685
03	0036686
03	0036687
03	0036688
03	0036689
03	0036690
03	0036691
03	0036692
03	0036693
03	0036694
03	0036695
03	0036696
03	0036697
03	0036698
03	0036699
03	0036700
03	0036701
03	0036702
03	0036703
03	0036704
03	0036705
03	0036706
03	0036707
03	0036708
03	0036709
03	0036710
03	0036711
03	0036712
03	0036713
03	0036714
03	0036715
03	0036716
03	0036717
03	0036718
03	0036719
03	0036720
03	0036721
03	0036722
03	0036723
03	0036724
03	0036725
03	0036726
03	0036727
03	0036728
03	0036729
03	0036730
03	0036731
03	0036732
03	0036733
03	0036734
03	0036735
03	0036736
03	0036737
03	0036738
03	0036739
03	0036740
03	0036741
03	0036742
03	0036743
03	0036744
03	0036745
03	0036746
03	0036747
03	0036748
03	0036749
03	0036750
03	0036751
03	0036752
03	0036753
03	0036754
03	0036755
03	0036756
03	0036757
03	0036758
03	0036759
03	0036760
03	0036761
03	0036762
03	0036763
03	0036764
03	0036765
03	0036766
03	0036767
03	0036768
03	0036769
03	0036770
03	0036771
03	0036772
03	0036773
03	0036774
03	0036775
03	0036776
03	0036777
03	0036778
03	0036779
03	0036780
03	0036781
03	0036782
03	0036783
03	0036784
03	0036785
03	0036786
03	0036787
03	0036788
03	0036789
03	0036790
03	0036791
03	0036792
03	0036793
03	0036794
03	0036795
03	0036796
03	0036797
03	0036798
03	0036799
03	0036800
03	0036801
03	0036802
03	0036803
03	0036804
03	0036805
03	0036806
03	0036807
03	0036808
03	0036809
03	0036810
03	0036811
03	0036812
03	0036813
03	0036814
03	0036815
03	0036816
03	0036817
03	0036818
03	0036819
03	0036820
03	0036821
03	0036822
03	0036823
03	0036824
03	0036825
03	0036826
03	0036827
03	0036828
03	0036829
03	0036830
03	0036831
03	0036832
03	0036833
03	0036834
03	0036835
03	0036836
03	0036837
03	0036838
03	0036839
03	0036840
03	0036841
03	0036842
03	0036843
03	0036844
03	0036845
03	0036846
03	0036847
03	0036848
03	0036849
03	0036850
03	0036851
03	0036852
03	0036853
03	0036854
03	0036855
03	0036856
03	0036857
03	0036858
03	0036859
03	0036860
03	0036861
03	0036862
03	0036863
03	0036864
03	0036865
03	0036866
03	0036867
03	0036868
03	0036869
03	0036870
03	0036871
03	0036872
03	0036873
03	0036874
03	0036875
03	0036876
03	0036877
03	0036878
03	0036879
03	0036880
03	0036881
03	0036882
03	0036883
03	0036884
03	0036885
03	0036886
03	0036887
03	0036888
03	0036889
03	0036890
03	0036891
03	0036892
03	0036893
03	0036894
03	0036895
03	0036896
03	0036897
03	0036898
03	0036899
03	0036900
03	0036901
03	0036902
03	0036903
03	0036904
03	0036905
03	0036906
03	0036907
03	0036908
03	0036909
03	0036910
03	0036911
03	0036912
03	0036913
03	0036914
03	0036915
03	0036916
03	0036917
03	0036918
03	0036919
03	0036920
03	0036921
03	0036922
03	0036923
03	0036924
03	0036925
03	0036926
03	0036927
03	0036928
03	0036929
03	0036930
03	0036931
03	0036932
03	0036933
03	0036934
03	0036935
03	0036936
03	0036937
03	0036938
03	0036939
03	0036940
03	0036941
03	0036942
03	0036943
03	0036944
03	0036945
03	0036946
03	0036947
03	0036948
03	0036949
03	0036950
03	0036951
03	0036952
03	0036953
03	0036954
03	0036955
03	0036956
03	0036957
03	0036958
03	0036959
03	0036960
03	0036961
03	0036962
03	0036963
03	0036964
03	0036965
03	0036966
03	0036967
03	0036968
03	0036969
03	0036970
03	0036971
03	0036972
03	0036973
03	0036974
03	0036975
03	0036976
03	0036977
03	0036978
03	0036979
03	0036980
03	0036981
03	0036982
03	0036983
03	0036984
03	0036985
03	0036986
03	0036987
03	0036988
03	0036989
03	0036990
03	0036991
03	0036992
03	0036993
03	0036994
03	0036995
03	0036996
03	0036997
03	0036998
03	0036999
03	0037000
03	0037001
03	0037002
03	0037003
03	0037004
03	0037005
03	0037006
03	0037007
03	0037008
03	0037009
03	0037010
03	0037011
03	0037012
03	0037013
03	0037014
03	0037015
03	0037016
03	0037017
03	0037018
03	0037019
03	0037020
03	0037021
03	0037022
03	0037023
03	0037024
03	0037025
03	0037026
03	0037027
03	0037028
03	0037029
03	0037030
03	0037031
03	0037032
03	0037033
03	0037034
03	0037035
03	0037036
03	0037037
03	0037038
03	0037039
03	0037040
03	0037041
03	0037042
03	0037043
03	0037044
03	0037045
03	0037046
03	0037047
03	0037048
03	0037049
03	0037050
03	0037051
03	0037052
03	0037053
03	0037054
03	0037055
03	0037056
03	0037057
03	0037058
03	0037059
03	0037060
03	0037061
03	0037062
03	0037063
03	0037064
03	0037065
03	0037066
03	0037067
03	0037068
03	0037069
03	0037070
03	0037071
03	0037072
03	0037073
03	0037074
03	0037075
03	0037076
03	0037077
03	0037078
03	0037079
03	0037080
03	0037081
03	0037082
03	0037083
03	0037084
03	0037085
03	0037086
03	0037087
03	0037088
03	0037089
03	0037090
03	0037091
03	0037092
03	0037093
03	0037094
03	0037095
03	0037096
03	0037097
03	0037098
03	0037099
03	0037100
03	0037101
03	0037102
03	0037103
03	0037104
03	0037105
03	0037106
03	0037107
03	0037108
03	0037109
03	0037110
03	0037111
03	0037112
03	0037113
03	0037114
03	0037115
03	0037116
03	0037117
03	0037118
03	0037119
03	0037120
03	0037121
03	0037122
03	0037123
03	0037124
03	0037125
03	0037126
03	0037127
03	0037128
03	0037129
03	0037130
03	0037131
03	0037132
03	0037133
03	0037134
03	0037135
03	0037136
03	0037137
03	0037138
03	0037139
03	0037140
03	0037141
03	0037142
03	0037143
03	0037144
03	0037145
03	0037146
03	0037147
03	0037148
03	0037149
03	0037150
03	0037151
03	0037152
03	0037153
03	0037154
03	0037155
03	0037156
03	0037157
03	0037158
03	0037159
03	0037160
03	0037161
03	0037162
03	0037163
03	0037164
03	0037165
03	0037166
03	0037167
03	0037168
03	0037169
03	0037170
03	0037171
03	0037172
03	0037173
03	0037174
03	0037175
03	0037176
03	0037177
03	0037178
03	0037179
03	0037180
03	0037181
03	0037182
03	0037183
03	0037184
03	0037185
03	0037186
03	0037187
03	0037188
03	0037189
03	0037190
03	0037191
03	0037192
03	0037193
03	0037194
03	0037195
03	0037196
03	0037197
03	0037198
03	0037199
03	0037200
03	0037201
03	0037202
03	0037203
03	0037204
03	0037205
03	0037206
03	0037207
03	0037208
03	0037209
03	0037210
03	0037211
03	0037212
03	0037213
03	0037214
03	0037215
03	0037216
03	0037217
03	0037218
03	0037219
03	0037220
03	0037221
03	0037222
03	0037223
03	0037224
03	0037225
03	0037226
03	0037227
03	0037228
03	0037229
03	0037230
03	0037231
03	0037232
03	0037233
03	0037234
03	0037235
03	0037236
03	0037237
03	0037238
03	0037240
03	0037241
03	0037242
03	0037243
03	0037244
03	0037245
03	0037246
03	0037247
03	0037248
03	0037249
03	0037250
03	0037251
03	0037252
03	0037253
03	0037254
03	0037255
03	0037256
03	0037257
03	0037258
03	0037259
03	0037260
03	0037261
03	0037262
03	0037263
03	0037264
03	0037265
03	0037266
03	0037267
03	0037268
03	0037269
03	0037270
03	0037271
03	0037272
03	0037273
03	0037274
03	0037275
03	0037276
03	0037277
03	0037278
03	0037279
03	0037280
03	0037281
03	0037282
03	0037283
03	0037284
03	0037285
03	0037286
03	0037287
03	0037288
03	0037289
03	0037290
03	0037291
03	0037292
03	0037293
03	0037294
03	0037295
03	0037296
03	0037297
03	0037298
03	0037299
03	0037300
03	0037301
03	0037302
03	0037303
03	0037304
03	0037305
03	0037306
03	0037307
03	0037308
03	0037309
03	0037310
03	0037311
03	0037312
03	0037313
03	0037314
03	0037315
03	0037316
03	0037317
03	0037318
03	0037319
03	0037320
03	0037321
03	0037322
03	0037323
03	0037324
03	0037325
03	0037326
03	0037327
03	0037328
03	0037329
03	0037330
03	0037331
03	0037332
03	0037333
03	0037334
03	0037335
03	0037336
03	0037337
03	0037338
03	0037339
03	0037340
03	0037341
03	0037342
03	0037343
03	0037344
03	0037345
03	0037346
03	0037347
03	0037348
03	0037349
03	0037350
03	0037351
03	0037352
03	0037353
03	0037354
03	0037355
03	0037356
03	0037357
03	0037358
03	0037359
03	0037360
03	0037361
03	0037362
03	0037363
03	0037364
03	0037365
03	0037366
03	0037367
03	0037368
03	0037370
03	0037371
03	0037372
03	0037373
03	0037374
03	0037375
03	0037376
03	0037377
03	0037378
03	0037379
03	0037380
03	0037381
03	0037382
03	0037383
03	0037384
03	0037385
03	0037386
03	0037387
03	0037388
03	0037389
03	0037390
03	0037391
03	0037392
03	0037393
03	0037394
03	0037395
03	0037396
03	0037397
03	0037398
03	0037399
03	0037400
03	0037401
03	0037402
03	0037403
03	0037404
03	0037405
03	0037406
03	0037407
03	0037408
03	0037409
03	0037410
03	0037411
03	0037412
03	0037413
03	0037414
03	0037415
03	0037416
03	0037417
03	0037418
03	0037419
03	0037420
03	0037421
03	0037422
03	0037423
03	0037424
03	0037425
03	0037426
03	0037427
03	0037428
03	0037429
03	0037430
03	0037431
03	0037432
03	0037433
03	0037434
03	0037435
03	0037436
03	0037437
03	0037438
03	0037439
03	0037440
03	0037441
03	0037442
03	0037443
03	0037444
03	0037445
03	0037446
03	0037447
03	0037448
03	0037449
03	0037450
03	0037451
03	0037452
03	0037453
03	0037454
03	0037455
03	0037456
03	0037457
03	0037458
03	0037459
03	0037460
03	0037461
03	0037462
03	0037463
03	0037464
03	0037465
03	0037466
03	0037467
03	0037468
03	0037469
03	0037470
03	0037471
03	0037472
03	0037473
03	0037474
03	0037475
03	0037476
03	0037477
03	0037478
03	0037479
03	0037480
03	0037481
03	0037482
03	0037483
03	0037484
03	0037485
03	0037486
03	0037487
03	0037488
03	0037489
03	0037490
03	0037491
03	0037492
03	0037493
03	0037494
03	0037495
03	0037496
03	0037497
03	0037498
03	0037499
03	0037500
03	0037501
03	0037502
03	0037503
03	0037504
03	0037505
03	0037506
03	0037507
03	0037508
03	0037509
03	0037510
03	0037511
03	0037512
03	0037513
03	0037514
03	0037515
03	0037516
03	0037517
03	0037518
03	0037519
03	0037520
03	0037521
03	0037522
03	0037523
03	0037524
03	0037525
03	0037526
03	0037527
03	0037528
03	0037529
03	0037530
03	0037531
03	0037532
03	0037533
03	0037534
03	0037535
03	0037536
03	0037537
03	0037538
03	0037539
03	0037540
03	0037541
03	0037542
03	0037543
03	0037544
03	0037545
03	0037546
03	0037547
03	0037548
03	0037549
03	0037550
03	0037551
03	0037552
03	0037553
03	0037554
03	0037555
03	0037556
03	0037557
03	0037558
03	0037559
03	0037560
03	0037561
03	0037562
03	0037563
03	0037564
03	0037565
03	0037566
03	0037567
03	0037568
03	0037569
03	0037570
03	0037571
03	0037572
03	0037573
03	0037574
03	0037575
03	0037576
03	0037577
03	0037578
03	0037579
03	0037580
03	0037581
03	0037582
03	0037583
03	0037584
03	0037585
03	0037586
03	0037587
03	0037588
03	0037589
03	0037590
03	0037591
03	0037592
03	0037593
03	0037594
03	0037595
03	0037596
03	0037597
03	0037598
03	0037599
03	0037600
03	0037601
03	0037602
03	0037603
03	0037604
03	0037605
03	0037606
03	0037607
03	0037608
03	0037609
03	0037610
03	0037611
03	0037612
03	0037613
03	0037614
03	0037615
03	0037616
03	0037617
03	0037618
03	0037619
03	0037620
03	0037621
03	0037622
03	0037623
03	0037624
03	0037625
03	0037626
03	0037627
03	0037628
03	0037629
03	0037630
03	0037631
03	0037632
03	0037633
03	0037634
03	0037635
03	0037636
03	0037637
03	0037638
03	0037639
03	0037640
03	0037641
03	0037642
03	0037643
03	0037644
03	0037645
03	0037646
03	0037647
03	0037648
03	0037649
03	0037650
03	0037651
03	0037652
03	0037653
03	0037654
03	0037655
03	0037656
03	0037657
03	0037658
03	0037659
03	0037660
03	0037661
03	0037662
03	0037663
03	0037664
03	0037665
03	0037666
03	0037667
03	0037668
03	0037669
03	0037670
03	0037671
03	0037672
03	0037673
03	0037674
03	0037675
03	0037676
03	0037677
03	0037678
03	0037679
03	0037680
03	0037681
03	0037682
03	0037683
03	0037684
03	0037685
03	0037686
03	0037687
03	0037688
03	0037689
03	0037690
03	0037691
03	0037692
03	0037693
03	0037694
03	0037695
03	0037696
03	0037697
03	0037698
03	0037699
03	0037700
03	0037701
03	0037702
03	0037703
03	0037704
03	0037705
03	0037706
03	0037707
03	0037708
03	0037709
03	0037710
03	0037711
03	0037712
03	0037713
03	0037714
03	0037715
03	0037716
03	0037717
03	0037718
03	0037719
03	0037720
03	0037721
03	0037722
03	0037723
03	0037724
03	0037725
03	0037726
03	0037727
03	0037728
03	0037729
03	0037730
03	0037731
03	0037732
03	0037733
03	0037734
03	0037735
03	0037736
03	0037737
03	0037738
03	0037739
03	0037740
03	0037741
03	0037742
03	0037743
03	0037744
03	0037745
03	0037746
03	0037747
03	0037748
03	0037749
03	0037750
03	0037751
03	0037752
03	0037753
03	0037754
03	0037755
03	0037756
03	0037757
03	0037758
03	0037759
03	0037760
03	0037761
03	0037762
03	0037763
03	0037764
03	0037765
03	0037766
03	0037767
03	0037768
03	0037769
03	0037770
03	0037771
03	0037772
03	0037773
03	0037774
03	0037775
03	0037776
03	0037777
03	0037778
03	0037779
03	0037780
03	0037781
03	0037782
03	0037783
03	0037784
03	0037785
03	0037786
03	0037787
03	0037788
03	0037789
03	0037790
03	0037791
03	0037792
03	0037793
03	0037794
03	0037795
03	0037796
03	0037797
03	0037798
03	0037799
03	0037800
03	0037801
03	0037802
03	0037803
03	0037804
03	0037805
03	0037806
03	0037807
03	0037808
03	0037809
03	0037810
03	0037811
03	0037812
03	0037813
03	0037814
03	0037815
03	0037816
03	0037817
03	0037818
03	0037819
03	0037820
03	0037821
03	0037822
03	0037823
03	0037824
03	0037825
03	0037826
03	0037827
03	0037828
03	0037829
03	0037830
03	0037831
03	0037832
03	0037833
03	0037834
03	0037835
03	0037836
03	0037837
03	0037838
03	0037839
03	0037840
03	0037841
03	0037842
03	0037843
03	0037844
03	0037845
03	0037846
03	0037847
03	0037848
03	0037849
03	0037850
03	0037851
03	0037852
03	0037853
03	0037854
03	0037855
03	0037856
03	0037857
03	0037858
03	0037859
03	0037860
03	0037861
03	0037862
03	0037863
03	0037864
03	0037865
03	0037866
03	0037867
03	0037868
03	0037869
03	0037870
03	0037871
03	0037872
03	0037873
03	0037874
03	0037875
03	0037876
03	0037877
03	0037878
03	0037879
03	0037880
03	0037881
03	0037882
03	0037883
03	0037884
03	0037885
03	0037886
03	0037887
03	0037888
03	0037889
03	0037890
03	0037891
03	0037892
03	0037893
03	0037894
03	0037895
03	0037896
03	0037897
03	0037898
03	0037899
03	0037900
03	0037901
03	0037902
03	0037903
03	0037904
03	0037905
03	0037906
03	0037907
03	0037908
03	0037909
03	0037910
03	0037911
03	0037912
03	0037913
03	0037914
03	0037915
03	0037916
03	0037917
03	0037918
03	0037919
03	0037920
03	0037921
03	0037922
03	0037923
03	0037924
03	0037925
03	0037926
03	0037927
03	0037928
03	0037929
03	0037930
03	0037931
03	0037932
03	0037933
03	0037934
03	0037935
03	0037936
03	0037937
03	0037938
03	0037939
03	0037940
03	0037941
03	0037942
03	0037943
03	0037944
03	0037945
03	0037946
03	0037947
03	0037948
03	0037949
03	0037950
03	0037951
03	0037952
03	0037953
03	0037954
03	0037955
03	0037956
03	0037957
03	0037958
03	0037959
03	0037960
03	0037961
03	0037962
03	0037963
03	0037964
03	0037965
03	0037966
03	0037967
03	0037968
03	0037969
03	0037970
03	0037971
03	0037972
03	0037973
03	0037974
03	0037975
03	0037976
03	0037977
03	0037978
03	0037979
03	0037980
03	0037981
03	0037982
03	0037983
03	0037984
03	0037985
03	0037986
03	0037987
03	0037988
03	0037989
03	0037990
03	0037991
03	0037992
03	0037993
03	0037994
03	0037995
03	0037996
03	0037997
03	0037998
03	0037999
03	0038000
03	0038001
03	0038002
03	0038003
03	0038004
03	0038005
03	0038006
03	0038007
03	0038008
03	0038009
03	0038010
03	0038011
03	0038012
03	0038013
03	0038014
03	0038015
03	0038016
03	0038017
03	0038018
03	0038019
03	0038020
03	0038021
03	0038022
03	0038023
03	0038024
03	0038025
03	0038026
03	0038027
03	0038028
03	0038029
03	0038030
03	0038031
03	0038032
03	0038033
03	0038034
03	0038035
03	0038036
03	0038037
03	0038038
03	0038039
03	0038040
03	0038041
03	0038042
03	0038043
03	0038044
03	0038045
03	0038046
03	0038047
03	0038048
03	0038049
03	0038050
03	0038051
03	0038052
03	0038053
03	0038054
03	0038055
03	0038056
03	0038057
03	0038058
03	0038059
03	0038060
03	0038061
03	0038062
03	0038063
03	0038064
03	0038065
03	0038066
03	0038067
03	0038068
03	0038069
03	0038070
03	0038071
03	0038072
03	0038073
03	0038074
03	0038075
03	0038076
03	0038077
03	0038078
03	0038079
03	0038080
03	0038081
03	0038082
03	0038083
03	0038084
03	0038085
03	0038086
03	0038087
03	0038088
03	0038089
03	0038090
03	0038091
03	0038092
03	0038093
03	0038094
03	0038095
03	0038096
03	0038097
03	0038098
03	0038099
03	0038100
03	0038101
03	0038102
03	0038103
03	0038104
03	0038105
03	0038106
03	0038107
03	0038108
03	0038109
03	0038110
03	0038111
03	0038112
03	0038113
03	0038114
03	0038115
03	0038116
03	0038117
03	0038118
03	0038119
03	0038120
03	0038121
03	0038122
03	0038123
03	0038124
03	0038125
03	0038126
03	0038127
03	0038128
03	0038129
03	0038130
03	0038131
03	0038132
03	0038133
03	0038134
03	0038135
03	0038136
03	0038137
03	0038138
03	0038139
03	0038140
03	0038141
03	0038142
03	0038143
03	0038144
03	0038145
03	0038146
03	0038147
03	0038148
03	0038149
03	0038150
03	0038151
03	0038152
03	0038153
03	0038154
03	0038155
03	0038156
03	0038157
03	0038158
03	0038159
03	0038160
03	0038161
03	0038162
03	0038163
03	0038164
03	0038165
03	0038166
03	0038167
03	0038168
03	0038169
03	0038170
03	0038171
03	0038172
03	0038173
03	0038174
03	0038175
03	0038176
03	0038177
03	0038178
03	0038179
03	0038180
03	0038181
03	0038182
03	0038183
03	0038184
03	0038185
03	0038186
03	0038187
03	0038188
03	0038189
03	0038190
03	0038191
03	0038192
03	0038193
03	0038194
03	0038195
03	0038196
03	0038197
03	0038198
03	0038199
03	0038200
03	0038201
03	0038202
03	0038203
03	0038204
03	0038205
03	0038206
03	0038207
03	0038208
03	0038209
03	0038210
03	0038211
03	0038212
03	0038213
03	0038214
03	0038215
03	0038216
03	0038217
03	0038218
03	0038219
03	0038220
03	0038221
03	0038222
03	0038223
03	0038224
03	0038225
03	0038226
03	0038227
03	0038228
03	0038229
03	0038230
03	0038231
03	0038232
03	0038233
03	0038234
03	0038235
03	0038236
03	0038237
03	0038238
03	0038239
03	0038240
03	0038241
03	0038242
03	0038243
03	0038244
03	0038245
03	0038246
03	0038247
03	0038248
03	0038249
03	0038250
03	0038251
03	0038252
03	0038253
03	0038254
03	0038255
03	0038256
03	0038257
03	0038258
03	0038259
03	0038260
03	0038261
03	0038262
03	0038263
03	0038264
03	0038265
03	0038266
03	0038267
03	0038268
03	0038269
03	0038270
03	0038271
03	0038272
03	0038273
03	0038274
03	0038275
03	0038276
03	0038277
03	0038278
03	0038279
03	0038280
03	0038281
03	0038282
03	0038283
03	0038284
03	0038285
03	0038286
03	0038287
03	0038288
03	0038289
03	0038290
03	0038291
03	0038292
03	0038293
03	0038294
03	0038295
03	0038296
03	0038297
03	0038298
03	0038299
03	0038300
03	0038301
03	0038302
03	0038303
03	0038304
03	0038305
03	0038306
03	0038307
03	0038308
03	0038309
03	0038310
03	0038311
03	0038312
03	0038313
03	0038314
03	0038315
03	0038316
03	0038317
03	0038318
03	0038319
03	0038320
03	0038321
03	0038322
03	0038323
03	0038324
03	0038325
03	0038326
03	0038327
03	0038328
03	0038329
03	0038330
03	0038331
03	0038332
03	0038333
03	0038334
03	0038335
03	0038336
03	0038337
03	0038338
03	0038339
03	0038340
03	0038341
03	0038342
03	0038343
03	0038344
03	0038345
03	0038346
03	0038347
03	0038348
03	0038349
03	0038350
03	0038351
03	0038352
03	0038353
03	0038354
03	0038355
03	0038356
03	0038357
03	0038358
03	0038359
03	0038360
03	0038361
03	0038362
03	0038363
03	0038364
03	0038365
03	0038366
03	0038367
03	0038368
03	0038369
03	0038370
03	0038371
03	0038372
03	0038373
03	0038374
03	0038375
03	0038376
03	0038377
03	0038378
03	0038379
03	0038380
03	0038381
03	0038382
03	0038383
03	0038384
03	0038385
03	0038386
03	0038387
03	0038388
03	0038389
03	0038390
03	0038391
03	0038392
03	0038393
03	0038394
03	0038395
03	0038396
03	0038397
03	0038398
03	0038399
03	0038400
03	0038401
03	0038402
03	0038403
03	0038404
03	0038405
03	0038406
03	0038407
03	0038408
03	0038409
03	0038410
03	0038411
03	0038412
03	0038413
03	0038414
03	0038415
03	0038416
03	0038417
03	0038418
03	0038419
03	0038420
03	0038421
03	0038422
03	0038423
03	0038424
03	0038425
03	0038426
03	0038427
03	0038428
03	0038429
03	0038430
03	0038431
03	0038432
03	0038433
03	0038434
03	0038435
03	0038436
03	0038437
03	0038438
03	0038439
03	0038440
03	0038441
03	0038442
03	0038443
03	0038444
03	0038445
03	0038446
03	0038447
03	0038448
03	0038449
03	0038450
03	0038451
03	0038452
03	0038453
03	0038454
03	0038455
03	0038456
03	0038457
03	0038458
03	0038459
03	0038460
03	0038461
03	0038462
03	0038463
03	0038464
03	0038465
03	0038466
03	0038467
03	0038468
03	0038469
03	0038470
03	0038471
03	0038472
03	0038473
03	0038474
03	0038475
03	0038476
03	0038477
03	0038478
03	0038479
03	0038480
03	0038481
03	0038482
03	0038483
03	0038484
03	0038485
03	0038486
03	0038487
03	0038488
03	0038489
03	0038490
03	0038491
03	0038492
03	0038493
03	0038494
03	0038495
03	0038496
03	0038497
03	0038498
03	0038499
03	0038500
03	0038501
03	0038502
03	0038503
03	0038504
03	0038505
03	0038506
03	0038507
03	0038508
03	0038509
03	0038510
03	0038511
03	0038512
03	0038513
03	0038514
03	0038515
03	0038516
03	0038517
03	0038518
03	0038519
03	0038520
03	0038521
03	0038522
03	0038523
03	0038524
03	0038525
03	0038526
03	0038527
03	0038528
03	0038529
03	0038530
04	0038531
04	0038532
04	0038533
04	0038534
04	0038535
04	0038536
04	0038537
04	0038538
04	0038539
04	0038540
04	0038541
04	0038542
04	0038543
04	0038544
04	0038545
04	0038546
04	0038547
04	0038548
04	0038549
04	0038550
04	0038551
04	0038552
04	0038553
04	0038554
04	0038555
04	0038556
04	0038557
04	0038558
04	0038559
04	0038560
04	0038561
04	0038562
04	0038563
04	0038564
04	0038565
04	0038566
04	0038567
04	0038568
04	0038569
04	0038570
04	0038571
04	0038572
04	0038573
04	0038574
04	0038575
04	0038576
04	0038577
04	0038578
04	0038579
04	0038580
04	0038581
04	0038582
04	0038583
04	0038584
04	0038585
04	0038586
04	0038587
04	0038588
04	0038589
04	0038590
04	0038591
04	0038592
04	0038593
04	0038594
04	0038595
04	0038596
04	0038597
04	0038598
04	0038599
04	0038600
04	0038601
04	0038602
04	0038603
04	0038604
04	0038605
04	0038606
04	0038607
04	0038608
04	0038609
04	0038610
04	0038611
04	0038612
04	0038613
04	0038614
04	0038615
04	0038616
04	0038617
04	0038618
04	0038619
04	0038620
04	0038621
04	0038622
04	0038623
04	0038624
04	0038625
04	0038626
04	0038627
04	0038628
04	0038629
04	0038630
04	0038631
04	0038632
04	0038633
04	0038634
04	0038635
04	0038636
04	0038637
04	0038638
04	0038639
04	0038640
04	0038641
04	0038642
04	0038643
04	0038644
04	0038645
04	0038646
04	0038647
04	0038648
04	0038649
04	0038650
04	0038651
04	0038652
04	0038653
04	0038654
04	0038655
04	0038656
04	0038657
04	0038658
04	0038659
04	0038660
04	0038661
04	0038662
04	0038663
04	0038664
04	0038665
04	0038666
04	0038667
04	0038668
04	0038669
04	0038670
04	0038671
04	0038672
04	0038673
04	0038674
04	0038675
04	0038676
04	0038677
04	0038678
04	0038679
04	0038680
04	0038681
04	0038682
04	0038683
04	0038684
04	0038685
04	0038686
04	0038687
04	0038688
04	0038689
04	0038690
04	0038691
04	0038692
04	0038693
04	0038694
04	0038695
04	0038696
04	0038697
04	0038698
04	0038699
04	0038700
04	0038701
04	0038702
04	0038703
04	0038704
04	0038705
04	0038706
04	0038707
04	0038708
04	0038709
04	0038710
04	0038711
04	0038712
04	0038713
04	0038714
04	0038715
04	0038716
04	0038717
04	0038718
04	0038719
04	0038720
04	0038721
04	0038722
04	0038723
04	0038724
04	0038725
04	0038726
04	0038727
04	0038728
04	0038729
04	0038730
04	0038731
04	0038732
04	0038733
04	0038734
04	0038736
04	0038737
04	0038738
04	0038739
04	0038740
04	0038741
04	0038742
04	0038743
04	0038744
04	0038745
04	0038746
04	0038747
04	0038748
04	0038749
04	0038750
04	0038751
04	0038752
04	0038753
04	0038754
04	0038755
04	0038756
04	0038757
04	0038758
04	0038759
04	0038760
04	0038761
04	0038762
04	0038763
04	0038764
04	0038765
04	0038766
04	0038767
04	0038768
04	0038769
04	0038770
04	0038771
04	0038772
04	0038773
04	0038774
04	0038775
04	0038776
04	0038777
04	0038778
04	0038779
04	0038780
04	0038781
04	0038782
04	0038783
04	0038784
04	0038785
04	0038786
04	0038787
04	0038788
04	0038789
04	0038790
04	0038791
04	0038792
04	0038793
04	0038794
04	0038795
04	0038796
04	0038797
04	0038798
04	0038799
04	0038800
04	0038801
04	0038802
04	0038803
04	0038804
04	0038805
04	0038806
04	0038807
04	0038808
04	0038809
04	0038810
04	0038811
04	0038812
04	0038813
04	0038814
04	0038815
04	0038816
04	0038817
04	0038818
04	0038819
04	0038820
04	0038821
04	0038822
04	0038823
04	0038824
04	0038825
04	0038826
04	0038827
04	0038828
04	0038829
04	0038830
04	0038831
04	0038832
04	0038833
04	0038834
04	0038835
04	0038836
04	0038837
04	0038838
04	0038839
04	0038840
04	0038841
04	0038842
04	0038843
04	0038844
04	0038845
04	0038846
04	0038848
04	0038849
04	0038850
04	0038851
04	0038852
04	0038853
04	0038854
04	0038855
04	0038856
04	0038857
04	0038858
04	0038860
04	0038861
04	0038862
04	0038863
04	0038864
04	0038865
04	0038866
04	0038867
04	0038868
04	0038870
04	0038871
04	0038872
04	0038873
04	0038874
04	0038875
04	0038876
04	0038877
04	0038878
04	0038879
04	0038880
04	0038881
04	0038882
04	0038883
04	0038884
04	0038885
04	0038886
04	0038887
04	0038888
04	0038889
04	0038890
04	0038891
04	0038892
04	0038893
04	0038894
04	0038895
04	0038896
04	0038897
04	0038898
04	0038899
04	0038900
04	0038901
04	0038902
04	0038903
04	0038904
04	0038905
04	0038906
04	0038907
04	0038908
04	0038909
04	0038910
04	0038911
04	0038912
04	0038913
04	0038914
04	0038915
04	0038916
04	0038917
04	0038918
04	0038919
04	0038920
04	0038921
04	0038922
04	0038923
04	0038924
04	0038925
04	0038926
04	0038927
04	0038928
04	0038929
04	0038930
04	0038931
04	0038932
04	0038933
04	0038934
04	0038935
04	0038936
04	0038937
04	0038938
04	0038939
04	0038940
04	0038941
04	0038942
04	0038943
04	0038944
04	0038945
04	0038946
04	0038947
04	0038948
04	0038949
04	0038950
04	0038951
04	0038952
04	0038953
04	0038954
04	0038955
04	0038956
04	0038957
04	0038958
04	0038959
04	0038960
04	0038961
04	0038962
04	0038963
04	0038964
04	0038965
04	0038966
04	0038967
04	0038968
04	0038969
04	0038970
04	0038971
04	0038972
04	0038973
04	0038974
04	0038975
04	0038976
04	0038977
04	0038978
04	0038979
04	0038980
04	0038981
04	0038982
04	0038983
04	0038984
04	0038985
04	0038986
04	0038987
04	0038988
04	0038989
04	0038990
04	0038991
04	0038992
04	0038993
04	0038994
04	0038995
04	0038996
04	0038997
04	0038998
04	0038999
04	0039000
04	0039001
04	0039002
04	0039003
04	0039004
04	0039005
04	0039006
04	0039007
04	0039008
04	0039009
04	0039010
04	0039011
04	0039012
04	0039013
04	0039014
04	0039015
04	0039016
04	0039017
04	0039018
04	0039019
04	0039020
04	0039021
04	0039022
04	0039023
04	0039024
04	0039025
04	0039026
04	0039027
04	0039028
04	0039029
04	0039030
04	0039031
04	0039032
04	0039033
04	0039034
04	0039035
04	0039036
04	0039037
04	0039038
04	0039039
04	0039040
04	0039041
04	0039042
04	0039043
04	0039044
04	0039045
04	0039046
04	0039047
04	0039048
04	0039049
04	0039050
04	0039051
04	0039052
04	0039053
04	0039054
04	0039055
04	0039056
04	0039057
04	0039058
04	0039059
04	0039060
04	0039061
04	0039062
04	0039063
04	0039064
04	0039065
04	0039066
04	0039067
04	0039068
04	0039069
04	0039070
04	0039071
04	0039072
04	0039073
04	0039074
04	0039075
04	0039076
04	0039077
04	0039078
04	0039079
04	0039080
04	0039081
04	0039082
04	0039083
04	0039084
04	0039085
04	0039086
04	0039087
04	0039088
04	0039089
04	0039090
04	0039091
04	0039092
04	0039093
04	0039094
04	0039095
04	0039096
04	0039097
04	0039098
04	0039099
04	0039100
04	0039101
04	0039102
04	0039103
04	0039104
04	0039105
04	0039106
04	0039107
04	0039108
04	0039109
04	0039110
04	0039111
04	0039112
04	0039113
04	0039114
04	0039115
04	0039116
04	0039117
04	0039118
04	0039119
04	0039120
04	0039121
04	0039122
04	0039123
04	0039124
04	0039125
04	0039126
04	0039127
04	0039128
04	0039129
04	0039130
04	0039131
04	0039132
04	0039133
04	0039134
04	0039135
04	0039136
04	0039137
04	0039138
04	0039139
04	0039140
04	0039141
04	0039142
04	0039143
04	0039144
04	0039145
04	0039146
04	0039147
04	0039148
04	0039149
04	0039150
04	0039151
04	0039152
04	0039153
04	0039154
04	0039155
04	0039156
04	0039157
04	0039158
04	0039159
04	0039160
04	0039161
04	0039162
04	0039163
04	0039164
04	0039165
04	0039166
04	0039167
04	0039168
04	0039169
04	0039170
04	0039171
04	0039172
04	0039173
04	0039174
04	0039175
04	0039176
04	0039177
04	0039178
04	0039179
04	0039180
04	0039181
04	0039182
04	0039183
04	0039184
04	0039185
04	0039186
04	0039187
04	0039188
04	0039189
04	0039190
04	0039191
04	0039192
04	0039193
04	0039194
04	0039195
04	0039196
04	0039197
04	0039198
04	0039199
04	0039200
04	0039201
04	0039202
04	0039203
04	0039204
04	0039205
04	0039206
04	0039207
04	0039208
04	0039209
04	0039210
04	0039211
04	0039212
04	0039213
04	0039214
04	0039215
04	0039216
04	0039217
04	0039218
04	0039219
04	0039220
04	0039221
04	0039222
04	0039223
04	0039224
04	0039225
04	0039226
04	0039227
04	0039228
04	0039229
04	0039230
04	0039231
04	0039232
04	0039233
04	0039234
04	0039235
04	0039236
04	0039237
04	0039238
04	0039239
04	0039240
04	0039241
04	0039242
04	0039243
04	0039244
04	0039245
04	0039246
04	0039247
04	0039248
04	0039249
04	0039250
04	0039251
04	0039252
04	0039253
04	0039254
04	0039255
04	0039256
04	0039257
04	0039258
04	0039259
04	0039260
04	0039261
04	0039262
04	0039263
04	0039264
04	0039265
04	0039266
04	0039267
04	0039268
04	0039269
04	0039270
04	0039271
04	0039272
04	0039273
04	0039274
04	0039275
04	0039276
04	0039277
04	0039278
04	0039279
04	0039280
04	0039281
04	0039282
04	0039283
04	0039284
04	0039285
04	0039286
04	0039287
04	0039288
04	0039289
04	0039290
04	0039291
04	0039292
04	0039293
04	0039294
04	0039295
04	0039296
04	0039297
04	0039298
04	0039299
04	0039300
04	0039301
04	0039302
04	0039303
04	0039304
04	0039305
04	0039306
04	0039307
04	0039308
04	0039309
04	0039310
04	0039311
04	0039312
04	0039313
04	0039314
04	0039315
04	0039316
04	0039317
04	0039318
04	0039319
04	0039320
04	0039321
04	0039322
04	0039323
04	0039324
04	0039325
04	0039326
04	0039327
04	0039328
04	0039329
04	0039330
04	0039331
04	0039332
04	0039333
04	0039334
04	0039335
04	0039336
04	0039337
04	0039338
04	0039339
04	0039340
04	0039341
04	0039342
04	0039343
04	0039344
04	0039345
04	0039346
04	0039347
04	0039348
04	0039349
04	0039350
04	0039351
04	0039352
04	0039353
04	0039354
04	0039355
04	0039356
04	0039357
04	0039358
04	0039359
04	0039360
04	0039361
04	0039362
04	0039363
04	0039364
04	0039365
04	0039366
04	0039367
04	0039368
04	0039369
04	0039370
04	0039371
04	0039372
04	0039373
04	0039374
04	0039375
04	0039376
04	0039377
04	0039378
04	0039379
04	0039380
04	0039381
04	0039382
04	0039383
04	0039384
04	0039385
04	0039386
04	0039387
04	0039388
04	0039389
04	0039390
04	0039391
04	0039392
04	0039393
04	0039394
04	0039395
04	0039396
04	0039397
04	0039398
04	0039399
04	0039400
04	0039401
04	0039402
04	0039403
04	0039404
04	0039405
04	0039406
04	0039407
04	0039408
04	0039409
04	0039410
04	0039411
04	0039412
04	0039413
04	0039414
04	0039415
04	0039416
04	0039417
04	0039418
04	0039419
04	0039420
04	0039421
04	0039422
04	0039423
04	0039424
04	0039425
04	0039426
04	0039427
04	0039428
04	0039429
04	0039430
04	0039431
04	0039432
04	0039433
04	0039434
04	0039435
04	0039436
04	0039437
04	0039438
04	0039439
04	0039440
04	0039441
04	0039442
04	0039443
04	0039444
04	0039445
04	0039446
04	0039447
04	0039448
04	0039449
04	0039450
04	0039451
04	0039452
04	0039453
04	0039454
04	0039455
04	0039456
04	0039457
04	0039458
04	0039459
04	0039460
04	0039461
04	0039462
04	0039463
04	0039464
04	0039465
04	0039466
04	0039467
04	0039468
04	0039469
04	0039470
04	0039471
04	0039472
04	0039473
04	0039474
04	0039475
04	0039476
04	0039477
04	0039478
04	0039479
04	0039480
04	0039481
04	0039482
04	0039483
04	0039484
04	0039485
04	0039486
04	0039487
04	0039488
04	0039489
04	0039490
04	0039491
04	0039492
04	0039493
04	0039494
04	0039495
04	0039496
04	0039497
04	0039498
04	0039499
04	0039500
04	0039501
04	0039502
04	0039503
04	0039504
04	0039505
04	0039506
04	0039507
04	0039508
04	0039509
04	0039510
04	0039511
04	0039512
04	0039513
04	0039514
04	0039515
04	0039516
04	0039517
04	0039518
04	0039519
04	0039520
04	0039521
04	0039522
04	0039523
04	0039524
04	0039525
04	0039526
04	0039527
04	0039528
04	0039529
04	0039530
04	0039531
04	0039532
04	0039533
04	0039534
04	0039535
04	0039536
04	0039537
04	0039538
04	0039539
04	0039540
04	0039541
04	0039542
04	0039543
04	0039544
04	0039545
04	0039546
04	0039547
04	0039548
04	0039549
04	0039550
04	0039551
04	0039552
04	0039553
04	0039554
04	0039555
04	0039556
04	0039557
04	0039558
04	0039559
04	0039560
04	0039561
04	0039562
04	0039563
04	0039564
04	0039565
04	0039566
04	0039567
04	0039568
04	0039569
04	0039570
04	0039571
04	0039572
04	0039573
04	0039574
04	0039575
04	0039576
04	0039577
04	0039578
04	0039579
04	0039580
04	0039581
04	0039582
04	0039583
04	0039584
04	0039585
04	0039586
04	0039587
04	0039588
04	0039589
04	0039590
04	0039591
04	0039592
04	0039593
04	0039594
04	0039595
04	0039596
04	0039597
04	0039598
04	0039599
04	0039600
04	0039601
04	0039602
04	0039603
04	0039604
04	0039605
04	0039606
04	0039607
04	0039608
04	0039609
04	0039610
04	0039611
04	0039612
04	0039613
04	0039614
04	0039615
04	0039616
04	0039617
04	0039618
04	0039619
04	0039620
04	0039621
04	0039622
04	0039623
04	0039624
04	0039625
04	0039626
04	0039627
04	0039628
04	0039629
04	0039630
04	0039631
04	0039632
04	0039633
04	0039634
04	0039635
04	0039636
04	0039637
04	0039638
04	0039639
04	0039640
04	0039641
04	0039642
04	0039643
04	0039644
04	0039645
04	0039646
04	0039647
04	0039648
04	0039649
04	0039650
04	0039651
04	0039652
04	0039653
04	0039654
04	0039655
04	0039656
04	0039657
04	0039658
04	0039659
04	0039660
04	0039661
04	0039662
04	0039663
04	0039664
04	0039665
04	0039666
04	0039667
04	0039668
04	0039669
04	0039670
04	0039671
04	0039672
04	0039673
04	0039674
04	0039675
04	0039676
04	0039677
04	0039678
04	0039679
04	0039680
04	0039681
04	0039682
04	0039683
04	0039684
04	0039685
04	0039686
04	0039687
04	0039688
04	0039689
04	0039690
04	0039691
04	0039692
04	0039693
04	0039694
04	0039695
04	0039696
04	0039697
04	0039698
04	0039699
04	0039700
04	0039701
04	0039702
04	0039703
04	0039704
04	0039705
04	0039706
04	0039707
04	0039708
04	0039709
04	0039710
04	0039711
04	0039712
04	0039713
04	0039714
04	0039715
04	0039716
04	0039717
04	0039718
04	0039719
04	0039720
04	0039721
04	0039722
04	0039723
04	0039724
04	0039725
04	0039726
04	0039727
04	0039728
04	0039729
04	0039730
04	0039731
04	0039732
04	0039733
04	0039734
04	0039735
04	0039736
04	0039737
04	0039738
04	0039739
04	0039740
04	0039741
04	0039742
04	0039743
04	0039744
04	0039745
04	0039746
04	0039747
04	0039748
04	0039749
04	0039750
04	0039751
04	0039752
04	0039753
04	0039754
04	0039755
04	0039756
04	0039757
04	0039758
04	0039759
04	0039760
04	0039761
04	0039762
04	0039763
04	0039764
04	0039765
04	0039766
04	0039767
04	0039768
04	0039769
04	0039770
04	0039771
04	0039772
04	0039773
04	0039774
04	0039775
04	0039776
04	0039777
04	0039778
04	0039779
04	0039780
04	0039781
04	0039782
04	0039783
04	0039784
04	0039785
04	0039786
04	0039787
04	0039788
04	0039789
04	0039790
04	0039791
04	0039792
04	0039793
04	0039794
04	0039795
04	0039796
04	0039797
04	0039798
04	0039799
04	0039800
04	0039801
04	0039802
04	0039803
04	0039804
04	0039805
04	0039806
04	0039807
04	0039808
04	0039809
04	0039810
04	0039811
04	0039812
04	0039813
04	0039814
04	0039815
04	0039816
04	0039817
04	0039818
04	0039819
04	0039820
04	0039821
04	0039822
04	0039823
04	0039824
04	0039825
04	0039826
04	0039827
04	0039828
04	0039829
04	0039830
04	0039831
04	0039832
04	0039833
04	0039834
04	0039835
04	0039836
04	0039837
04	0039838
04	0039839
04	0039840
04	0039841
04	0039842
04	0039843
04	0039844
04	0039845
04	0039846
04	0039847
04	0039848
04	0039849
04	0039850
04	0039851
04	0039852
04	0039853
04	0039854
04	0039855
04	0039856
04	0039857
04	0039858
04	0039859
04	0039860
04	0039861
04	0039862
04	0039863
04	0039864
04	0039865
04	0039866
04	0039867
04	0039868
04	0039869
04	0039870
04	0039871
04	0039872
04	0039873
04	0039874
04	0039875
04	0039876
04	0039877
04	0039878
04	0039879
04	0039880
04	0039881
04	0039882
04	0039883
04	0039884
04	0039885
04	0039886
04	0039887
04	0039888
04	0039889
04	0039890
04	0039891
04	0039892
04	0039893
04	0039894
04	0039895
04	0039896
04	0039897
04	0039898
04	0039899
04	0039900
04	0039901
04	0039902
04	0039903
04	0039904
04	0039905
04	0039906
04	0039907
04	0039908
04	0039909
04	0039910
04	0039911
04	0039912
04	0039913
04	0039914
04	0039915
04	0039916
04	0039917
04	0039918
04	0039919
04	0039920
04	0039921
04	0039922
04	0039923
04	0039924
04	0039925
04	0039926
04	0039927
04	0039928
04	0039929
04	0039930
04	0039931
04	0039932
04	0039933
04	0039934
04	0039935
04	0039936
04	0039937
04	0039938
04	0039939
04	0039940
04	0039941
04	0039942
04	0039943
04	0039944
04	0039945
04	0039946
04	0039947
04	0039948
04	0039949
04	0039950
04	0039951
04	0039952
04	0039953
04	0039954
04	0039955
04	0039956
04	0039957
04	0039958
04	0039959
04	0039960
04	0039961
04	0039962
04	0039963
04	0039964
04	0039965
04	0039966
04	0039967
04	0039968
04	0039969
04	0039970
04	0039971
04	0039972
04	0039973
04	0039974
04	0039975
04	0039976
04	0039977
04	0039978
04	0039979
04	0039980
04	0039981
04	0039982
04	0039983
04	0039984
04	0039985
04	0039986
04	0039987
04	0039988
04	0039989
04	0039990
04	0039991
04	0039992
04	0039993
04	0039994
04	0039995
04	0039996
04	0039997
04	0039998
04	0039999
04	0040000
04	0040001
04	0040002
04	0040003
04	0040004
04	0040005
04	0040006
04	0040007
04	0040008
04	0040009
04	0040010
04	0040011
04	0040012
04	0040013
04	0040014
04	0040015
04	0040016
04	0040017
04	0040018
04	0040019
04	0040020
04	0040021
04	0040022
04	0040023
04	0040024
04	0040025
04	0040026
04	0040027
04	0040028
04	0040029
04	0040030
04	0040031
04	0040032
04	0040033
04	0040034
04	0040035
04	0040036
04	0040037
04	0040038
04	0040039
04	0040040
04	0040041
04	0040042
04	0040043
04	0040044
04	0040045
04	0040046
04	0040047
04	0040048
04	0040049
04	0040050
04	0040051
04	0040052
04	0040053
04	0040054
04	0040055
04	0040056
04	0040057
04	0040058
04	0040059
04	0040060
04	0040061
04	0040062
04	0040063
04	0040064
04	0040065
04	0040066
04	0040067
04	0040068
04	0040069
04	0040070
04	0040071
04	0040072
04	0040073
04	0040074
04	0040075
04	0040076
04	0040077
04	0040078
04	0040079
04	0040080
04	0040081
04	0040082
04	0040083
04	0040084
04	0040085
04	0040086
04	0040087
04	0040088
04	0040089
04	0040090
04	0040091
04	0040092
04	0040093
04	0040094
04	0040095
04	0040096
04	0040097
04	0040098
04	0040099
04	0040100
04	0040101
04	0040102
04	0040103
04	0040104
04	0040105
04	0040106
04	0040107
04	0040108
04	0040109
04	0040110
04	0040111
04	0040112
04	0040113
04	0040114
04	0040115
04	0040116
04	0040117
04	0040118
04	0040119
04	0040120
04	0040121
04	0040122
04	0040123
04	0040124
04	0040125
04	0040126
04	0040127
04	0040128
04	0040129
04	0040130
04	0040131
04	0040132
04	0040133
04	0040134
04	0040135
04	0040136
04	0040137
04	0040138
04	0040139
04	0040140
04	0040141
04	0040142
04	0040143
04	0040144
04	0040145
04	0040146
04	0040147
04	0040148
04	0040149
04	0040150
04	0040151
04	0040152
04	0040153
04	0040154
04	0040155
04	0040156
04	0040157
04	0040158
04	0040159
04	0040160
04	0040161
04	0040162
04	0040163
04	0040164
04	0040165
04	0040166
04	0040167
04	0040168
04	0040169
04	0040170
04	0040171
04	0040172
04	0040173
04	0040174
04	0040175
04	0040176
04	0040177
04	0040178
04	0040179
04	0040180
04	0040181
04	0040182
04	0040183
04	0040184
04	0040185
04	0040186
04	0040187
04	0040188
04	0040189
04	0040190
04	0040191
04	0040192
04	0040193
04	0040194
04	0040195
04	0040196
04	0040197
04	0040198
04	0040199
04	0040200
04	0040201
04	0040202
04	0040203
04	0040204
04	0040205
04	0040206
04	0040207
04	0040208
04	0040209
04	0040210
04	0040211
04	0040212
04	0040213
04	0040214
04	0040215
04	0040216
04	0040217
04	0040218
04	0040219
04	0040220
04	0040221
04	0040222
04	0040223
04	0040224
04	0040225
04	0040226
04	0040227
04	0040228
04	0040229
04	0040230
04	0040231
04	0040232
04	0040233
04	0040234
04	0040235
04	0040236
04	0040237
04	0040238
04	0040239
04	0040240
04	0040241
04	0040242
04	0040243
04	0040244
04	0040245
04	0040246
04	0040247
04	0040248
04	0040249
04	0040250
04	0040251
04	0040252
04	0040253
04	0040254
04	0040255
04	0040256
04	0040257
04	0040258
04	0040259
04	0040260
04	0040261
04	0040262
04	0040263
04	0040264
04	0040265
04	0040266
04	0040267
04	0040268
04	0040269
04	0040270
04	0040271
04	0040272
04	0040273
04	0040274
04	0040275
04	0040276
04	0040277
04	0040278
04	0040279
04	0040280
04	0040281
04	0040282
04	0040283
04	0040284
04	0040285
04	0040286
04	0040287
04	0040288
04	0040289
04	0040290
04	0040291
04	0040292
04	0040293
04	0040294
04	0040295
04	0040296
04	0040297
04	0040298
04	0040299
04	0040300
04	0040301
04	0040302
04	0040303
04	0040304
04	0040305
04	0040306
04	0040307
04	0040308
04	0040309
04	0040310
04	0040311
04	0040312
04	0040313
04	0040314
04	0040315
04	0040316
04	0040317
04	0040318
04	0040319
04	0040320
04	0040321
04	0040322
04	0040323
04	0040324
04	0040325
04	0040326
04	0040327
04	0040328
04	0040329
04	0040330
04	0040331
04	0040332
04	0040333
04	0040334
04	0040335
04	0040336
04	0040337
04	0040338
04	0040339
04	0040340
04	0040341
04	0040342
04	0040343
04	0040344
04	0040345
04	0040346
04	0040347
04	0040348
04	0040349
04	0040350
04	0040351
04	0040352
04	0040353
04	0040354
04	0040355
04	0040356
04	0040357
04	0040358
04	0040359
04	0040360
04	0040361
04	0040362
04	0040363
04	0040364
04	0040365
04	0040366
04	0040367
04	0040368
04	0040369
04	0040370
04	0040371
04	0040372
04	0040373
04	0040374
04	0040375
04	0040376
04	0040377
04	0040378
04	0040379
04	0040380
04	0040381
04	0040382
04	0040383
04	0040384
04	0040385
04	0040386
04	0040387
04	0040388
04	0040389
04	0040390
04	0040391
04	0040392
04	0040393
04	0040394
04	0040395
04	0040396
04	0040397
04	0040398
04	0040399
04	0040400
04	0040401
04	0040402
04	0040403
04	0040404
04	0040405
04	0040406
04	0040407
04	0040408
04	0040409
04	0040410
04	0040411
04	0040412
04	0040413
04	0040414
04	0040415
04	0040416
04	0040417
04	0040418
04	0040419
04	0040420
04	0040421
04	0040422
04	0040423
04	0040424
04	0040425
04	0040426
04	0040427
04	0040428
04	0040429
04	0040430
04	0040431
04	0040432
04	0040433
04	0040434
04	0040435
04	0040436
04	0040437
04	0040438
04	0040439
04	0040440
04	0040441
04	0040442
04	0040443
04	0040444
04	0040445
04	0040446
04	0040447
04	0040448
04	0040449
04	0040450
04	0040451
04	0040452
04	0040453
04	0040454
04	0040455
04	0040456
04	0040457
04	0040458
04	0040459
04	0040460
04	0040461
04	0040462
04	0040463
04	0040464
04	0040465
04	0040466
04	0040467
04	0040468
04	0040469
04	0040470
04	0040471
04	0040472
04	0040473
04	0040474
04	0040475
04	0040476
04	0040477
04	0040478
04	0040479
04	0040480
04	0040481
04	0040482
04	0040483
04	0040484
04	0040485
04	0040486
04	0040487
04	0040488
04	0040489
04	0040490
04	0040491
04	0040492
04	0040493
04	0040494
04	0040495
04	0040496
04	0040497
04	0040498
04	0040499
04	0040500
04	0040501
04	0040502
04	0040503
04	0040504
04	0040505
04	0040506
04	0040507
04	0040508
04	0040509
04	0040510
04	0040511
04	0040512
04	0040513
04	0040514
04	0040515
04	0040516
04	0040517
04	0040518
04	0040519
04	0040520
04	0040521
04	0040522
04	0040523
04	0040524
04	0040525
04	0040526
04	0040527
04	0040528
04	0040529
04	0040530
04	0040531
04	0040532
04	0040533
04	0040534
04	0040535
04	0040536
04	0040537
04	0040539
04	0040540
04	0040541
04	0040542
04	0040543
04	0040544
04	0040545
04	0040546
04	0040547
04	0040548
04	0040549
04	0040550
04	0040551
04	0040552
04	0040553
04	0040554
04	0040555
04	0040556
04	0040557
04	0040558
04	0040559
04	0040560
04	0040561
04	0040562
04	0040563
04	0040564
04	0040565
04	0040566
04	0040567
04	0040568
04	0040569
04	0040570
04	0040571
04	0040572
04	0040573
04	0040574
04	0040575
04	0040576
04	0040577
04	0040578
04	0040579
04	0040580
04	0040581
04	0040582
04	0040583
04	0040584
04	0040585
04	0040586
04	0040587
04	0040588
04	0040589
04	0040590
04	0040591
04	0040592
04	0040593
04	0040594
04	0040595
04	0040596
04	0040597
04	0040598
04	0040599
04	0040600
04	0040601
04	0040602
04	0040603
04	0040604
04	0040605
04	0040606
04	0040607
04	0040608
04	0040609
04	0040610
04	0040611
04	0040612
04	0040613
04	0040614
04	0040615
04	0040616
04	0040617
04	0040618
04	0040619
04	0040620
04	0040621
04	0040622
04	0040623
04	0040624
04	0040625
04	0040626
04	0040627
04	0040628
04	0040629
04	0040630
04	0040631
04	0040632
04	0040633
04	0040634
04	0040635
04	0040636
04	0040637
04	0040638
04	0040639
04	0040640
04	0040641
04	0040642
04	0040643
04	0040645
04	0040646
04	0040647
04	0040648
04	0040649
04	0040650
04	0040651
04	0040652
04	0040653
04	0040654
04	0040655
04	0040656
04	0040657
04	0040658
04	0040659
04	0040660
04	0040661
04	0040662
04	0040663
04	0040664
04	0040665
04	0040666
04	0040667
04	0040668
04	0040669
04	0040670
04	0040671
04	0040672
04	0040673
04	0040674
04	0040675
04	0040676
04	0040677
04	0040678
04	0040679
04	0040680
04	0040681
04	0040682
04	0040683
04	0040684
04	0040685
04	0040686
04	0040687
04	0040688
04	0040689
04	0040690
04	0040691
04	0040692
04	0040693
04	0040694
04	0040695
04	0040696
04	0040697
04	0040698
04	0040699
04	0040700
04	0040701
04	0040702
04	0040703
04	0040704
04	0040705
04	0040706
04	0040707
04	0040708
04	0040709
04	0040710
04	0040711
04	0040712
04	0040713
04	0040714
04	0040715
04	0040716
04	0040717
04	0040718
04	0040719
04	0040720
04	0040721
04	0040722
04	0040723
04	0040724
04	0040725
04	0040726
04	0040727
04	0040728
04	0040729
04	0040730
04	0040731
04	0040732
04	0040733
04	0040734
04	0040735
04	0040736
04	0040737
04	0040738
04	0040739
04	0040740
04	0040741
04	0040742
04	0040743
04	0040744
04	0040745
04	0040746
04	0040747
04	0040748
04	0040749
04	0040750
04	0040751
04	0040752
04	0040753
04	0040754
04	0040755
04	0040756
04	0040757
04	0040758
04	0040759
04	0040760
04	0040761
04	0040762
04	0040763
04	0040764
04	0040765
04	0040766
04	0040767
04	0040768
04	0040769
04	0040770
04	0040771
04	0040772
04	0040773
04	0040774
04	0040775
04	0040776
04	0040777
04	0040778
04	0040779
04	0040780
04	0040781
04	0040782
04	0040783
04	0040784
04	0040785
04	0040786
04	0040787
04	0040788
04	0040789
04	0040790
04	0040791
04	0040792
04	0040793
04	0040794
04	0040795
04	0040796
04	0040797
04	0040798
04	0040799
04	0040800
04	0040801
04	0040802
04	0040803
04	0040804
04	0040805
04	0040806
04	0040807
04	0040808
04	0040809
04	0040810
04	0040811
04	0040812
04	0040813
04	0040814
04	0040815
04	0040816
04	0040817
04	0040818
04	0040819
04	0040820
04	0040821
04	0040822
04	0040823
04	0040824
04	0040825
04	0040826
04	0040827
04	0040828
04	0040829
04	0040830
04	0040831
04	0040832
04	0040833
04	0040834
04	0040835
04	0040836
04	0040837
04	0040838
04	0040839
04	0040840
04	0040841
04	0040842
04	0040843
04	0040844
04	0040845
04	0040846
04	0040847
04	0040848
04	0040849
04	0040850
04	0040851
04	0040852
04	0040853
04	0040854
04	0040855
04	0040856
04	0040857
04	0040858
04	0040859
04	0040860
04	0040861
04	0040862
04	0040863
04	0040864
04	0040865
04	0040866
04	0040867
04	0040868
04	0040869
04	0040870
04	0040871
04	0040872
04	0040873
04	0040874
04	0040875
04	0040876
04	0040877
04	0040878
04	0040879
04	0040880
04	0040881
04	0040882
04	0040883
04	0040884
04	0040885
04	0040886
04	0040887
04	0040888
04	0040889
04	0040890
04	0040891
04	0040892
04	0040893
04	0040894
04	0040895
04	0040896
04	0040897
04	0040898
04	0040899
04	0040900
04	0040901
04	0040902
04	0040903
04	0040904
04	0040905
04	0040906
04	0040907
04	0040908
04	0040909
04	0040910
04	0040911
04	0040912
04	0040913
04	0040914
04	0040915
04	0040916
04	0040917
04	0040918
04	0040919
04	0040920
04	0040921
04	0040922
04	0040923
04	0040924
04	0040925
04	0040926
04	0040927
04	0040928
04	0040929
04	0040930
04	0040931
04	0040932
04	0040933
04	0040934
04	0040935
04	0040936
04	0040937
04	0040938
04	0040939
04	0040940
04	0040941
04	0040942
04	0040943
04	0040944
04	0040945
04	0040946
04	0040947
04	0040948
04	0040949
04	0040950
04	0040951
04	0040952
04	0040953
04	0040954
04	0040955
04	0040956
04	0040957
04	0040958
04	0040959
04	0040960
04	0040961
04	0040962
04	0040963
04	0040964
04	0040965
04	0040966
04	0040967
04	0040968
04	0040969
04	0040970
04	0040971
04	0040972
04	0040973
04	0040974
04	0040975
04	0040976
04	0040977
04	0040978
04	0040979
04	0040980
04	0040981
04	0040982
04	0040983
04	0040984
04	0040985
04	0040986
04	0040987
04	0040988
04	0040989
04	0040990
04	0040991
04	0040992
04	0040993
04	0040994
04	0040995
04	0040996
04	0040997
04	0040998
04	0040999
04	0041000
04	0041001
04	0041002
04	0041003
04	0041004
04	0041005
04	0041006
04	0041007
04	0041008
04	0041009
04	0041010
04	0041011
04	0041012
04	0041013
04	0041014
04	0041015
04	0041016
04	0041017
04	0041018
04	0041019
04	0041020
04	0041021
04	0041022
04	0041023
04	0041024
04	0041025
04	0041026
04	0041027
04	0041028
04	0041029
04	0041030
04	0041031
04	0041032
04	0041033
04	0041034
04	0041035
04	0041036
04	0041037
04	0041038
04	0041039
04	0041040
04	0041041
04	0041042
04	0041043
04	0041044
04	0041045
04	0041046
04	0041047
04	0041048
04	0041049
04	0041050
04	0041051
04	0041052
04	0041053
04	0041054
04	0041055
04	0041056
04	0041057
04	0041058
04	0041059
04	0041060
04	0041061
04	0041062
04	0041063
04	0041064
04	0041065
04	0041066
04	0041067
04	0041068
04	0041069
04	0041070
04	0041071
04	0041072
04	0041073
04	0041074
04	0041075
04	0041076
04	0041077
04	0041078
04	0041079
04	0041080
04	0041081
04	0041082
04	0041083
04	0041084
04	0041085
04	0041086
04	0041087
04	0041088
04	0041089
04	0041090
04	0041091
04	0041092
04	0041093
04	0041094
04	0041095
04	0041096
04	0041097
04	0041098
04	0041099
04	0041100
04	0041101
04	0041102
04	0041103
04	0041104
04	0041105
04	0041106
04	0041107
04	0041108
04	0041109
04	0041110
04	0041111
04	0041112
04	0041113
04	0041114
04	0041115
04	0041116
04	0041117
04	0041118
04	0041119
04	0041120
04	0041121
04	0041122
04	0041123
04	0041124
04	0041125
04	0041126
04	0041127
04	0041128
04	0041129
04	0041130
04	0041131
04	0041132
04	0041133
04	0041134
04	0041135
04	0041136
04	0041137
04	0041138
04	0041139
04	0041140
04	0041141
04	0041142
04	0041143
04	0041144
04	0041145
04	0041146
04	0041147
04	0041148
04	0041149
04	0041150
04	0041151
04	0041152
04	0041153
04	0041154
04	0041155
04	0041156
04	0041157
04	0041158
04	0041159
04	0041160
04	0041161
04	0041162
04	0041163
04	0041164
04	0041165
04	0041166
04	0041167
04	0041168
04	0041169
04	0041170
04	0041171
04	0041172
04	0041173
04	0041174
04	0041175
04	0041176
04	0041177
04	0041178
04	0041179
04	0041180
04	0041181
04	0041182
04	0041183
04	0041184
04	0041185
04	0041186
04	0041187
04	0041188
04	0041189
04	0041190
04	0041191
04	0041192
04	0041193
04	0041194
04	0041195
04	0041196
04	0041197
04	0041198
04	0041199
04	0041200
04	0041201
04	0041202
04	0041203
04	0041204
04	0041205
04	0041206
04	0041207
04	0041208
04	0041209
04	0041210
04	0041211
04	0041212
04	0041213
04	0041214
04	0041215
04	0041216
04	0041217
04	0041218
04	0041219
04	0041220
04	0041221
04	0041222
04	0041223
04	0041224
04	0041225
04	0041226
04	0041227
04	0041228
04	0041229
04	0041230
04	0041231
04	0041232
04	0041233
04	0041234
04	0041235
04	0041236
04	0041237
04	0041238
04	0041239
04	0041240
04	0041241
04	0041242
04	0041243
04	0041244
04	0041245
04	0041246
04	0041247
04	0041248
04	0041249
04	0041250
04	0041251
04	0041252
04	0041253
04	0041254
04	0041255
04	0041256
04	0041257
04	0041258
04	0041259
04	0041260
04	0041261
04	0041262
04	0041263
04	0041264
04	0041265
04	0041266
04	0041267
04	0041268
04	0041269
04	0041270
04	0041271
04	0041272
04	0041273
04	0041274
04	0041275
04	0041276
04	0041277
04	0041278
04	0041279
04	0041280
04	0041281
04	0041282
04	0041283
04	0041284
04	0041285
04	0041286
04	0041287
04	0041288
04	0041289
04	0041290
04	0041291
04	0041292
04	0041293
04	0041294
04	0041295
04	0041296
04	0041297
04	0041298
04	0041299
04	0041300
04	0041301
04	0041302
04	0041303
04	0041304
04	0041305
04	0041306
04	0041307
04	0041308
04	0041309
04	0041310
04	0041311
04	0041312
04	0041313
04	0041314
04	0041315
04	0041316
04	0041317
04	0041318
04	0041319
04	0041320
04	0041321
04	0041322
04	0041323
04	0041324
04	0041325
04	0041326
04	0041327
04	0041328
04	0041329
04	0041330
04	0041331
04	0041332
04	0041333
04	0041334
04	0041335
04	0041336
04	0041337
04	0041338
04	0041339
04	0041340
04	0041341
04	0041342
04	0041343
04	0041344
04	0041345
04	0041346
04	0041347
04	0041348
04	0041349
04	0041350
04	0041351
04	0041352
04	0041353
04	0041354
04	0041355
04	0041356
04	0041357
04	0041358
04	0041359
04	0041360
04	0041361
04	0041362
04	0041363
04	0041364
04	0041365
04	0041366
04	0041367
04	0041368
04	0041369
04	0041370
04	0041371
04	0041372
04	0041373
04	0041374
04	0041375
04	0041376
04	0041377
04	0041378
04	0041379
04	0041380
04	0041381
04	0041382
04	0041383
04	0041384
04	0041385
04	0041386
04	0041387
04	0041389
04	0041390
04	0041391
04	0041392
04	0041393
04	0041394
04	0041395
04	0041396
04	0041397
04	0041398
04	0041399
04	0041400
04	0041401
04	0041402
04	0041403
04	0041404
04	0041405
04	0041406
04	0041407
04	0041408
04	0041410
04	0041411
04	0041412
04	0041413
04	0041414
04	0041415
04	0041416
04	0041417
04	0041418
04	0041419
04	0041420
04	0041421
04	0041422
04	0041423
04	0041424
04	0041425
04	0041426
04	0041427
04	0041428
04	0041429
04	0041430
04	0041431
04	0041432
04	0041433
04	0041434
04	0041435
04	0041436
04	0041437
04	0041438
04	0041439
04	0041440
04	0041441
04	0041442
04	0041443
04	0041444
04	0041445
04	0041446
04	0041447
04	0041448
04	0041449
04	0041450
04	0041451
04	0041452
04	0041453
04	0041454
04	0041455
04	0041456
04	0041457
04	0041458
04	0041459
04	0041460
04	0041461
04	0041462
04	0041463
04	0041464
04	0041465
04	0041466
04	0041467
04	0041468
04	0041469
04	0041470
04	0041471
04	0041472
04	0041473
04	0041474
04	0041475
04	0041476
04	0041477
04	0041478
04	0041479
04	0041480
04	0041481
04	0041482
04	0041483
04	0041484
04	0041485
04	0041486
04	0041487
04	0041488
04	0041489
04	0041490
04	0041491
04	0041492
04	0041493
04	0041494
04	0041495
04	0041496
04	0041497
04	0041498
04	0041499
04	0041500
04	0041501
04	0041502
04	0041503
04	0041504
04	0041505
04	0041506
04	0041507
04	0041508
04	0041509
04	0041510
04	0041511
04	0041512
04	0041513
04	0041514
04	0041515
04	0041516
04	0041517
04	0041518
04	0041519
04	0041520
04	0041521
04	0041522
04	0041523
04	0041524
04	0041525
04	0041526
04	0041527
04	0041528
04	0041529
04	0041530
04	0041531
04	0041532
04	0041533
04	0041534
04	0041535
04	0041536
04	0041537
04	0041538
04	0041539
04	0041540
04	0041541
04	0041542
04	0041543
04	0041544
04	0041545
04	0041546
04	0041547
04	0041548
04	0041549
04	0041550
04	0041551
04	0041552
04	0041553
04	0041554
04	0041555
04	0041556
04	0041557
04	0041558
04	0041559
04	0041560
04	0041561
04	0041562
04	0041563
04	0041564
04	0041565
04	0041566
04	0041567
04	0041568
04	0041569
04	0041570
04	0041571
04	0041572
04	0041573
04	0041574
04	0041575
04	0041576
04	0041577
04	0041578
04	0041579
04	0041580
04	0041581
04	0041582
04	0041583
04	0041584
04	0041585
04	0041586
04	0041587
04	0041588
04	0041589
04	0041590
04	0041591
04	0041592
04	0041593
04	0041594
04	0041595
04	0041596
04	0041597
04	0041598
04	0041599
04	0041600
04	0041601
04	0041602
04	0041603
04	0041604
04	0041605
04	0041606
04	0041607
04	0041608
04	0041609
04	0041610
04	0041611
04	0041612
04	0041613
04	0041614
04	0041615
04	0041616
04	0041617
04	0041618
04	0041619
04	0041620
04	0041621
04	0041622
04	0041623
04	0041624
04	0041625
04	0041626
04	0041627
04	0041628
04	0041629
04	0041630
04	0041631
04	0041632
04	0041633
04	0041634
04	0041635
04	0041636
04	0041637
04	0041638
04	0041639
04	0041640
04	0041641
04	0041642
04	0041643
04	0041644
04	0041645
04	0041646
04	0041647
04	0041648
04	0041649
04	0041650
04	0041651
04	0041652
04	0041653
04	0041654
04	0041655
04	0041656
04	0041657
04	0041658
04	0041659
04	0041660
04	0041661
04	0041662
04	0041663
04	0041664
04	0041665
04	0041666
04	0041667
04	0041668
04	0041669
04	0041670
04	0041671
04	0041672
04	0041673
04	0041674
04	0041675
04	0041676
04	0041677
04	0041678
04	0041679
04	0041680
04	0041681
04	0041682
04	0041683
04	0041684
04	0041685
04	0041686
04	0041687
04	0041688
04	0041689
04	0041690
04	0041691
04	0041692
04	0041693
04	0041694
04	0041695
04	0041696
04	0041697
04	0041698
04	0041699
04	0041700
04	0041701
04	0041702
04	0041703
04	0041704
04	0041705
04	0041706
04	0041707
04	0041708
04	0041709
04	0041710
04	0041711
04	0041712
04	0041713
04	0041714
04	0041715
04	0041716
04	0041717
04	0041718
04	0041719
04	0041720
04	0041721
04	0041722
04	0041723
04	0041724
04	0041725
04	0041726
04	0041727
04	0041728
04	0041729
04	0041730
04	0041731
04	0041732
04	0041733
04	0041734
04	0041735
04	0041736
04	0041737
04	0041738
04	0041739
04	0041740
04	0041741
04	0041742
04	0041743
04	0041744
04	0041745
04	0041746
04	0041747
04	0041748
04	0041749
04	0041750
04	0041751
04	0041752
04	0041753
04	0041754
04	0041755
04	0041756
04	0041757
04	0041758
04	0041759
04	0041760
04	0041761
04	0041762
04	0041763
04	0041764
04	0041765
04	0041766
04	0041767
04	0041768
04	0041769
04	0041770
04	0041771
04	0041772
04	0041773
04	0041774
04	0041775
04	0041776
04	0041777
04	0041778
04	0041779
04	0041780
04	0041781
04	0041782
04	0041783
04	0041784
04	0041785
04	0041786
04	0041787
04	0041788
04	0041789
04	0041790
04	0041791
04	0041792
04	0041793
04	0041794
04	0041795
04	0041796
04	0041797
04	0041798
04	0041799
04	0041800
04	0041801
04	0041802
04	0041803
04	0041804
04	0041805
04	0041806
04	0041807
04	0041808
04	0041809
04	0041810
04	0041811
04	0041812
04	0041813
04	0041814
04	0041815
04	0041816
04	0041817
04	0041818
04	0041819
04	0041820
04	0041821
04	0041822
04	0041823
04	0041824
04	0041825
04	0041826
04	0041827
04	0041828
04	0041829
04	0041830
04	0041831
04	0041832
04	0041833
04	0041834
04	0041835
04	0041836
04	0041837
04	0041838
04	0041839
04	0041840
04	0041841
04	0041842
04	0041843
04	0041844
04	0041845
04	0041846
04	0041847
04	0041848
04	0041849
04	0041850
04	0041851
04	0041852
04	0041853
04	0041854
04	0041855
04	0041856
04	0041857
04	0041858
04	0041859
04	0041860
04	0041861
04	0041862
04	0041863
04	0041864
04	0041865
04	0041866
04	0041867
04	0041868
04	0041869
04	0041870
04	0041871
04	0041872
04	0041873
04	0041874
04	0041875
04	0041876
04	0041877
04	0041878
04	0041879
04	0041880
04	0041881
04	0041882
04	0041883
04	0041884
04	0041885
04	0041886
04	0041887
04	0041888
04	0041889
04	0041890
04	0041891
04	0041892
04	0041893
04	0041894
04	0041895
04	0041896
04	0041897
04	0041898
04	0041899
04	0041900
04	0041901
04	0041902
04	0041903
04	0041904
04	0041905
04	0041906
04	0041907
04	0041908
04	0041909
04	0041910
04	0041911
04	0041912
04	0041913
04	0041914
04	0041915
04	0041916
04	0041917
04	0041918
04	0041919
04	0041920
04	0041921
04	0041922
04	0041923
04	0041924
04	0041925
04	0041926
04	0041927
04	0041928
04	0041929
04	0041930
04	0041931
04	0041932
04	0041933
04	0041934
04	0041935
04	0041936
04	0041937
04	0041938
04	0041939
04	0041940
04	0041941
04	0041942
04	0041943
04	0041944
04	0041945
04	0041946
04	0041947
04	0041948
04	0041949
04	0041950
04	0041951
04	0041952
04	0041953
04	0041954
04	0041955
04	0041956
04	0041957
04	0041958
04	0041960
04	0041961
04	0041962
04	0041963
04	0041964
04	0041965
04	0041966
04	0041967
04	0041968
04	0041969
04	0041970
04	0041971
04	0041972
04	0041973
04	0041974
04	0041975
04	0041976
04	0041977
04	0041978
04	0041979
04	0041980
04	0041981
04	0041982
04	0041983
04	0041984
04	0041985
04	0041986
04	0041987
04	0041988
04	0041989
04	0041990
04	0041991
04	0041992
04	0041993
04	0041994
04	0041995
04	0041996
04	0041997
04	0041998
04	0041999
04	0042000
04	0042001
04	0042002
04	0042003
04	0042004
04	0042005
04	0042006
04	0042007
04	0042008
04	0042009
04	0042010
04	0042011
04	0042012
04	0042013
04	0042014
04	0042015
04	0042016
04	0042017
04	0042018
04	0042019
04	0042020
04	0042021
04	0042022
04	0042023
04	0042025
04	0042026
04	0042027
04	0042028
04	0042029
04	0042030
04	0042031
04	0042032
04	0042033
04	0042034
04	0042035
04	0042036
04	0042037
04	0042038
04	0042039
04	0042040
04	0042041
04	0042042
04	0042043
04	0042044
04	0042045
04	0042046
04	0042047
04	0042048
04	0042049
04	0042050
04	0042051
04	0042052
04	0042053
04	0042054
04	0042055
04	0042056
04	0042057
04	0042058
04	0042059
04	0042060
04	0042061
04	0042062
04	0042063
04	0042064
04	0042065
04	0042066
04	0042067
04	0042068
04	0042069
04	0042070
04	0042071
04	0042072
04	0042073
04	0042074
04	0042075
04	0042076
04	0042077
04	0042078
04	0042079
04	0042080
04	0042081
04	0042082
04	0042083
04	0042084
04	0042085
04	0042086
04	0042087
04	0042088
04	0042089
04	0042090
04	0042091
04	0042092
04	0042093
04	0042094
04	0042095
04	0042096
04	0042097
04	0042098
04	0042099
04	0042100
04	0042101
04	0042102
04	0042103
04	0042104
04	0042105
04	0042106
04	0042107
04	0042108
04	0042109
04	0042110
04	0042111
04	0042112
04	0042113
04	0042114
04	0042115
04	0042116
04	0042117
04	0042118
04	0042119
04	0042120
04	0042121
04	0042122
04	0042123
04	0042124
04	0042125
04	0042126
04	0042127
04	0042128
04	0042129
04	0042130
04	0042131
04	0042132
04	0042133
04	0042134
04	0042135
04	0042136
04	0042137
04	0042138
04	0042139
04	0042140
04	0042141
04	0042142
04	0042143
04	0042144
04	0042145
04	0042146
04	0042147
04	0042148
04	0042149
04	0042150
04	0042151
04	0042152
04	0042153
04	0042154
04	0042155
04	0042156
04	0042157
04	0042158
04	0042159
04	0042160
04	0042161
04	0042162
04	0042163
04	0042164
04	0042165
04	0042166
04	0042167
04	0042168
04	0042169
04	0042170
04	0042171
04	0042172
04	0042173
04	0042174
04	0042175
04	0042176
04	0042177
04	0042178
04	0042179
04	0042180
04	0042181
04	0042182
04	0042183
04	0042184
04	0042185
04	0042186
04	0042187
04	0042188
04	0042189
04	0042190
04	0042191
04	0042192
04	0042193
04	0042194
04	0042195
04	0042196
04	0042197
04	0042198
04	0042199
04	0042200
04	0042201
04	0042202
04	0042203
04	0042204
04	0042205
04	0042206
04	0042207
04	0042208
04	0042209
04	0042210
04	0042211
04	0042212
04	0042213
04	0042214
04	0042215
04	0042216
04	0042217
04	0042218
04	0042219
04	0042220
04	0042221
04	0042222
04	0042223
04	0042224
04	0042225
04	0042226
04	0042227
04	0042228
04	0042229
04	0042230
04	0042231
04	0042232
04	0042233
04	0042234
04	0042235
04	0042236
04	0042237
04	0042238
04	0042239
04	0042240
04	0042241
04	0042242
04	0042243
04	0042244
04	0042245
04	0042246
04	0042248
04	0042249
04	0042250
04	0042251
04	0042252
04	0042253
04	0042254
04	0042255
04	0042256
04	0042257
04	0042258
04	0042259
04	0042260
04	0042261
04	0042262
04	0042263
04	0042264
04	0042265
04	0042266
04	0042267
04	0042268
04	0042269
04	0042270
04	0042271
04	0042272
04	0042273
04	0042274
04	0042275
04	0042276
04	0042277
04	0042278
04	0042279
04	0042280
04	0042281
04	0042282
04	0042283
04	0042284
04	0042285
04	0042286
04	0042287
04	0042288
04	0042289
04	0042290
04	0042291
04	0042292
04	0042293
04	0042294
04	0042295
04	0042296
04	0042297
04	0042298
04	0042299
04	0042300
04	0042301
04	0042302
04	0042303
04	0042304
04	0042305
04	0042306
04	0042307
04	0042308
04	0042309
04	0042310
04	0042311
04	0042312
04	0042313
04	0042314
04	0042315
04	0042316
04	0042317
04	0042318
04	0042319
04	0042320
04	0042321
04	0042322
04	0042323
04	0042324
04	0042325
04	0042326
04	0042327
04	0042328
04	0042329
04	0042330
04	0042331
04	0042332
04	0042333
04	0042334
04	0042335
04	0042336
04	0042337
04	0042338
04	0042339
04	0042340
04	0042341
04	0042342
04	0042343
04	0042344
04	0042345
04	0042346
04	0042347
04	0042348
04	0042349
04	0042350
04	0042351
04	0042352
04	0042353
04	0042354
04	0042355
04	0042356
04	0042357
04	0042358
04	0042359
04	0042360
04	0042361
04	0042362
04	0042363
04	0042364
04	0042365
04	0042366
04	0042367
04	0042368
04	0042369
04	0042370
04	0042371
04	0042372
04	0042373
04	0042374
04	0042375
04	0042376
04	0042377
04	0042378
04	0042379
04	0042380
04	0042381
04	0042382
04	0042383
04	0042384
04	0042385
04	0042386
04	0042387
04	0042388
04	0042389
04	0042390
04	0042391
04	0042392
04	0042393
04	0042394
04	0042395
04	0042396
04	0042397
04	0042398
04	0042399
04	0042400
04	0042401
04	0042402
04	0042403
04	0042404
04	0042405
04	0042406
04	0042407
04	0042408
04	0042409
04	0042410
04	0042411
04	0042412
04	0042413
04	0042414
04	0042415
04	0042416
04	0042417
04	0042418
04	0042419
04	0042420
04	0042421
04	0042422
04	0042423
04	0042424
04	0042425
04	0042426
04	0042427
04	0042428
04	0042429
04	0042430
04	0042431
04	0042432
04	0042433
04	0042434
04	0042435
04	0042436
04	0042437
04	0042438
04	0042439
04	0042440
04	0042441
04	0042442
04	0042443
04	0042444
04	0042445
04	0042446
04	0042447
04	0042448
04	0042449
04	0042450
04	0042451
04	0042452
04	0042453
04	0042454
04	0042455
04	0042456
04	0042457
04	0042458
04	0042459
04	0042460
04	0042461
04	0042462
04	0042463
04	0042464
04	0042465
04	0042466
04	0042467
04	0042468
04	0042469
04	0042470
04	0042471
04	0042472
04	0042473
04	0042474
04	0042475
04	0042476
04	0042477
04	0042478
04	0042479
04	0042480
04	0042481
04	0042482
04	0042483
04	0042484
04	0042485
04	0042486
04	0042487
04	0042488
04	0042489
04	0042490
04	0042491
04	0042492
04	0042493
04	0042494
04	0042495
04	0042496
04	0042497
04	0042498
04	0042499
04	0042500
04	0042501
04	0042502
04	0042503
04	0042504
04	0042505
04	0042506
04	0042507
04	0042508
04	0042509
04	0042510
04	0042511
04	0042512
04	0042513
04	0042514
04	0042515
04	0042516
04	0042517
04	0042518
04	0042519
04	0042520
04	0042521
04	0042522
04	0042523
04	0042524
04	0042525
04	0042526
04	0042527
04	0042528
04	0042529
04	0042530
04	0042531
04	0042532
04	0042533
04	0042534
04	0042535
04	0042536
04	0042537
04	0042538
04	0042539
04	0042540
04	0042541
04	0042542
04	0042543
04	0042544
04	0042545
04	0042546
04	0042547
04	0042548
04	0042549
04	0042550
04	0042551
04	0042552
04	0042553
04	0042554
04	0042555
04	0042556
04	0042557
04	0042558
04	0042559
04	0042560
04	0042561
04	0042562
04	0042563
04	0042564
04	0042565
04	0042566
04	0042567
04	0042568
04	0042569
04	0042570
04	0042571
04	0042572
04	0042573
04	0042574
04	0042575
04	0042576
04	0042577
04	0042578
04	0042579
04	0042580
04	0042581
04	0042582
04	0042583
04	0042584
04	0042585
04	0042586
04	0042587
04	0042588
04	0042589
04	0042590
04	0042591
04	0042592
04	0042593
04	0042594
04	0042595
04	0042596
04	0042597
04	0042598
04	0042599
04	0042600
04	0042601
04	0042602
04	0042603
04	0042604
04	0042605
04	0042606
04	0042607
04	0042608
04	0042609
04	0042610
04	0042611
04	0042612
04	0042613
04	0042614
04	0042615
04	0042616
04	0042617
04	0042618
04	0042619
04	0042620
04	0042621
04	0042622
04	0042623
04	0042624
04	0042625
04	0042626
04	0042627
04	0042628
04	0042629
04	0042630
04	0042631
04	0042632
04	0042633
04	0042634
04	0042635
04	0042636
04	0042637
04	0042638
04	0042639
04	0042640
04	0042641
04	0042642
04	0042643
04	0042644
04	0042645
04	0042646
04	0042647
04	0042648
04	0042649
04	0042650
04	0042651
04	0042652
04	0042653
04	0042654
04	0042655
04	0042656
04	0042657
04	0042658
04	0042659
04	0042660
04	0042661
04	0042662
04	0042663
04	0042664
04	0042665
04	0042666
04	0042667
04	0042668
04	0042669
04	0042670
04	0042671
04	0042672
04	0042673
04	0042674
04	0042675
04	0042676
04	0042677
04	0042678
04	0042679
04	0042680
04	0042681
04	0042682
04	0042683
04	0042684
04	0042685
04	0042686
04	0042687
04	0042688
04	0042689
04	0042690
04	0042691
04	0042692
04	0042693
04	0042694
04	0042695
04	0042696
04	0042697
04	0042698
04	0042699
04	0042700
04	0042701
04	0042702
04	0042703
04	0042704
04	0042705
04	0042706
04	0042707
04	0042708
04	0042709
04	0042710
04	0042711
04	0042712
04	0042713
04	0042714
04	0042715
04	0042716
04	0042717
04	0042718
04	0042719
04	0042720
04	0042721
04	0042722
04	0042723
04	0042724
04	0042725
04	0042726
04	0042727
04	0042728
04	0042729
04	0042730
04	0042731
04	0042732
04	0042733
04	0042734
04	0042735
04	0042736
04	0042737
04	0042738
04	0042739
04	0042740
04	0042741
04	0042742
04	0042743
04	0042744
04	0042745
04	0042746
04	0042747
04	0042748
04	0042749
04	0042750
04	0042751
04	0042752
04	0042753
04	0042754
04	0042755
04	0042756
04	0042757
04	0042758
04	0042759
04	0042760
04	0042761
04	0042762
04	0042763
04	0042764
04	0042765
04	0042766
04	0042767
04	0042768
04	0042769
04	0042770
04	0042771
04	0042772
04	0042773
04	0042774
04	0042775
04	0042776
04	0042777
04	0042778
04	0042779
04	0042780
04	0042781
04	0042782
04	0042783
04	0042784
04	0042785
04	0042786
04	0042787
04	0042788
04	0042789
04	0042790
04	0042791
04	0042792
04	0042793
04	0042794
04	0042795
04	0042796
04	0042797
04	0042798
04	0042799
04	0042800
04	0042801
04	0042802
04	0042803
04	0042804
04	0042805
04	0042806
04	0042807
04	0042808
04	0042809
04	0042810
04	0042811
04	0042812
04	0042813
04	0042814
04	0042815
04	0042816
04	0042817
04	0042818
04	0042819
04	0042820
04	0042821
04	0042822
04	0042823
04	0042824
04	0042825
04	0042826
04	0042827
04	0042828
04	0042829
04	0042830
04	0042831
04	0042832
04	0042833
04	0042834
04	0042835
04	0042836
04	0042837
04	0042838
04	0042839
04	0042840
04	0042841
04	0042842
04	0042843
04	0042844
04	0042845
04	0042846
04	0042847
04	0042848
04	0042849
04	0042850
04	0042851
04	0042852
04	0042853
04	0042854
04	0042855
04	0042856
04	0042857
04	0042858
04	0042859
04	0042860
04	0042861
04	0042862
04	0042863
04	0042864
04	0042865
04	0042866
04	0042867
04	0042868
04	0042869
04	0042870
04	0042871
04	0042872
04	0042873
04	0042874
04	0042875
04	0042876
04	0042877
04	0042878
04	0042879
04	0042880
04	0042881
04	0042882
04	0042883
04	0042884
04	0042885
04	0042886
04	0042887
04	0042888
04	0042889
04	0042890
04	0042891
04	0042892
04	0042893
04	0042894
04	0042895
04	0042896
04	0042897
04	0042898
04	0042899
04	0042900
04	0042901
04	0042902
04	0042903
04	0042904
04	0042905
04	0042906
04	0042907
04	0042908
04	0042909
04	0042910
04	0042911
04	0042912
04	0042913
04	0042914
04	0042915
04	0042916
04	0042917
04	0042918
04	0042919
04	0042920
04	0042921
04	0042922
04	0042923
04	0042924
04	0042925
04	0042926
04	0042927
04	0042928
04	0042929
04	0042930
04	0042931
04	0042932
04	0042933
04	0042934
04	0042935
04	0042936
04	0042937
04	0042938
04	0042939
04	0042940
04	0042941
04	0042942
04	0042943
04	0042944
04	0042945
04	0042946
04	0042947
04	0042948
04	0042949
04	0042950
04	0042951
04	0042952
04	0042953
04	0042954
04	0042955
04	0042956
04	0042957
04	0042958
04	0042959
04	0042960
04	0042961
04	0042962
04	0042963
04	0042964
04	0042965
04	0042966
04	0042967
04	0042968
04	0042969
04	0042970
04	0042971
04	0042972
04	0042973
04	0042974
04	0042975
04	0042976
04	0042977
04	0042978
04	0042979
04	0042980
04	0042981
04	0042982
04	0042983
04	0042984
04	0042985
04	0042986
04	0042987
04	0042988
04	0042989
04	0042990
04	0042991
04	0042992
04	0042993
04	0042994
04	0042995
04	0042996
04	0042997
04	0042998
04	0042999
04	0043000
04	0043001
04	0043002
04	0043003
04	0043004
04	0043005
04	0043006
04	0043007
04	0043008
04	0043009
04	0043010
04	0043011
04	0043012
04	0043013
04	0043014
04	0043015
04	0043016
04	0043017
04	0043018
04	0043019
04	0043020
04	0043021
04	0043022
04	0043023
04	0043024
04	0043025
04	0043026
04	0043027
04	0043028
04	0043029
04	0043030
04	0043031
04	0043032
04	0043033
04	0043034
04	0043035
04	0043036
04	0043037
04	0043038
04	0043039
04	0043040
04	0043041
04	0043042
04	0043043
04	0043044
04	0043045
04	0043046
04	0043047
04	0043048
04	0043049
04	0043050
04	0043051
04	0043052
04	0043053
04	0043054
04	0043055
04	0043056
04	0043057
04	0043058
04	0043059
04	0043060
04	0043061
04	0043062
04	0043063
04	0043064
04	0043065
04	0043066
04	0043067
04	0043068
04	0043069
04	0043070
04	0043071
04	0043072
04	0043073
04	0043074
04	0043075
04	0043076
04	0043077
04	0043078
04	0043079
04	0043080
04	0043081
04	0043082
04	0043083
04	0043084
04	0043085
04	0043086
04	0043087
04	0043088
04	0043089
04	0043090
04	0043091
04	0043092
04	0043093
04	0043094
04	0043095
04	0043096
04	0043097
04	0043098
04	0043099
04	0043100
04	0043101
04	0043102
04	0043103
04	0043104
04	0043105
04	0043106
04	0043107
04	0043108
04	0043109
04	0043110
04	0043111
04	0043112
04	0043113
04	0043114
04	0043115
04	0043116
04	0043117
04	0043118
04	0043119
04	0043120
04	0043121
04	0043122
04	0043123
04	0043124
04	0043125
04	0043126
04	0043127
04	0043128
04	0043129
04	0043130
04	0043131
04	0043132
04	0043133
04	0043134
04	0043135
04	0043136
04	0043137
04	0043138
04	0043139
04	0043140
04	0043141
04	0043142
04	0043143
04	0043144
04	0043145
04	0043146
04	0043147
04	0043148
04	0043149
04	0043150
04	0043151
04	0043152
04	0043153
04	0043154
04	0043155
04	0043156
04	0043157
04	0043158
04	0043159
04	0043160
04	0043161
04	0043162
04	0043163
04	0043164
04	0043165
04	0043166
04	0043167
04	0043168
04	0043169
04	0043170
04	0043171
04	0043172
04	0043173
04	0043174
04	0043175
04	0043176
04	0043177
04	0043178
04	0043179
04	0043180
04	0043181
04	0043182
04	0043183
04	0043184
04	0043185
04	0043186
04	0043187
04	0043188
04	0043189
04	0043190
04	0043191
04	0043192
04	0043193
04	0043194
04	0043195
04	0043196
04	0043197
04	0043198
04	0043199
04	0043200
04	0043201
04	0043202
04	0043203
04	0043204
04	0043205
04	0043206
04	0043207
04	0043208
04	0043209
04	0043210
04	0043211
04	0043212
04	0043213
04	0043214
04	0043215
04	0043216
04	0043217
04	0043218
04	0043219
04	0043220
04	0043221
04	0043222
04	0043223
04	0043224
04	0043225
04	0043226
04	0043227
04	0043228
04	0043229
04	0043230
04	0043231
04	0043232
04	0043233
04	0043234
04	0043235
04	0043236
04	0043237
04	0043238
04	0043239
04	0043240
04	0043241
04	0043242
04	0043243
04	0043244
04	0043245
04	0043246
04	0043247
04	0043248
04	0043249
04	0043250
04	0043251
04	0043252
04	0043253
04	0043254
04	0043255
04	0043256
04	0043257
04	0043258
04	0043259
04	0043260
04	0043261
04	0043262
04	0043263
04	0043264
04	0043265
04	0043266
04	0043267
04	0043268
04	0043269
04	0043270
04	0043271
04	0043272
04	0043273
04	0043274
04	0043275
04	0043276
04	0043277
04	0043278
04	0043279
04	0043280
04	0043281
04	0043282
04	0043283
04	0043284
04	0043285
04	0043286
04	0043287
04	0043288
04	0043289
04	0043290
04	0043291
04	0043292
04	0043293
04	0043294
04	0043295
04	0043296
04	0043297
04	0043298
04	0043299
04	0043300
04	0043301
04	0043302
04	0043303
04	0043304
04	0043305
04	0043306
04	0043307
04	0043308
04	0043309
04	0043310
04	0043311
04	0043312
04	0043313
04	0043314
04	0043315
04	0043316
04	0043317
04	0043318
04	0043319
04	0043320
04	0043321
04	0043322
04	0043323
04	0043324
04	0043325
04	0043326
04	0043327
04	0043328
04	0043329
04	0043330
04	0043331
04	0043332
04	0043333
04	0043334
04	0043335
04	0043336
04	0043337
04	0043338
04	0043339
04	0043340
04	0043341
04	0043342
04	0043343
04	0043344
04	0043345
04	0043346
04	0043347
04	0043348
04	0043349
04	0043350
04	0043351
04	0043352
04	0043353
04	0043354
04	0043355
04	0043356
04	0043357
04	0043358
04	0043359
04	0043360
04	0043361
04	0043362
04	0043363
04	0043364
04	0043365
04	0043366
04	0043367
04	0043368
04	0043369
04	0043370
04	0043371
04	0043372
04	0043373
04	0043374
04	0043375
04	0043376
04	0043377
04	0043378
04	0043379
04	0043380
04	0043381
04	0043382
04	0043383
04	0043384
04	0043385
04	0043386
04	0043387
04	0043388
04	0043389
04	0043390
04	0043391
04	0043392
04	0043393
04	0043394
04	0043395
04	0043396
04	0043397
04	0043398
04	0043399
04	0043400
04	0043401
04	0043402
04	0043403
04	0043404
04	0043405
04	0043406
04	0043407
04	0043408
04	0043409
04	0043410
04	0043411
04	0043412
04	0043413
04	0043414
04	0043415
04	0043416
04	0043417
04	0043418
04	0043419
04	0043420
04	0043421
04	0043422
04	0043423
04	0043424
04	0043425
04	0043426
04	0043427
04	0043428
04	0043429
04	0043430
04	0043431
04	0043432
04	0043433
04	0043434
04	0043435
04	0043436
04	0043437
04	0043438
04	0043439
04	0043440
04	0043441
04	0043442
04	0043443
04	0043444
04	0043445
04	0043446
04	0043447
04	0043448
04	0043449
04	0043450
04	0043451
04	0043452
04	0043453
04	0043454
04	0043455
04	0043456
04	0043457
04	0043458
04	0043459
04	0043460
04	0043461
04	0043462
04	0043463
04	0043464
04	0043465
04	0043466
04	0043467
04	0043468
04	0043469
04	0043470
04	0043471
04	0043472
04	0043473
04	0043474
04	0043475
04	0043476
04	0043477
04	0043478
04	0043479
04	0043480
04	0043481
04	0043482
04	0043483
04	0043484
04	0043485
04	0043486
04	0043487
04	0043488
04	0043489
04	0043490
04	0043491
04	0043492
04	0043493
04	0043494
04	0043495
04	0043496
04	0043497
04	0043498
04	0043499
04	0043500
04	0043501
04	0043502
04	0043503
04	0043504
04	0043505
04	0043506
04	0043507
04	0043508
04	0043509
04	0043510
04	0043511
04	0043512
04	0043513
04	0043514
04	0043515
04	0043516
04	0043517
04	0043518
04	0043519
04	0043520
04	0043521
04	0043522
04	0043523
04	0043524
04	0043525
04	0043526
04	0043527
04	0043528
04	0043529
04	0043530
04	0043531
04	0043532
04	0043533
04	0043534
04	0043535
04	0043536
04	0043537
04	0043538
04	0043539
04	0043540
04	0043541
04	0043542
04	0043543
04	0043544
04	0043545
04	0043546
04	0043547
04	0043548
04	0043549
04	0043550
04	0043551
04	0043552
04	0043553
04	0043554
04	0043555
04	0043556
04	0043557
04	0043558
04	0043559
04	0043560
04	0043561
04	0043562
04	0043563
04	0043564
04	0043565
04	0043566
04	0043567
04	0043568
04	0043569
04	0043570
04	0043571
04	0043572
04	0043573
04	0043574
04	0043575
04	0043576
04	0043577
04	0043578
04	0043579
04	0043580
04	0043581
04	0043582
04	0043583
04	0043584
04	0043585
04	0043586
04	0043587
04	0043588
04	0043589
04	0043590
04	0043591
04	0043592
04	0043593
04	0043594
04	0043595
04	0043596
04	0043597
04	0043598
04	0043599
04	0043600
04	0043601
04	0043602
04	0043603
04	0043604
04	0043605
04	0043606
04	0043607
04	0043608
04	0043609
04	0043610
04	0043611
04	0043612
04	0043613
04	0043614
04	0043615
04	0043616
04	0043617
04	0043618
04	0043619
04	0043620
04	0043621
04	0043622
04	0043623
04	0043624
04	0043625
04	0043626
04	0043627
04	0043628
04	0043629
04	0043630
04	0043631
04	0043632
04	0043633
04	0043634
04	0043635
04	0043636
04	0043637
04	0043638
04	0043639
04	0043640
04	0043641
04	0043642
04	0043643
04	0043644
04	0043645
04	0043646
04	0043647
04	0043648
04	0043649
04	0043650
04	0043651
04	0043652
04	0043653
04	0043654
04	0043655
04	0043656
04	0043657
04	0043658
04	0043659
04	0043660
04	0043661
04	0043662
04	0043663
04	0043664
04	0043665
04	0043666
04	0043667
04	0043668
04	0043669
04	0043670
04	0043671
04	0043672
04	0043673
04	0043674
04	0043675
04	0043676
04	0043677
04	0043678
04	0043679
04	0043680
04	0043681
04	0043682
04	0043683
04	0043684
04	0043685
04	0043686
04	0043687
04	0043688
04	0043689
04	0043690
04	0043691
04	0043692
04	0043693
04	0043694
04	0043695
04	0043696
04	0043697
04	0043698
04	0043699
04	0043700
04	0043701
04	0043702
04	0043703
04	0043704
04	0043705
04	0043706
04	0043707
04	0043708
04	0043709
04	0043710
04	0043711
04	0043712
04	0043713
04	0043714
04	0043715
04	0043716
04	0043717
04	0043718
04	0043719
04	0043720
04	0043721
04	0043722
04	0043723
04	0043724
04	0043725
04	0043726
04	0043727
04	0043728
04	0043729
04	0043730
04	0043731
04	0043732
04	0043733
04	0043734
04	0043735
04	0043736
04	0043737
04	0043738
04	0043739
04	0043740
04	0043741
04	0043742
04	0043743
04	0043744
04	0043745
04	0043746
04	0043747
04	0043748
04	0043749
04	0043750
04	0043751
04	0043752
04	0043753
04	0043754
04	0043755
04	0043756
04	0043757
04	0043758
04	0043759
04	0043760
04	0043761
04	0043762
04	0043763
04	0043764
04	0043765
04	0043766
04	0043767
04	0043768
04	0043769
04	0043770
04	0043771
04	0043772
04	0043773
04	0043774
04	0043775
04	0043776
04	0043777
04	0043778
04	0043779
04	0043780
04	0043781
04	0043782
04	0043783
04	0043784
04	0043785
04	0043786
04	0043787
04	0043788
04	0043789
04	0043790
04	0043791
04	0043792
04	0043793
04	0043794
04	0043795
04	0043796
04	0043797
04	0043798
04	0043799
04	0043800
04	0043801
04	0043802
04	0043803
04	0043804
04	0043805
04	0043806
04	0043807
04	0043808
04	0043809
04	0043810
04	0043811
04	0043812
04	0043813
04	0043814
04	0043815
04	0043816
04	0043817
04	0043818
04	0043819
04	0043820
04	0043821
04	0043822
04	0043823
04	0043824
04	0043825
04	0043826
04	0043827
04	0043828
04	0043829
04	0043830
04	0043831
04	0043832
04	0043833
04	0043834
04	0043835
04	0043836
04	0043837
04	0043838
04	0043839
04	0043840
04	0043841
04	0043842
04	0043843
04	0043844
04	0043845
04	0043846
04	0043847
04	0043848
04	0043849
04	0043850
04	0043851
04	0043852
04	0043853
04	0043854
04	0043855
04	0043856
04	0043857
04	0043858
04	0043859
04	0043860
04	0043861
04	0043862
04	0043863
04	0043864
04	0043865
04	0043866
04	0043867
04	0043868
04	0043869
04	0043870
04	0043871
04	0043872
04	0043873
04	0043874
04	0043875
04	0043876
04	0043877
04	0043878
04	0043879
04	0043880
04	0043881
04	0043882
04	0043883
04	0043884
04	0043885
04	0043886
04	0043887
04	0043888
04	0043889
04	0043890
04	0043891
04	0043892
04	0043893
04	0043894
04	0043895
04	0043896
04	0043897
04	0043898
04	0043899
04	0043900
04	0043901
04	0043902
04	0043903
04	0043904
04	0043905
04	0043906
04	0043907
04	0043908
04	0043909
04	0043910
04	0043911
04	0043912
04	0043913
04	0043914
04	0043915
04	0043916
04	0043917
04	0043918
04	0043919
04	0043920
04	0043921
04	0043922
04	0043923
04	0043924
04	0043925
04	0043926
04	0043927
04	0043928
04	0043929
04	0043930
04	0043931
04	0043932
04	0043933
04	0043934
04	0043935
04	0043936
04	0043937
04	0043938
04	0043939
04	0043940
04	0043941
04	0043942
04	0043943
04	0043944
04	0043945
04	0043946
04	0043947
04	0043948
04	0043949
04	0043950
04	0043951
04	0043952
04	0043953
04	0043954
04	0043955
04	0043956
04	0043957
04	0043958
04	0043959
04	0043960
04	0043961
04	0043962
04	0043963
04	0043964
04	0043965
04	0043966
04	0043967
04	0043968
04	0043969
04	0043970
04	0043971
04	0043972
04	0043973
04	0043974
04	0043975
04	0043976
04	0043977
04	0043978
04	0043979
04	0043980
04	0043981
04	0043982
04	0043983
04	0043984
04	0043985
04	0043986
04	0043987
04	0043988
04	0043989
04	0043990
04	0043991
04	0043992
04	0043993
04	0043994
04	0043995
04	0043996
04	0043997
04	0043998
04	0043999
04	0044000
04	0044001
04	0044002
04	0044003
04	0044004
04	0044005
04	0044006
04	0044007
04	0044008
04	0044009
04	0044010
04	0044011
04	0044012
04	0044013
04	0044014
04	0044015
04	0044016
04	0044017
04	0044018
04	0044019
04	0044020
04	0044021
04	0044022
04	0044023
04	0044024
04	0044025
04	0044026
04	0044027
04	0044028
04	0044029
04	0044030
04	0044031
04	0044032
04	0044033
04	0044034
04	0044035
04	0044036
04	0044037
04	0044038
04	0044039
04	0044040
04	0044041
04	0044042
04	0044043
04	0044044
04	0044045
04	0044046
04	0044047
04	0044048
04	0044049
04	0044050
04	0044051
04	0044052
04	0044053
04	0044054
04	0044055
04	0044056
04	0044057
04	0044058
04	0044059
04	0044060
04	0044061
04	0044062
04	0044063
04	0044064
04	0044065
04	0044066
04	0044067
04	0044068
04	0044069
04	0044070
04	0044071
04	0044072
04	0044073
04	0044074
04	0044075
04	0044076
04	0044077
04	0044078
04	0044079
04	0044080
04	0044081
04	0044082
04	0044083
04	0044084
04	0044085
04	0044086
04	0044087
04	0044088
04	0044089
04	0044090
04	0044091
04	0044092
04	0044093
04	0044094
04	0044095
04	0044096
04	0044097
04	0044098
04	0044099
04	0044100
04	0044101
04	0044102
04	0044103
04	0044104
04	0044105
04	0044106
04	0044107
04	0044108
04	0044109
04	0044110
04	0044111
04	0044112
04	0044113
04	0044114
04	0044115
04	0044116
04	0044117
04	0044118
04	0044119
04	0044120
04	0044121
04	0044122
04	0044123
04	0044124
04	0044125
04	0044126
04	0044127
04	0044128
04	0044129
04	0044130
04	0044131
04	0044132
04	0044133
04	0044134
04	0044135
04	0044136
04	0044137
04	0044138
04	0044139
04	0044140
04	0044141
04	0044142
04	0044143
04	0044144
04	0044145
04	0044146
04	0044147
04	0044148
04	0044149
04	0044150
04	0044151
04	0044152
04	0044153
04	0044154
04	0044155
04	0044156
04	0044157
04	0044158
04	0044159
04	0044160
04	0044161
04	0044162
04	0044163
04	0044164
04	0044165
04	0044166
04	0044167
04	0044168
04	0044169
04	0044170
04	0044171
04	0044172
04	0044173
04	0044174
04	0044175
04	0044176
04	0044177
04	0044178
04	0044179
04	0044180
04	0044181
04	0044182
04	0044183
04	0044184
04	0044185
04	0044186
04	0044187
04	0044188
04	0044189
04	0044190
04	0044191
04	0044192
04	0044193
04	0044194
04	0044195
04	0044196
04	0044197
04	0044198
04	0044199
04	0044200
04	0044201
04	0044202
04	0044203
04	0044204
04	0044205
04	0044206
04	0044207
04	0044208
04	0044209
04	0044210
04	0044211
04	0044212
04	0044213
04	0044214
04	0044215
04	0044216
04	0044217
04	0044218
04	0044219
04	0044220
04	0044221
04	0044222
04	0044223
04	0044224
04	0044225
04	0044226
04	0044227
04	0044228
04	0044229
04	0044230
04	0044231
04	0044232
04	0044233
04	0044234
04	0044235
04	0044236
04	0044237
04	0044238
04	0044239
04	0044240
04	0044241
04	0044242
04	0044243
04	0044244
04	0044245
04	0044246
04	0044247
04	0044248
04	0044249
04	0044250
04	0044251
04	0044252
04	0044253
04	0044254
04	0044255
04	0044256
04	0044257
04	0044258
04	0044259
04	0044260
04	0044261
04	0044262
04	0044263
04	0044264
04	0044265
04	0044266
04	0044267
04	0044268
04	0044269
04	0044270
04	0044271
04	0044272
04	0044273
04	0044274
04	0044275
04	0044276
04	0044277
04	0044278
04	0044279
04	0044280
04	0044281
04	0044282
04	0044283
04	0044284
04	0044285
04	0044286
04	0044287
04	0044288
04	0044289
04	0044290
04	0044291
04	0044292
04	0044293
04	0044294
04	0044295
04	0044296
04	0044297
04	0044298
04	0044299
04	0044300
04	0044301
04	0044302
04	0044303
04	0044304
04	0044305
04	0044306
04	0044307
04	0044308
04	0044309
04	0044310
04	0044311
04	0044312
04	0044313
04	0044314
04	0044315
04	0044316
04	0044317
04	0044318
04	0044319
04	0044320
04	0044321
04	0044322
04	0044323
04	0044324
04	0044325
04	0044326
04	0044327
04	0044328
04	0044329
04	0044330
04	0044331
04	0044332
04	0044333
04	0044334
04	0044335
04	0044336
04	0044337
04	0044338
04	0044339
04	0044340
04	0044341
04	0044342
04	0044343
04	0044344
04	0044345
04	0044346
04	0044347
04	0044348
04	0044349
04	0044350
04	0044351
04	0044352
04	0044353
04	0044354
04	0044355
04	0044356
04	0044357
04	0044358
04	0044359
04	0044360
04	0044361
04	0044362
04	0044363
04	0044364
04	0044365
04	0044366
04	0044367
04	0044368
04	0044369
04	0044370
04	0044371
04	0044372
04	0044373
04	0044374
04	0044375
04	0044376
04	0044377
04	0044378
04	0044379
04	0044380
04	0044381
04	0044382
04	0044383
04	0044384
04	0044385
04	0044386
04	0044387
04	0044388
04	0044389
04	0044390
04	0044391
04	0044392
04	0044393
04	0044394
04	0044395
04	0044396
04	0044397
04	0044398
04	0044399
04	0044400
04	0044401
04	0044402
04	0044403
04	0044404
04	0044405
04	0044406
04	0044407
04	0044408
04	0044409
04	0044410
04	0044411
04	0044412
04	0044413
04	0044414
04	0044415
04	0044416
04	0044417
04	0044418
04	0044419
04	0044420
04	0044421
04	0044422
04	0044423
04	0044424
04	0044425
04	0044426
04	0044427
04	0044428
04	0044429
04	0044430
04	0044431
04	0044432
04	0044433
04	0044434
04	0044435
04	0044436
04	0044437
04	0044438
04	0044439
04	0044440
04	0044441
04	0044442
04	0044443
04	0044444
04	0044445
04	0044446
04	0044447
04	0044448
04	0044449
04	0044450
04	0044451
04	0044452
04	0044453
04	0044454
04	0044455
04	0044456
04	0044457
04	0044458
04	0044459
04	0044460
04	0044461
04	0044462
04	0044463
04	0044464
04	0044465
04	0044466
04	0044467
04	0044468
04	0044469
04	0044470
04	0044471
04	0044472
04	0044473
04	0044474
04	0044475
04	0044476
04	0044477
04	0044478
04	0044479
04	0044480
04	0044481
04	0044482
04	0044483
04	0044484
04	0044485
04	0044486
04	0044487
04	0044488
04	0044489
04	0044490
04	0044491
04	0044492
04	0044493
04	0044494
04	0044495
04	0044496
04	0044497
04	0044498
04	0044499
04	0044500
04	0044501
04	0044502
04	0044503
04	0044504
04	0044505
04	0044506
04	0044507
04	0044508
04	0044509
04	0044510
04	0044511
04	0044512
04	0044513
04	0044514
04	0044515
04	0044516
04	0044517
04	0044518
04	0044519
04	0044520
04	0044521
04	0044522
04	0044523
04	0044524
04	0044525
04	0044526
04	0044527
04	0044528
04	0044529
04	0044530
04	0044531
04	0044532
04	0044533
04	0044534
04	0044535
04	0044536
04	0044537
04	0044538
04	0044539
04	0044540
04	0044541
04	0044542
04	0044543
04	0044544
04	0044545
04	0044546
04	0044547
04	0044548
04	0044549
04	0044550
04	0044551
04	0044552
04	0044553
04	0044554
04	0044555
04	0044556
04	0044557
04	0044558
04	0044560
04	0044561
04	0044562
04	0044563
04	0044564
04	0044565
04	0044566
04	0044567
04	0044568
04	0044569
04	0044570
04	0044571
04	0044572
04	0044573
04	0044574
04	0044575
04	0044576
04	0044577
04	0044578
04	0044579
04	0044580
04	0044581
04	0044582
04	0044583
04	0044584
04	0044585
04	0044586
04	0044587
04	0044588
04	0044589
04	0044590
04	0044591
04	0044592
04	0044593
04	0044594
04	0044595
04	0044596
04	0044597
04	0044598
04	0044599
04	0044600
04	0044601
04	0044602
04	0044603
04	0044604
04	0044605
04	0044606
04	0044607
04	0044608
04	0044609
04	0044610
04	0044611
04	0044612
04	0044613
04	0044614
04	0044615
04	0044616
04	0044617
04	0044618
04	0044619
04	0044620
04	0044621
04	0044622
04	0044623
04	0044624
04	0044625
04	0044626
04	0044627
04	0044628
04	0044629
04	0044630
04	0044631
04	0044632
04	0044633
04	0044634
04	0044635
04	0044636
04	0044637
04	0044638
04	0044639
04	0044640
04	0044641
04	0044642
04	0044643
04	0044644
04	0044645
04	0044646
04	0044647
04	0044648
04	0044649
04	0044650
04	0044651
04	0044652
04	0044653
04	0044654
04	0044655
04	0044656
04	0044657
04	0044658
04	0044659
04	0044660
04	0044661
04	0044662
04	0044663
04	0044664
04	0044665
04	0044666
04	0044667
04	0044668
04	0044669
04	0044670
04	0044671
04	0044672
04	0044673
04	0044674
04	0044675
04	0044676
04	0044677
04	0044678
04	0044679
04	0044680
04	0044681
04	0044682
04	0044683
04	0044684
04	0044685
04	0044686
04	0044687
04	0044688
04	0044689
04	0044690
04	0044691
04	0044692
04	0044693
04	0044694
04	0044695
04	0044696
04	0044697
04	0044698
04	0044699
04	0044700
04	0044701
04	0044702
04	0044703
04	0044704
04	0044705
04	0044706
04	0044707
04	0044708
04	0044709
04	0044710
04	0044711
04	0044712
04	0044713
04	0044714
04	0044715
04	0044716
04	0044717
04	0044718
04	0044719
04	0044720
04	0044721
04	0044722
04	0044723
04	0044724
04	0044725
04	0044726
04	0044727
04	0044728
04	0044729
04	0044730
04	0044731
04	0044732
04	0044733
04	0044734
04	0044735
04	0044736
04	0044737
04	0044738
04	0044739
04	0044740
04	0044741
04	0044742
04	0044743
04	0044744
04	0044745
04	0044746
04	0044747
04	0044748
04	0044749
04	0044750
04	0044751
04	0044752
04	0044753
04	0044754
04	0044755
04	0044756
04	0044757
04	0044758
04	0044759
04	0044760
04	0044761
04	0044762
04	0044763
04	0044764
04	0044765
04	0044766
04	0044767
04	0044768
04	0044769
04	0044770
04	0044771
04	0044772
04	0044773
04	0044774
04	0044775
04	0044776
04	0044777
04	0044778
04	0044779
04	0044780
04	0044781
04	0044782
04	0044783
04	0044784
04	0044785
04	0044786
04	0044787
04	0044788
04	0044789
04	0044790
04	0044791
04	0044792
04	0044793
04	0044794
04	0044795
04	0044796
04	0044797
04	0044798
04	0044799
04	0044800
04	0044801
04	0044802
04	0044803
04	0044804
04	0044805
04	0044806
04	0044807
04	0044808
04	0044809
04	0044810
04	0044811
04	0044812
04	0044813
04	0044814
04	0044815
04	0044816
04	0044817
04	0044818
04	0044819
04	0044820
04	0044821
04	0044822
04	0044823
04	0044824
04	0044825
04	0044826
04	0044827
04	0044828
04	0044829
04	0044830
04	0044831
04	0044832
04	0044833
04	0044834
04	0044835
04	0044836
04	0044837
04	0044838
04	0044839
04	0044840
04	0044841
04	0044842
04	0044843
04	0044844
04	0044845
04	0044846
04	0044847
04	0044848
04	0044849
04	0044850
04	0044851
04	0044852
04	0044853
04	0044854
04	0044855
04	0044856
04	0044857
04	0044858
04	0044859
04	0044860
04	0044861
04	0044862
04	0044863
04	0044864
04	0044865
04	0044866
04	0044867
04	0044869
04	0044870
04	0044871
04	0044872
04	0044873
04	0044874
04	0044875
04	0044876
04	0044877
04	0044878
04	0044879
04	0044880
04	0044881
04	0044882
04	0044883
04	0044884
04	0044885
04	0044886
04	0044887
04	0044888
04	0044889
04	0044890
04	0044891
04	0044892
04	0044893
04	0044894
04	0044895
04	0044896
04	0044897
04	0044898
04	0044899
04	0044900
04	0044901
04	0044902
04	0044903
04	0044904
04	0044905
04	0044906
04	0044907
04	0044908
04	0044909
04	0044910
04	0044911
04	0044912
04	0044913
04	0044914
04	0044915
04	0044916
04	0044917
04	0044918
04	0044919
04	0044920
04	0044921
04	0044922
04	0044923
04	0044924
04	0044925
04	0044926
04	0044927
04	0044928
04	0044929
04	0044930
04	0044931
04	0044932
04	0044933
04	0044934
04	0044935
04	0044936
04	0044937
04	0044938
04	0044939
04	0044940
04	0044941
04	0044942
04	0044943
04	0044944
04	0044945
04	0044946
04	0044947
04	0044948
04	0044949
04	0044950
04	0044951
04	0044952
04	0044953
04	0044954
04	0044955
04	0044956
04	0044957
04	0044958
04	0044959
04	0044960
04	0044961
04	0044962
04	0044963
04	0044964
04	0044965
04	0044966
04	0044967
04	0044968
04	0044969
04	0044970
04	0044971
04	0044972
04	0044973
04	0044974
04	0044975
04	0044976
04	0044977
04	0044978
04	0044979
04	0044980
04	0044981
04	0044982
04	0044983
04	0044984
04	0044985
04	0044986
04	0044987
04	0044988
04	0044989
04	0044990
04	0044991
04	0044992
04	0044993
04	0044994
04	0044995
04	0044996
04	0044997
04	0044998
04	0044999
04	0045000
04	0045001
04	0045002
04	0045003
04	0045004
04	0045005
04	0045006
04	0045007
04	0045008
04	0045009
04	0045010
04	0045011
04	0045012
04	0045013
04	0045014
04	0045015
04	0045016
04	0045017
04	0045018
04	0045019
04	0045020
04	0045021
04	0045022
04	0045023
04	0045024
04	0045025
04	0045026
04	0045027
04	0045028
04	0045029
04	0045030
04	0045031
04	0045032
04	0045033
04	0045034
04	0045035
04	0045036
04	0045037
04	0045038
04	0045039
04	0045040
04	0045041
04	0045042
04	0045043
04	0045044
04	0045045
04	0045046
04	0045047
04	0045048
04	0045049
04	0045050
04	0045051
04	0045052
04	0045053
04	0045054
04	0045055
04	0045056
04	0045057
04	0045058
04	0045059
04	0045060
04	0045061
04	0045062
04	0045063
04	0045064
04	0045065
04	0045066
04	0045067
04	0045068
04	0045069
04	0045070
04	0045071
04	0045072
04	0045073
04	0045074
04	0045075
04	0045076
04	0045077
04	0045078
04	0045079
04	0045080
04	0045081
04	0045082
04	0045083
04	0045084
04	0045085
04	0045086
04	0045087
04	0045088
04	0045089
04	0045090
04	0045091
04	0045092
04	0045093
04	0045094
04	0045095
04	0045096
04	0045097
04	0045098
04	0045099
04	0045100
04	0045101
04	0045102
04	0045103
04	0045104
04	0045105
04	0045106
04	0045107
04	0045108
04	0045109
04	0045110
04	0045111
04	0045112
04	0045113
04	0045114
04	0045115
04	0045116
04	0045117
04	0045118
04	0045119
04	0045120
04	0045121
04	0045122
04	0045123
04	0045124
04	0045125
04	0045126
04	0045127
04	0045128
04	0045129
04	0045130
04	0045131
04	0045132
04	0045133
04	0045134
04	0045135
04	0045136
04	0045137
04	0045138
04	0045139
04	0045140
04	0045141
04	0045142
04	0045143
04	0045144
04	0045145
04	0045146
04	0045147
04	0045148
04	0045149
04	0045150
04	0045151
04	0045152
04	0045153
04	0045154
04	0045155
04	0045156
04	0045157
04	0045158
04	0045159
04	0045160
04	0045161
04	0045162
04	0045163
04	0045164
04	0045165
04	0045166
04	0045167
04	0045168
04	0045169
04	0045170
04	0045171
04	0045172
04	0045173
04	0045174
04	0045175
04	0045176
04	0045177
04	0045178
04	0045179
04	0045180
04	0045181
04	0045182
04	0045183
04	0045184
04	0045185
04	0045186
04	0045187
04	0045188
04	0045189
04	0045190
04	0045191
04	0045192
04	0045193
04	0045194
04	0045195
04	0045196
04	0045197
04	0045198
04	0045199
04	0045200
04	0045201
04	0045202
04	0045203
04	0045204
04	0045205
04	0045206
04	0045207
04	0045208
04	0045209
04	0045210
04	0045211
04	0045212
04	0045213
04	0045214
04	0045215
04	0045216
04	0045217
04	0045218
04	0045219
04	0045220
04	0045221
04	0045222
04	0045223
04	0045224
04	0045225
04	0045226
04	0045227
04	0045228
04	0045229
04	0045230
04	0045231
04	0045232
04	0045233
04	0045234
04	0045235
04	0045236
04	0045237
04	0045238
04	0045239
04	0045240
04	0045241
04	0045242
04	0045243
04	0045244
04	0045245
04	0045246
04	0045247
04	0045248
04	0045249
04	0045250
04	0045251
04	0045252
04	0045253
04	0045254
04	0045255
04	0045256
04	0045257
04	0045258
04	0045259
04	0045260
04	0045261
04	0045262
04	0045263
04	0045264
04	0045265
04	0045266
04	0045267
04	0045268
04	0045269
04	0045270
04	0045271
04	0045272
04	0045273
04	0045274
04	0045275
04	0045276
04	0045277
04	0045278
04	0045279
04	0045280
04	0045281
04	0045282
04	0045283
04	0045284
04	0045285
04	0045286
04	0045287
04	0045288
04	0045289
04	0045290
04	0045291
04	0045292
04	0045293
04	0045294
04	0045295
04	0045296
04	0045297
04	0045298
04	0045299
04	0045300
04	0045301
04	0045302
04	0045303
04	0045304
04	0045305
04	0045306
04	0045307
04	0045308
04	0045309
04	0045310
04	0045311
04	0045312
04	0045313
04	0045314
04	0045315
04	0045316
04	0045317
04	0045318
04	0045319
04	0045320
04	0045321
04	0045322
04	0045323
04	0045324
04	0045325
04	0045326
04	0045327
04	0045328
04	0045329
04	0045330
04	0045331
04	0045332
04	0045333
04	0045334
04	0045335
04	0045336
04	0045337
04	0045338
04	0045339
04	0045340
04	0045341
04	0045342
04	0045343
04	0045344
04	0045345
04	0045346
04	0045347
04	0045348
04	0045349
04	0045350
04	0045351
04	0045352
04	0045353
04	0045354
04	0045355
04	0045356
04	0045357
04	0045358
04	0045359
04	0045360
04	0045361
04	0045362
04	0045363
04	0045364
04	0045365
04	0045366
04	0045367
04	0045368
04	0045369
04	0045370
04	0045371
04	0045372
04	0045373
04	0045374
04	0045375
04	0045376
04	0045377
04	0045378
04	0045379
04	0045380
04	0045381
04	0045382
04	0045383
04	0045384
04	0045385
04	0045386
04	0045387
04	0045388
04	0045389
04	0045390
04	0045391
04	0045392
04	0045393
04	0045394
04	0045395
04	0045396
04	0045397
04	0045398
04	0045399
04	0045400
04	0045401
04	0045402
04	0045403
04	0045404
04	0045405
04	0045406
04	0045407
04	0045408
04	0045409
04	0045410
04	0045411
04	0045412
04	0045413
04	0045414
04	0045415
04	0045416
04	0045417
04	0045418
04	0045419
04	0045420
04	0045421
04	0045422
04	0045423
04	0045424
04	0045425
04	0045426
04	0045427
04	0045428
04	0045429
04	0045430
04	0045431
04	0045432
04	0045433
04	0045434
04	0045435
04	0045436
04	0045437
04	0045438
04	0045439
04	0045440
04	0045441
04	0045442
04	0045443
04	0045444
04	0045445
04	0045446
04	0045447
04	0045448
04	0045449
04	0045450
04	0045451
04	0045452
04	0045453
04	0045454
04	0045455
04	0045456
04	0045457
04	0045458
04	0045459
04	0045460
04	0045461
04	0045462
04	0045463
04	0045464
04	0045465
04	0045466
04	0045467
04	0045468
04	0045469
04	0045470
04	0045471
04	0045472
04	0045473
04	0045474
04	0045475
04	0045476
04	0045477
04	0045478
04	0045479
04	0045480
04	0045481
04	0045482
04	0045483
04	0045484
04	0045485
04	0045486
04	0045487
04	0045488
04	0045489
04	0045490
04	0045491
04	0045492
04	0045493
04	0045494
04	0045495
04	0045496
04	0045497
04	0045498
04	0045499
04	0045500
04	0045501
04	0045502
04	0045503
04	0045504
04	0045505
04	0045506
04	0045507
04	0045508
04	0045509
04	0045510
04	0045511
04	0045512
04	0045513
04	0045514
04	0045515
04	0045516
04	0045517
04	0045518
04	0045519
04	0045520
04	0045521
04	0045522
04	0045523
04	0045524
04	0045525
04	0045526
04	0045527
04	0045528
04	0045529
04	0045530
04	0045531
04	0045532
04	0045533
04	0045534
04	0045535
04	0045536
04	0045537
04	0045538
04	0045539
04	0045540
04	0045541
04	0045542
04	0045543
04	0045544
04	0045545
04	0045546
04	0045547
04	0045548
04	0045549
04	0045550
04	0045551
04	0045552
04	0045553
04	0045554
04	0045555
04	0045556
04	0045557
04	0045558
04	0045559
04	0045560
04	0045561
04	0045562
04	0045563
04	0045564
04	0045565
04	0045566
04	0045567
04	0045568
04	0045569
04	0045570
04	0045571
04	0045572
04	0045573
04	0045574
04	0045575
04	0045576
04	0045577
04	0045578
04	0045579
04	0045580
04	0045581
04	0045582
04	0045583
04	0045584
04	0045585
04	0045586
04	0045587
04	0045588
04	0045589
04	0045590
04	0045591
04	0045592
04	0045593
04	0045594
04	0045595
04	0045596
04	0045597
04	0045598
04	0045599
04	0045600
04	0045601
04	0045602
04	0045603
04	0045604
04	0045605
04	0045606
04	0045607
04	0045608
04	0045609
04	0045610
04	0045611
04	0045612
04	0045613
04	0045614
04	0045615
04	0045616
04	0045617
04	0045618
04	0045619
04	0045620
04	0045621
04	0045622
04	0045623
04	0045624
04	0045625
04	0045626
04	0045627
04	0045628
04	0045629
04	0045630
04	0045631
04	0045632
04	0045633
04	0045634
04	0045635
04	0045636
04	0045637
04	0045638
04	0045639
04	0045640
04	0045641
04	0045642
04	0045643
04	0045644
04	0045645
04	0045646
04	0045647
04	0045648
04	0045649
04	0045650
04	0045651
04	0045652
04	0045653
04	0045654
04	0045655
04	0045656
04	0045657
04	0045658
04	0045659
04	0045660
04	0045661
04	0045662
04	0045663
04	0045664
04	0045665
04	0045666
04	0045667
04	0045668
04	0045669
04	0045670
04	0045671
04	0045672
04	0045673
04	0045674
04	0045675
04	0045676
04	0045677
04	0045678
04	0045679
04	0045680
04	0045681
04	0045682
04	0045683
04	0045684
04	0045685
04	0045686
04	0045687
04	0045688
04	0045689
04	0045690
04	0045691
04	0045692
04	0045693
04	0045694
04	0045695
04	0045696
04	0045697
04	0045698
04	0045699
04	0045700
04	0045701
04	0045702
04	0045703
04	0045704
04	0045705
04	0045706
04	0045707
04	0045708
04	0045709
04	0045710
04	0045711
04	0045712
04	0045713
04	0045714
04	0045715
04	0045716
04	0045717
04	0045718
04	0045719
04	0045720
04	0045721
04	0045722
04	0045723
04	0045724
04	0045725
04	0045726
04	0045727
04	0045728
04	0045729
04	0045730
04	0045731
04	0045732
04	0045733
04	0045734
04	0045735
04	0045736
04	0045737
04	0045738
04	0045739
04	0045740
04	0045741
04	0045742
04	0045743
04	0045744
04	0045745
04	0045746
04	0045747
04	0045748
04	0045749
04	0045750
04	0045751
04	0045752
04	0045753
04	0045754
04	0045755
04	0045756
04	0045757
04	0045758
04	0045759
04	0045760
04	0045761
04	0045762
04	0045763
04	0045764
04	0045765
04	0045766
04	0045767
04	0045768
04	0045769
04	0045770
04	0045771
04	0045772
04	0045773
04	0045774
04	0045775
04	0045776
04	0045777
04	0045778
04	0045779
04	0045780
04	0045781
04	0045782
04	0045783
04	0045784
04	0045785
04	0045786
04	0045787
04	0045788
04	0045789
04	0045790
04	0045791
04	0045792
04	0045793
04	0045794
04	0045795
04	0045796
04	0045797
04	0045798
04	0045799
04	0045800
04	0045801
04	0045803
04	0045804
04	0045805
04	0045806
04	0045807
04	0045808
04	0045809
04	0045810
04	0045811
04	0045812
04	0045813
04	0045814
04	0045815
04	0045816
04	0045817
04	0045818
04	0045819
04	0045820
04	0045821
04	0045822
04	0045823
04	0045824
04	0045825
04	0045826
04	0045827
04	0045828
04	0045829
04	0045830
04	0045831
04	0045832
04	0045833
04	0045834
04	0045835
04	0045836
04	0045837
04	0045838
04	0045839
04	0045840
04	0045841
04	0045842
04	0045843
04	0045844
04	0045845
04	0045846
04	0045847
04	0045848
04	0045849
04	0045850
04	0045851
04	0045852
04	0045853
04	0045854
04	0045855
04	0045856
04	0045857
04	0045858
04	0045859
04	0045860
04	0045861
04	0045862
04	0045863
04	0045864
04	0045865
04	0045866
04	0045867
04	0045868
04	0045869
04	0045870
04	0045871
04	0045872
04	0045873
04	0045874
04	0045875
04	0045876
04	0045877
04	0045878
04	0045879
04	0045880
04	0045881
04	0045882
04	0045883
04	0045884
04	0045885
04	0045886
04	0045887
04	0045888
04	0045889
04	0045890
04	0045891
04	0045892
04	0045893
04	0045894
04	0045895
04	0045896
04	0045897
04	0045898
04	0045899
04	0045900
04	0045901
04	0045902
04	0045903
04	0045904
04	0045905
04	0045906
04	0045907
04	0045908
04	0045909
04	0045910
04	0045911
04	0045912
04	0045913
04	0045914
04	0045915
04	0045916
04	0045917
04	0045918
04	0045919
04	0045920
04	0045921
04	0045922
04	0045923
04	0045924
04	0045925
04	0045926
04	0045927
04	0045928
04	0045929
04	0045930
04	0045931
04	0045932
04	0045933
04	0045934
04	0045935
04	0045936
04	0045937
04	0045938
04	0045939
04	0045940
04	0045941
04	0045942
04	0045943
04	0045944
04	0045945
04	0045946
04	0045947
04	0045948
04	0045949
04	0045950
04	0045951
04	0045952
04	0045953
04	0045954
04	0045955
04	0045956
04	0045957
04	0045958
04	0045959
04	0045960
04	0045961
04	0045962
04	0045963
04	0045964
04	0045965
04	0045966
04	0045967
04	0045968
04	0045969
04	0045970
04	0045971
04	0045972
04	0045973
04	0045974
04	0045975
04	0045976
04	0045977
04	0045978
04	0045979
04	0045980
04	0045981
04	0045982
04	0045983
04	0045984
04	0045985
04	0045986
04	0045987
04	0045988
04	0045989
04	0045990
04	0045991
04	0045992
04	0045993
04	0045994
04	0045995
04	0045996
04	0045997
04	0045998
04	0045999
04	0046000
04	0046001
04	0046002
04	0046003
04	0046004
04	0046005
04	0046006
04	0046007
04	0046008
04	0046009
04	0046010
04	0046011
04	0046012
04	0046013
04	0046014
04	0046015
04	0046016
04	0046017
04	0046018
04	0046019
04	0046020
04	0046021
04	0046022
04	0046023
04	0046024
04	0046025
04	0046026
04	0046027
04	0046028
04	0046029
04	0046030
04	0046031
04	0046032
04	0046033
04	0046034
04	0046035
04	0046036
04	0046037
04	0046038
04	0046039
04	0046040
04	0046041
04	0046042
04	0046043
04	0046044
04	0046045
04	0046046
04	0046047
04	0046048
04	0046049
04	0046050
04	0046051
04	0046052
04	0046053
04	0046054
04	0046055
04	0046056
04	0046057
04	0046058
04	0046059
04	0046060
04	0046061
04	0046062
04	0046063
04	0046064
04	0046065
04	0046066
04	0046067
04	0046068
04	0046069
04	0046070
04	0046071
04	0046072
04	0046073
04	0046074
04	0046075
04	0046076
04	0046077
04	0046078
04	0046079
04	0046080
04	0046081
04	0046082
04	0046083
04	0046084
04	0046085
04	0046086
04	0046087
04	0046088
04	0046089
04	0046090
04	0046091
04	0046092
04	0046093
04	0046094
04	0046095
04	0046096
04	0046097
04	0046098
04	0046099
04	0046100
04	0046101
04	0046102
04	0046103
04	0046104
04	0046105
04	0046106
04	0046107
04	0046108
04	0046109
04	0046110
04	0046111
04	0046112
04	0046113
04	0046114
04	0046115
04	0046116
04	0046117
04	0046118
04	0046119
04	0046120
04	0046121
04	0046122
04	0046123
04	0046124
04	0046125
04	0046126
04	0046127
04	0046128
04	0046129
04	0046130
04	0046131
04	0046132
04	0046133
04	0046134
04	0046135
04	0046136
04	0046137
04	0046138
04	0046139
04	0046140
04	0046141
04	0046142
04	0046143
04	0046144
04	0046145
04	0046146
04	0046147
04	0046148
04	0046149
04	0046150
04	0046151
04	0046152
04	0046153
04	0046154
04	0046155
04	0046156
04	0046157
04	0046158
04	0046159
04	0046160
04	0046161
04	0046162
04	0046163
04	0046164
04	0046165
04	0046166
04	0046167
04	0046168
04	0046169
04	0046170
04	0046171
04	0046172
04	0046173
04	0046174
04	0046175
04	0046176
04	0046177
04	0046178
04	0046179
04	0046180
04	0046181
04	0046182
04	0046183
04	0046184
04	0046185
04	0046186
04	0046187
04	0046188
04	0046189
04	0046190
04	0046191
04	0046192
04	0046193
04	0046194
04	0046195
04	0046196
04	0046197
04	0046198
04	0046199
04	0046200
04	0046201
04	0046202
04	0046203
04	0046204
04	0046205
04	0046206
04	0046207
04	0046208
04	0046209
04	0046210
04	0046211
04	0046212
04	0046213
04	0046214
04	0046215
04	0046216
04	0046217
04	0046218
04	0046219
04	0046220
04	0046221
04	0046222
04	0046223
04	0046224
04	0046225
04	0046226
04	0046227
04	0046228
04	0046229
04	0046230
04	0046231
04	0046232
04	0046233
04	0046234
04	0046235
04	0046236
04	0046237
04	0046238
04	0046239
04	0046240
04	0046241
04	0046242
04	0046243
04	0046244
04	0046245
04	0046246
04	0046247
04	0046248
04	0046249
04	0046250
04	0046251
04	0046252
04	0046253
04	0046254
04	0046255
04	0046256
04	0046257
04	0046258
04	0046259
04	0046260
04	0046261
04	0046262
04	0046263
04	0046264
04	0046265
04	0046266
04	0046267
04	0046268
04	0046269
04	0046270
04	0046271
04	0046272
04	0046273
04	0046274
04	0046275
04	0046276
04	0046277
04	0046278
04	0046279
04	0046280
04	0046281
04	0046282
04	0046283
04	0046284
04	0046285
04	0046286
04	0046287
04	0046288
04	0046289
04	0046290
04	0046291
04	0046292
04	0046293
04	0046294
04	0046295
04	0046296
04	0046297
04	0046298
04	0046299
04	0046300
04	0046301
04	0046302
04	0046303
04	0046304
04	0046305
04	0046306
04	0046307
04	0046308
04	0046309
04	0046310
04	0046311
04	0046312
04	0046313
04	0046314
04	0046315
04	0046316
04	0046317
04	0046318
04	0046319
04	0046320
04	0046321
04	0046322
04	0046323
04	0046324
04	0046325
04	0046326
04	0046327
04	0046328
04	0046329
04	0046330
04	0046331
04	0046332
04	0046333
04	0046334
04	0046335
04	0046336
04	0046337
04	0046338
04	0046339
04	0046340
04	0046341
04	0046342
04	0046343
04	0046344
04	0046345
04	0046346
04	0046347
04	0046348
04	0046349
04	0046350
04	0046351
04	0046352
04	0046353
04	0046354
04	0046355
04	0046356
04	0046357
04	0046358
04	0046359
04	0046360
04	0046361
04	0046362
04	0046363
04	0046364
04	0046365
04	0046366
04	0046367
04	0046368
04	0046369
04	0046370
04	0046371
04	0046372
04	0046373
04	0046374
04	0046375
04	0046376
04	0046377
04	0046378
04	0046379
04	0046380
04	0046381
04	0046382
04	0046383
04	0046384
04	0046385
04	0046386
04	0046387
04	0046388
04	0046389
04	0046390
04	0046391
04	0046392
04	0046393
04	0046394
04	0046395
04	0046396
04	0046397
04	0046398
04	0046399
04	0046400
04	0046401
04	0046402
04	0046403
04	0046404
04	0046405
04	0046406
04	0046407
04	0046408
04	0046409
04	0046410
04	0046411
04	0046412
04	0046413
04	0046414
04	0046415
04	0046416
04	0046417
04	0046418
04	0046419
04	0046420
04	0046421
04	0046422
04	0046423
04	0046424
04	0046425
04	0046426
04	0046427
04	0046428
04	0046429
04	0046430
04	0046431
04	0046432
04	0046433
04	0046434
04	0046435
04	0046436
04	0046437
04	0046438
04	0046439
04	0046440
04	0046441
04	0046442
04	0046443
04	0046444
04	0046445
04	0046446
04	0046447
04	0046448
04	0046449
04	0046450
04	0046451
04	0046452
04	0046453
04	0046454
04	0046455
04	0046456
04	0046457
04	0046458
04	0046459
04	0046460
04	0046461
04	0046462
04	0046463
04	0046464
04	0046465
04	0046466
04	0046467
04	0046468
04	0046469
04	0046470
04	0046471
04	0046472
04	0046473
04	0046474
04	0046475
04	0046476
04	0046477
04	0046478
04	0046479
04	0046480
04	0046481
04	0046482
04	0046483
04	0046484
04	0046485
04	0046486
04	0046487
04	0046488
04	0046489
04	0046490
04	0046491
04	0046492
04	0046493
04	0046494
04	0046495
04	0046496
04	0046497
04	0046498
04	0046499
04	0046500
04	0046501
04	0046502
04	0046503
04	0046504
04	0046505
04	0046506
04	0046507
04	0046508
04	0046509
04	0046510
04	0046511
04	0046512
04	0046513
04	0046514
04	0046515
04	0046516
04	0046517
04	0046518
04	0046519
04	0046520
04	0046521
04	0046522
04	0046523
04	0046524
04	0046525
04	0046526
04	0046527
04	0046528
04	0046529
04	0046530
04	0046531
04	0046532
04	0046533
04	0046534
04	0046535
04	0046536
04	0046537
04	0046538
04	0046539
04	0046540
04	0046541
04	0046542
04	0046543
04	0046544
04	0046545
04	0046546
04	0046547
04	0046548
04	0046549
04	0046550
04	0046551
04	0046552
04	0046553
04	0046554
04	0046555
04	0046556
04	0046557
04	0046558
04	0046559
04	0046560
04	0046561
04	0046562
04	0046563
04	0046564
04	0046565
04	0046566
04	0046567
04	0046568
04	0046569
04	0046570
04	0046571
04	0046572
04	0046573
04	0046574
04	0046575
04	0046576
04	0046577
04	0046578
04	0046579
04	0046580
04	0046581
04	0046582
04	0046583
04	0046584
04	0046585
04	0046586
04	0046587
04	0046588
04	0046589
04	0046590
04	0046591
04	0046592
04	0046593
04	0046594
04	0046595
04	0046596
04	0046597
04	0046598
04	0046599
04	0046600
04	0046601
04	0046602
04	0046603
04	0046604
04	0046605
04	0046606
04	0046607
04	0046608
04	0046609
04	0046610
04	0046611
04	0046612
04	0046613
04	0046614
04	0046615
04	0046616
04	0046617
04	0046618
04	0046619
04	0046620
04	0046621
04	0046622
04	0046623
04	0046624
04	0046625
04	0046626
04	0046627
04	0046628
04	0046629
04	0046630
04	0046631
04	0046632
04	0046633
04	0046634
04	0046635
04	0046636
04	0046637
04	0046638
04	0046639
04	0046640
04	0046641
04	0046642
04	0046643
04	0046644
04	0046645
04	0046646
04	0046647
04	0046648
04	0046649
04	0046650
04	0046651
04	0046652
04	0046653
04	0046654
04	0046655
04	0046656
04	0046657
04	0046658
04	0046659
04	0046660
04	0046661
04	0046662
04	0046663
04	0046664
04	0046665
04	0046666
04	0046667
04	0046668
04	0046669
04	0046670
04	0046671
04	0046672
04	0046673
04	0046674
04	0046675
04	0046676
04	0046677
04	0046678
04	0046679
04	0046680
04	0046681
04	0046682
04	0046683
04	0046684
04	0046685
04	0046686
04	0046687
04	0046688
04	0046689
04	0046690
04	0046691
04	0046692
04	0046693
04	0046694
04	0046695
04	0046697
04	0046698
04	0046699
04	0046700
04	0046701
04	0046702
04	0046703
04	0046704
04	0046705
04	0046706
04	0046707
04	0046708
04	0046709
04	0046710
04	0046711
04	0046712
04	0046713
04	0046714
04	0046715
04	0046716
04	0046717
04	0046718
04	0046719
04	0046720
04	0046721
04	0046722
04	0046723
04	0046724
04	0046725
04	0046726
04	0046727
04	0046728
04	0046729
04	0046730
04	0046731
04	0046732
04	0046733
04	0046734
04	0046735
04	0046736
04	0046737
04	0046738
04	0046739
04	0046740
04	0046741
04	0046742
04	0046743
04	0046744
04	0046745
04	0046746
04	0046747
04	0046748
04	0046749
04	0046750
04	0046751
04	0046752
04	0046753
04	0046754
04	0046755
04	0046756
04	0046757
04	0046758
04	0046759
04	0046760
04	0046761
04	0046762
04	0046763
04	0046764
04	0046765
04	0046766
04	0046767
04	0046768
04	0046769
04	0046770
04	0046771
04	0046772
04	0046773
04	0046774
04	0046775
04	0046776
04	0046777
04	0046778
04	0046779
04	0046780
04	0046781
04	0046782
04	0046783
04	0046784
04	0046785
04	0046786
04	0046787
04	0046788
04	0046789
04	0046790
04	0046791
04	0046792
04	0046793
04	0046794
04	0046795
04	0046796
04	0046797
04	0046798
04	0046799
04	0046800
04	0046801
04	0046802
04	0046803
04	0046804
04	0046805
04	0046806
04	0046807
04	0046808
04	0046809
04	0046810
04	0046811
04	0046812
04	0046813
04	0046814
04	0046815
04	0046816
04	0046817
04	0046818
04	0046819
04	0046820
04	0046821
04	0046822
04	0046823
04	0046824
04	0046825
04	0046826
04	0046827
04	0046828
04	0046829
04	0046830
04	0046831
04	0046832
04	0046833
04	0046834
04	0046835
04	0046836
04	0046837
04	0046838
04	0046839
04	0046840
04	0046841
04	0046842
04	0046843
04	0046844
04	0046845
04	0046846
04	0046847
04	0046848
04	0046849
04	0046850
04	0046851
04	0046852
04	0046853
04	0046854
04	0046855
04	0046856
04	0046857
04	0046858
04	0046859
04	0046860
04	0046861
04	0046862
04	0046863
04	0046864
04	0046865
04	0046866
04	0046867
04	0046868
04	0046869
04	0046870
04	0046871
04	0046872
04	0046873
04	0046874
04	0046875
04	0046876
04	0046877
04	0046878
04	0046879
04	0046880
04	0046881
04	0046882
04	0046883
04	0046884
04	0046885
04	0046886
04	0046887
04	0046888
04	0046889
04	0046890
04	0046891
04	0046892
04	0046893
04	0046894
04	0046895
04	0046896
04	0046897
04	0046898
04	0046899
04	0046900
04	0046901
04	0046902
04	0046903
04	0046904
04	0046905
04	0046906
04	0046907
04	0046908
04	0046909
04	0046910
04	0046911
04	0046912
04	0046913
04	0046914
04	0046915
04	0046916
04	0046917
04	0046918
04	0046919
04	0046920
04	0046921
04	0046922
04	0046923
04	0046924
04	0046925
04	0046926
04	0046927
04	0046928
04	0046929
04	0046930
04	0046931
04	0046932
04	0046933
04	0046934
04	0046935
04	0046936
04	0046937
04	0046938
04	0046939
04	0046940
04	0046941
04	0046942
04	0046943
04	0046944
04	0046945
04	0046946
04	0046947
04	0046948
04	0046949
04	0046950
04	0046951
04	0046952
04	0046953
04	0046954
04	0046955
04	0046956
04	0046957
04	0046958
04	0046959
04	0046960
04	0046961
04	0046962
04	0046963
04	0046964
04	0046965
04	0046966
04	0046967
04	0046968
04	0046969
04	0046970
04	0046971
04	0046972
04	0046973
04	0046974
04	0046975
04	0046976
04	0046977
04	0046978
04	0046979
04	0046980
04	0046981
04	0046982
04	0046983
04	0046984
04	0046985
04	0046986
04	0046987
04	0046988
04	0046989
04	0046990
04	0046991
04	0046992
04	0046993
04	0046994
04	0046995
04	0046996
04	0046997
04	0046998
04	0046999
04	0047000
04	0047001
04	0047002
04	0047003
04	0047004
04	0047005
04	0047006
04	0047007
04	0047008
04	0047009
04	0047010
04	0047011
04	0047012
04	0047013
04	0047014
04	0047015
04	0047016
04	0047017
04	0047018
04	0047019
04	0047020
04	0047021
04	0047022
04	0047023
04	0047024
04	0047025
04	0047026
04	0047027
04	0047028
04	0047029
04	0047030
04	0047031
04	0047032
04	0047033
04	0047034
04	0047035
04	0047036
04	0047037
04	0047038
04	0047039
04	0047040
04	0047041
04	0047042
04	0047043
04	0047044
04	0047045
04	0047046
04	0047047
04	0047048
04	0047049
04	0047050
04	0047051
04	0047052
04	0047053
04	0047054
04	0047055
04	0047056
04	0047057
04	0047058
04	0047059
04	0047060
04	0047061
04	0047062
04	0047063
04	0047064
04	0047065
04	0047066
04	0047067
04	0047068
04	0047069
04	0047070
04	0047071
04	0047072
04	0047073
04	0047074
04	0047075
04	0047076
04	0047077
04	0047078
04	0047079
04	0047080
04	0047081
04	0047082
04	0047083
04	0047084
04	0047085
04	0047086
04	0047087
04	0047088
04	0047089
04	0047090
04	0047091
04	0047092
04	0047093
04	0047094
04	0047095
04	0047096
04	0047097
04	0047098
04	0047099
04	0047100
04	0047101
04	0047102
04	0047103
04	0047104
04	0047105
04	0047106
04	0047107
04	0047108
04	0047109
04	0047110
04	0047111
04	0047112
04	0047113
04	0047114
04	0047115
04	0047116
04	0047117
04	0047118
04	0047119
04	0047120
04	0047121
04	0047122
04	0047123
04	0047124
04	0047125
04	0047126
04	0047127
04	0047128
04	0047129
04	0047130
04	0047131
04	0047132
04	0047133
04	0047134
04	0047135
04	0047136
04	0047137
04	0047138
04	0047139
04	0047140
04	0047141
04	0047142
04	0047143
04	0047144
04	0047145
04	0047146
04	0047147
04	0047148
04	0047149
04	0047150
04	0047151
04	0047152
04	0047153
04	0047154
04	0047155
04	0047156
04	0047157
04	0047158
04	0047159
04	0047160
04	0047161
04	0047162
04	0047163
04	0047164
04	0047165
04	0047166
04	0047167
04	0047168
04	0047169
04	0047170
04	0047171
04	0047172
04	0047173
04	0047174
04	0047175
04	0047176
04	0047177
04	0047178
04	0047179
04	0047180
04	0047181
04	0047182
04	0047183
04	0047184
04	0047185
04	0047186
04	0047187
04	0047188
04	0047189
04	0047190
04	0047191
04	0047192
04	0047193
04	0047194
04	0047195
04	0047196
04	0047197
04	0047198
04	0047199
04	0047200
04	0047201
04	0047202
04	0047203
04	0047204
04	0047205
04	0047206
04	0047207
04	0047208
04	0047209
04	0047210
04	0047211
04	0047212
04	0047213
04	0047214
04	0047215
04	0047216
04	0047217
04	0047218
04	0047219
04	0047220
04	0047221
04	0047222
04	0047223
04	0047224
04	0047225
04	0047226
04	0047227
04	0047228
04	0047229
04	0047230
04	0047231
04	0047232
04	0047233
04	0047234
04	0047235
04	0047236
04	0047237
04	0047238
04	0047239
04	0047240
04	0047241
04	0047242
04	0047243
04	0047244
04	0047245
04	0047246
04	0047247
04	0047248
04	0047249
04	0047250
04	0047251
04	0047252
04	0047253
04	0047254
04	0047255
04	0047256
04	0047257
04	0047258
04	0047259
04	0047260
04	0047261
04	0047262
04	0047263
04	0047264
04	0047265
04	0047266
04	0047267
04	0047268
04	0047269
04	0047270
04	0047271
04	0047272
04	0047273
04	0047274
04	0047275
04	0047276
04	0047277
04	0047278
04	0047279
04	0047280
04	0047281
04	0047282
04	0047283
04	0047284
04	0047285
04	0047286
04	0047287
04	0047288
04	0047289
04	0047290
04	0047291
04	0047292
04	0047293
04	0047294
04	0047295
04	0047296
04	0047297
04	0047298
04	0047299
04	0047300
04	0047301
04	0047302
04	0047303
04	0047304
04	0047305
04	0047306
04	0047307
04	0047308
04	0047309
04	0047310
04	0047311
04	0047312
04	0047313
04	0047314
04	0047315
04	0047316
04	0047317
04	0047318
04	0047319
04	0047320
04	0047321
04	0047322
04	0047323
04	0047324
04	0047325
04	0047326
04	0047327
04	0047328
04	0047329
04	0047330
04	0047331
04	0047332
04	0047333
04	0047334
04	0047335
04	0047336
04	0047337
04	0047338
04	0047339
04	0047340
04	0047341
04	0047342
04	0047343
04	0047344
04	0047345
04	0047346
04	0047347
04	0047348
04	0047349
04	0047350
04	0047351
04	0047352
04	0047353
04	0047354
04	0047355
04	0047356
04	0047357
04	0047358
04	0047359
04	0047360
04	0047361
04	0047362
04	0047363
04	0047364
04	0047365
04	0047366
04	0047367
04	0047368
04	0047369
04	0047370
04	0047371
04	0047372
04	0047373
04	0047374
04	0047375
04	0047376
04	0047377
04	0047378
04	0047379
04	0047380
04	0047381
04	0047382
04	0047383
04	0047384
04	0047385
04	0047386
04	0047387
04	0047388
04	0047390
04	0047391
04	0047392
04	0047393
04	0047394
04	0047395
04	0047396
04	0047397
04	0047398
04	0047399
04	0047400
04	0047401
04	0047402
04	0047403
04	0047404
04	0047405
04	0047406
04	0047407
04	0047408
04	0047409
04	0047410
04	0047411
04	0047412
04	0047413
04	0047414
04	0047415
04	0047416
04	0047417
04	0047418
04	0047419
04	0047420
04	0047421
04	0047423
04	0047424
04	0047425
04	0047426
04	0047427
04	0047428
04	0047429
04	0047430
04	0047431
04	0047432
04	0047433
04	0047434
04	0047435
04	0047436
04	0047437
04	0047438
04	0047439
04	0047440
04	0047441
04	0047442
04	0047443
04	0047444
04	0047445
04	0047446
04	0047447
04	0047448
04	0047449
04	0047450
04	0047451
04	0047452
04	0047453
04	0047454
04	0047455
04	0047456
04	0047457
04	0047458
04	0047459
04	0047460
04	0047461
04	0047462
04	0047463
04	0047464
04	0047465
04	0047466
04	0047467
04	0047468
04	0047469
04	0047470
04	0047471
04	0047472
04	0047473
04	0047474
04	0047475
04	0047476
04	0047477
04	0047478
04	0047479
04	0047480
04	0047481
04	0047482
04	0047483
04	0047484
04	0047485
04	0047486
04	0047487
04	0047488
04	0047489
04	0047490
04	0047491
04	0047492
04	0047493
04	0047494
04	0047495
04	0047496
04	0047497
04	0047498
04	0047499
04	0047500
04	0047501
04	0047502
04	0047503
04	0047504
04	0047505
04	0047506
04	0047507
04	0047508
04	0047509
04	0047510
04	0047511
04	0047512
04	0047513
04	0047514
04	0047515
04	0047516
04	0047517
04	0047518
04	0047519
04	0047520
04	0047521
04	0047522
04	0047523
04	0047524
04	0047525
04	0047526
04	0047527
04	0047528
04	0047529
04	0047530
04	0047531
04	0047532
04	0047533
04	0047534
04	0047535
04	0047536
04	0047537
04	0047538
04	0047539
04	0047540
04	0047541
04	0047542
04	0047543
04	0047544
04	0047545
04	0047546
04	0047547
04	0047548
04	0047549
04	0047550
04	0047551
04	0047552
04	0047553
04	0047554
04	0047555
04	0047556
04	0047557
04	0047558
04	0047559
04	0047560
04	0047561
04	0047562
04	0047563
04	0047564
04	0047565
04	0047566
04	0047567
04	0047568
04	0047569
04	0047570
04	0047571
04	0047572
04	0047573
04	0047574
04	0047575
04	0047576
04	0047577
04	0047578
04	0047579
04	0047580
04	0047581
04	0047582
04	0047583
04	0047584
04	0047585
04	0047586
04	0047587
04	0047588
04	0047589
04	0047590
04	0047591
04	0047592
04	0047593
04	0047594
04	0047595
04	0047596
04	0047597
04	0047598
04	0047599
04	0047600
04	0047601
04	0047602
04	0047603
04	0047604
04	0047605
04	0047606
04	0047607
04	0047608
04	0047609
04	0047610
04	0047611
04	0047612
04	0047613
04	0047614
04	0047615
04	0047616
04	0047617
04	0047618
04	0047619
04	0047620
04	0047621
04	0047622
04	0047623
04	0047624
04	0047625
04	0047626
04	0047627
04	0047628
04	0047629
04	0047630
04	0047631
04	0047632
04	0047633
04	0047634
04	0047635
04	0047636
04	0047637
04	0047638
04	0047639
04	0047640
04	0047641
04	0047642
04	0047643
04	0047644
04	0047645
04	0047646
04	0047647
04	0047648
04	0047649
04	0047650
04	0047651
04	0047652
04	0047653
04	0047654
04	0047655
04	0047656
04	0047657
04	0047658
04	0047659
04	0047660
04	0047661
04	0047662
04	0047663
04	0047664
04	0047665
04	0047666
04	0047667
04	0047668
04	0047669
04	0047670
04	0047671
04	0047672
04	0047673
04	0047674
04	0047675
04	0047676
04	0047677
04	0047678
04	0047679
04	0047680
04	0047681
04	0047682
04	0047683
04	0047684
04	0047685
04	0047686
04	0047688
04	0047689
04	0047690
04	0047691
04	0047692
04	0047693
04	0047694
04	0047695
04	0047696
04	0047697
04	0047698
04	0047699
04	0047700
04	0047701
04	0047702
04	0047703
04	0047704
04	0047705
04	0047706
04	0047707
04	0047708
04	0047709
04	0047710
04	0047711
04	0047712
04	0047713
04	0047714
04	0047715
04	0047716
04	0047717
04	0047718
04	0047719
04	0047720
04	0047721
04	0047722
04	0047723
04	0047724
04	0047725
04	0047726
04	0047727
04	0047728
04	0047729
04	0047730
04	0047731
04	0047732
04	0047733
04	0047734
04	0047735
04	0047736
04	0047737
04	0047738
04	0047739
04	0047740
04	0047741
04	0047742
04	0047743
04	0047744
04	0047745
04	0047746
04	0047747
04	0047748
04	0047749
04	0047750
04	0047751
04	0047752
04	0047753
04	0047754
04	0047755
04	0047756
04	0047757
04	0047758
04	0047759
04	0047760
04	0047761
04	0047762
04	0047763
04	0047764
04	0047765
04	0047766
04	0047767
04	0047768
04	0047769
04	0047770
04	0047771
04	0047772
04	0047773
04	0047774
04	0047775
04	0047776
04	0047777
04	0047778
04	0047779
04	0047780
04	0047781
04	0047782
04	0047783
04	0047784
04	0047785
04	0047786
04	0047787
04	0047788
04	0047789
04	0047790
04	0047791
04	0047792
04	0047793
04	0047794
04	0047795
04	0047796
04	0047797
04	0047798
04	0047799
04	0047800
04	0047801
04	0047802
04	0047803
04	0047804
04	0047805
04	0047806
04	0047807
04	0047808
04	0047809
04	0047810
04	0047811
04	0047812
04	0047813
04	0047814
04	0047815
04	0047816
04	0047817
04	0047818
04	0047819
04	0047820
04	0047821
04	0047822
04	0047823
04	0047824
04	0047825
04	0047826
04	0047827
04	0047828
04	0047829
04	0047830
04	0047831
04	0047832
04	0047833
04	0047834
04	0047835
04	0047836
04	0047837
04	0047838
04	0047839
04	0047840
04	0047841
04	0047842
04	0047843
04	0047844
04	0047845
04	0047846
04	0047847
04	0047848
04	0047849
04	0047850
04	0047851
04	0047852
04	0047853
04	0047854
04	0047855
04	0047856
04	0047857
04	0047858
04	0047859
04	0047860
04	0047861
04	0047862
04	0047863
04	0047864
04	0047865
04	0047866
04	0047867
04	0047868
04	0047869
04	0047870
04	0047871
04	0047872
04	0047873
04	0047874
04	0047875
04	0047876
04	0047877
04	0047878
04	0047879
04	0047880
04	0047881
04	0047882
04	0047883
04	0047884
04	0047885
04	0047886
04	0047887
04	0047888
04	0047889
04	0047890
04	0047891
04	0047892
04	0047893
04	0047894
04	0047895
04	0047896
04	0047897
04	0047898
04	0047899
04	0047900
04	0047901
04	0047902
04	0047903
04	0047904
04	0047905
04	0047906
04	0047907
04	0047908
04	0047909
04	0047910
04	0047911
04	0047912
04	0047913
04	0047914
04	0047915
04	0047916
04	0047917
04	0047918
04	0047919
04	0047920
04	0047921
04	0047922
04	0047923
04	0047924
04	0047925
04	0047926
04	0047927
04	0047928
04	0047929
04	0047930
04	0047931
04	0047932
04	0047933
04	0047934
04	0047935
04	0047936
04	0047937
04	0047938
04	0047939
04	0047940
04	0047941
04	0047942
04	0047943
04	0047944
04	0047945
04	0047946
04	0047947
04	0047948
04	0047949
04	0047950
04	0047951
04	0047952
04	0047953
04	0047954
04	0047955
04	0047956
04	0047957
04	0047958
04	0047959
04	0047960
04	0047961
04	0047962
04	0047963
04	0047964
04	0047965
04	0047966
04	0047967
04	0047968
04	0047969
04	0047970
04	0047971
04	0047972
04	0047973
04	0047974
04	0047975
04	0047976
04	0047977
04	0047978
04	0047979
04	0047980
04	0047981
04	0047982
04	0047983
04	0047984
04	0047985
04	0047986
04	0047987
04	0047988
04	0047989
04	0047990
04	0047991
04	0047992
04	0047993
04	0047994
04	0047995
04	0047996
04	0047997
04	0047998
04	0047999
04	0048000
04	0048001
04	0048002
04	0048003
04	0048004
04	0048005
04	0048006
04	0048007
04	0048008
04	0048009
04	0048010
04	0048011
04	0048012
04	0048013
04	0048014
04	0048015
04	0048016
04	0048017
04	0048018
04	0048019
04	0048020
04	0048021
04	0048022
04	0048023
04	0048024
04	0048025
04	0048026
04	0048027
04	0048028
04	0048029
04	0048030
04	0048031
04	0048032
04	0048033
04	0048034
04	0048035
04	0048036
04	0048037
04	0048038
04	0048039
04	0048040
04	0048041
04	0048042
04	0048043
04	0048044
04	0048045
04	0048046
04	0048047
04	0048048
04	0048049
04	0048050
04	0048051
04	0048052
04	0048053
04	0048054
04	0048055
04	0048056
04	0048057
04	0048058
04	0048059
04	0048060
04	0048061
04	0048062
04	0048063
04	0048064
04	0048065
04	0048066
04	0048067
04	0048068
04	0048069
04	0048070
04	0048071
04	0048072
04	0048073
04	0048074
04	0048075
04	0048076
04	0048077
04	0048078
04	0048079
04	0048080
04	0048081
04	0048082
04	0048083
04	0048084
04	0048085
04	0048086
04	0048087
04	0048088
04	0048089
04	0048090
04	0048091
04	0048092
04	0048093
04	0048094
04	0048095
04	0048096
04	0048097
04	0048098
04	0048099
04	0048100
04	0048101
04	0048102
04	0048103
04	0048104
04	0048105
04	0048106
04	0048107
04	0048108
04	0048109
04	0048110
04	0048111
04	0048112
04	0048113
04	0048114
04	0048115
04	0048116
04	0048117
04	0048118
04	0048119
04	0048120
04	0048121
04	0048122
04	0048123
04	0048124
04	0048125
04	0048126
04	0048127
04	0048128
04	0048129
04	0048130
04	0048131
04	0048132
04	0048133
04	0048134
04	0048135
04	0048136
04	0048137
04	0048138
04	0048139
04	0048140
04	0048141
04	0048142
04	0048143
04	0048144
04	0048145
04	0048146
04	0048147
04	0048148
04	0048149
04	0048150
04	0048151
04	0048152
04	0048153
04	0048154
04	0048155
04	0048156
04	0048157
04	0048158
04	0048159
04	0048160
04	0048161
04	0048162
05	0048163
05	0048164
05	0048165
05	0048166
05	0048167
05	0048168
05	0048169
05	0048170
05	0048171
05	0048172
05	0048173
05	0048174
05	0048175
05	0048176
05	0048177
05	0048178
05	0048179
05	0048180
05	0048181
05	0048182
05	0048183
05	0048184
05	0048185
05	0048186
05	0048187
05	0048188
05	0048189
05	0048190
05	0048191
05	0048192
05	0048193
05	0048194
05	0048195
05	0048196
05	0048197
05	0048198
05	0048199
05	0048200
05	0048201
05	0048202
05	0048203
05	0048204
05	0048205
05	0048206
05	0048207
05	0048208
05	0048209
05	0048210
05	0048211
05	0048212
05	0048213
05	0048214
05	0048215
05	0048216
05	0048217
05	0048218
05	0048219
05	0048220
05	0048221
05	0048222
05	0048223
05	0048224
05	0048225
05	0048226
05	0048227
05	0048228
05	0048229
05	0048230
05	0048231
05	0048232
05	0048233
05	0048234
05	0048235
05	0048236
05	0048237
05	0048238
05	0048239
05	0048240
05	0048241
05	0048242
05	0048243
05	0048244
05	0048245
05	0048246
05	0048247
05	0048248
05	0048249
05	0048250
05	0048251
05	0048252
05	0048253
05	0048254
05	0048255
05	0048256
05	0048257
05	0048258
05	0048259
05	0048260
05	0048261
05	0048262
05	0048263
05	0048264
05	0048265
05	0048266
05	0048267
05	0048268
05	0048269
05	0048270
05	0048271
05	0048272
05	0048273
05	0048274
05	0048275
05	0048276
05	0048277
05	0048278
05	0048279
05	0048280
05	0048281
05	0048282
05	0048283
05	0048284
05	0048285
05	0048286
05	0048287
05	0048288
05	0048289
05	0048290
05	0048291
05	0048292
05	0048293
05	0048294
05	0048295
05	0048296
05	0048297
05	0048298
05	0048299
05	0048300
05	0048301
05	0048302
05	0048303
05	0048304
05	0048305
05	0048306
05	0048307
05	0048308
05	0048309
05	0048310
05	0048311
05	0048312
05	0048313
05	0048314
05	0048315
05	0048316
05	0048317
05	0048318
05	0048319
05	0048320
05	0048321
05	0048322
05	0048323
05	0048324
05	0048325
05	0048326
05	0048327
05	0048328
05	0048329
05	0048330
05	0048331
05	0048332
05	0048333
05	0048334
05	0048335
05	0048336
05	0048337
05	0048338
05	0048339
05	0048340
05	0048341
05	0048342
05	0048343
05	0048344
05	0048345
05	0048346
05	0048347
05	0048348
05	0048349
05	0048350
05	0048351
05	0048352
05	0048353
05	0048354
05	0048355
05	0048356
05	0048357
05	0048358
05	0048359
05	0048360
05	0048361
05	0048362
05	0048363
05	0048364
05	0048365
05	0048366
05	0048367
05	0048368
05	0048369
05	0048370
05	0048371
05	0048372
05	0048373
05	0048374
05	0048375
05	0048376
05	0048377
05	0048378
05	0048379
05	0048380
05	0048381
05	0048382
05	0048383
05	0048384
05	0048385
05	0048386
05	0048387
05	0048388
05	0048389
05	0048390
05	0048391
05	0048392
05	0048393
05	0048394
05	0048395
05	0048396
05	0048397
05	0048398
05	0048399
05	0048400
05	0048401
05	0048402
05	0048403
05	0048404
05	0048405
05	0048406
05	0048407
05	0048408
05	0048409
05	0048410
05	0048411
05	0048412
05	0048413
05	0048414
05	0048415
05	0048416
05	0048417
05	0048418
05	0048419
05	0048420
05	0048421
05	0048422
05	0048423
05	0048424
05	0048425
05	0048426
05	0048427
05	0048428
05	0048429
05	0048430
05	0048431
05	0048432
05	0048433
05	0048434
05	0048435
05	0048436
05	0048437
05	0048438
05	0048439
05	0048440
05	0048441
05	0048442
05	0048443
05	0048444
05	0048445
05	0048446
05	0048447
05	0048448
05	0048449
05	0048450
05	0048451
05	0048452
05	0048453
05	0048454
05	0048455
05	0048456
05	0048457
05	0048458
05	0048459
05	0048460
05	0048461
05	0048462
05	0048463
05	0048464
05	0048465
05	0048466
05	0048467
05	0048468
05	0048469
05	0048470
05	0048471
05	0048472
05	0048473
05	0048474
05	0048475
05	0048476
05	0048477
05	0048478
05	0048479
05	0048480
05	0048481
05	0048482
05	0048483
05	0048484
05	0048485
05	0048486
05	0048487
05	0048488
05	0048489
05	0048490
05	0048491
05	0048492
05	0048493
05	0048494
05	0048495
05	0048496
05	0048497
05	0048498
05	0048499
05	0048500
05	0048501
05	0048502
05	0048503
05	0048504
05	0048505
05	0048506
05	0048507
05	0048508
05	0048509
05	0048510
05	0048511
05	0048512
05	0048513
05	0048514
05	0048515
05	0048516
05	0048517
05	0048518
05	0048519
05	0048520
05	0048521
05	0048522
05	0048523
05	0048524
05	0048525
05	0048526
05	0048527
05	0048528
05	0048529
05	0048530
05	0048531
05	0048532
05	0048533
05	0048534
05	0048535
05	0048536
05	0048537
05	0048538
05	0048539
05	0048540
05	0048541
05	0048542
05	0048543
05	0048544
05	0048545
05	0048546
05	0048547
05	0048548
05	0048549
05	0048550
05	0048551
05	0048552
05	0048553
05	0048554
05	0048555
05	0048556
05	0048557
05	0048558
05	0048559
05	0048560
05	0048561
05	0048562
05	0048563
05	0048564
05	0048565
05	0048566
05	0048567
05	0048568
05	0048569
05	0048570
05	0048571
05	0048572
05	0048573
05	0048574
05	0048575
05	0048576
05	0048577
05	0048578
05	0048579
05	0048580
05	0048581
05	0048582
05	0048583
05	0048584
05	0048585
05	0048586
05	0048587
05	0048588
05	0048589
05	0048590
05	0048591
05	0048592
05	0048593
05	0048594
05	0048595
05	0048596
05	0048597
05	0048598
05	0048599
05	0048600
05	0048601
05	0048602
05	0048603
05	0048604
05	0048605
05	0048606
05	0048607
05	0048608
05	0048609
05	0048610
05	0048611
05	0048612
05	0048613
05	0048614
05	0048615
05	0048616
05	0048617
05	0048618
05	0048619
05	0048620
05	0048621
05	0048622
05	0048623
05	0048624
05	0048625
05	0048626
05	0048627
05	0048628
05	0048629
05	0048630
05	0048631
05	0048632
05	0048633
05	0048634
05	0048635
05	0048636
05	0048637
05	0048638
05	0048639
05	0048640
05	0048641
05	0048642
05	0048643
05	0048644
05	0048645
05	0048646
05	0048647
05	0048648
05	0048649
05	0048650
05	0048651
05	0048652
05	0048653
05	0048654
05	0048655
05	0048656
05	0048657
05	0048658
05	0048659
05	0048660
05	0048661
05	0048662
05	0048663
05	0048664
05	0048665
05	0048666
05	0048667
05	0048668
05	0048669
05	0048670
05	0048671
05	0048672
05	0048673
05	0048674
05	0048675
05	0048676
05	0048677
05	0048678
05	0048679
05	0048680
05	0048681
05	0048682
05	0048683
05	0048684
05	0048685
05	0048686
05	0048687
05	0048688
05	0048689
05	0048690
05	0048691
05	0048692
05	0048693
05	0048694
05	0048695
05	0048696
05	0048697
05	0048698
05	0048699
05	0048700
05	0048701
05	0048702
05	0048703
05	0048704
05	0048705
05	0048706
05	0048707
05	0048708
05	0048709
05	0048710
05	0048711
05	0048712
05	0048713
05	0048714
05	0048715
05	0048716
05	0048717
05	0048718
05	0048719
05	0048720
05	0048721
05	0048722
05	0048723
05	0048724
05	0048725
05	0048726
05	0048727
05	0048728
05	0048729
05	0048730
05	0048731
05	0048732
05	0048733
05	0048734
05	0048735
05	0048736
05	0048737
05	0048738
05	0048739
05	0048740
05	0048741
05	0048742
05	0048743
05	0048744
05	0048745
05	0048746
05	0048747
05	0048748
05	0048749
05	0048750
05	0048751
05	0048752
05	0048753
05	0048754
05	0048755
05	0048756
05	0048757
05	0048758
05	0048759
05	0048760
05	0048761
05	0048762
05	0048763
05	0048764
05	0048765
05	0048766
05	0048767
05	0048768
05	0048769
05	0048770
05	0048771
05	0048772
05	0048773
05	0048774
05	0048775
05	0048776
05	0048777
05	0048778
05	0048779
05	0048780
05	0048781
05	0048782
05	0048783
05	0048784
05	0048785
05	0048786
05	0048787
05	0048788
05	0048789
05	0048790
05	0048791
05	0048792
05	0048793
05	0048794
05	0048795
05	0048796
05	0048797
05	0048798
05	0048799
05	0048800
05	0048801
05	0048802
05	0048803
05	0048804
05	0048805
05	0048806
05	0048807
05	0048808
05	0048809
05	0048810
05	0048811
05	0048812
05	0048813
05	0048814
05	0048815
05	0048816
05	0048817
05	0048818
05	0048819
05	0048820
05	0048821
05	0048822
05	0048823
05	0048824
05	0048825
05	0048826
05	0048827
05	0048828
05	0048829
05	0048830
05	0048831
05	0048832
05	0048833
05	0048834
05	0048835
05	0048836
05	0048837
05	0048838
05	0048839
05	0048840
05	0048841
05	0048842
05	0048843
05	0048844
05	0048845
05	0048846
05	0048848
05	0048849
05	0048850
05	0048851
05	0048852
05	0048853
05	0048854
05	0048855
05	0048856
05	0048857
05	0048858
05	0048859
05	0048860
05	0048861
05	0048862
05	0048863
05	0048864
05	0048865
05	0048866
05	0048867
05	0048868
05	0048869
05	0048870
05	0048871
05	0048872
05	0048873
05	0048874
05	0048875
05	0048876
05	0048877
05	0048878
05	0048879
05	0048880
05	0048881
05	0048882
05	0048883
05	0048884
05	0048885
05	0048886
05	0048887
05	0048888
05	0048889
05	0048890
05	0048891
05	0048892
05	0048893
05	0048894
05	0048895
05	0048896
05	0048897
05	0048898
05	0048899
05	0048900
05	0048901
05	0048902
05	0048903
05	0048904
05	0048905
05	0048906
05	0048907
05	0048908
05	0048909
05	0048910
05	0048911
05	0048912
05	0048913
05	0048914
05	0048915
05	0048916
05	0048917
05	0048918
05	0048919
05	0048920
05	0048921
05	0048922
05	0048923
05	0048924
05	0048925
05	0048926
05	0048927
05	0048928
05	0048929
05	0048930
05	0048931
05	0048932
05	0048933
05	0048934
05	0048935
05	0048936
05	0048937
05	0048938
05	0048939
05	0048940
05	0048941
05	0048942
05	0048943
05	0048944
05	0048945
05	0048946
05	0048947
05	0048948
05	0048949
05	0048950
05	0048951
05	0048952
05	0048953
05	0048954
05	0048955
05	0048956
05	0048957
05	0048958
05	0048959
05	0048960
05	0048961
05	0048962
05	0048963
05	0048964
05	0048965
05	0048966
05	0048967
05	0048968
05	0048969
05	0048970
05	0048971
05	0048972
05	0048973
05	0048974
05	0048975
05	0048976
05	0048977
05	0048978
05	0048979
05	0048980
05	0048981
05	0048982
05	0048983
05	0048984
05	0048985
05	0048986
05	0048987
05	0048988
05	0048989
05	0048990
05	0048991
05	0048992
05	0048993
05	0048994
05	0048995
05	0048996
05	0048997
05	0048998
05	0048999
05	0049000
05	0049001
05	0049002
05	0049003
05	0049004
05	0049005
05	0049006
05	0049007
05	0049008
05	0049009
05	0049010
05	0049011
05	0049012
05	0049013
05	0049014
05	0049015
05	0049016
05	0049017
05	0049018
05	0049019
05	0049020
05	0049021
05	0049022
05	0049023
05	0049024
05	0049025
05	0049026
05	0049027
05	0049028
05	0049029
05	0049030
05	0049031
05	0049032
05	0049033
05	0049034
05	0049035
05	0049036
05	0049037
05	0049038
05	0049039
05	0049040
05	0049041
05	0049042
05	0049043
05	0049044
05	0049045
05	0049046
05	0049047
05	0049048
05	0049049
05	0049050
05	0049051
05	0049052
05	0049053
05	0049054
05	0049055
05	0049056
05	0049057
05	0049058
05	0049059
05	0049060
05	0049061
05	0049062
05	0049063
05	0049064
05	0049065
05	0049066
05	0049067
05	0049068
05	0049069
05	0049070
05	0049071
05	0049072
05	0049073
05	0049074
05	0049075
05	0049076
05	0049077
05	0049078
05	0049079
05	0049080
05	0049081
05	0049082
05	0049083
05	0049084
05	0049085
05	0049086
05	0049087
05	0049088
05	0049089
05	0049090
05	0049091
05	0049092
05	0049093
05	0049094
05	0049095
05	0049096
05	0049097
05	0049098
05	0049099
05	0049100
05	0049101
05	0049102
05	0049103
05	0049104
05	0049105
05	0049106
05	0049107
05	0049108
05	0049109
05	0049110
05	0049111
05	0049112
05	0049113
05	0049114
05	0049115
05	0049116
05	0049117
05	0049118
05	0049119
05	0049120
05	0049121
05	0049122
05	0049123
05	0049124
05	0049125
05	0049126
05	0049127
05	0049128
05	0049129
05	0049130
05	0049131
05	0049132
05	0049133
05	0049134
05	0049135
05	0049136
05	0049137
05	0049138
05	0049139
05	0049140
05	0049141
05	0049142
05	0049143
05	0049144
05	0049145
05	0049146
05	0049147
05	0049148
05	0049149
05	0049150
05	0049151
05	0049152
05	0049153
05	0049154
05	0049155
05	0049156
05	0049157
05	0049158
05	0049159
05	0049160
05	0049161
05	0049162
05	0049163
05	0049164
05	0049165
05	0049166
05	0049167
05	0049168
05	0049169
05	0049170
05	0049171
05	0049172
05	0049173
05	0049174
05	0049175
05	0049176
05	0049177
05	0049178
05	0049179
05	0049180
05	0049181
05	0049182
05	0049183
05	0049184
05	0049185
05	0049186
05	0049187
05	0049188
05	0049189
05	0049190
05	0049191
05	0049192
05	0049193
05	0049194
05	0049195
05	0049196
05	0049197
05	0049198
05	0049199
05	0049200
05	0049201
05	0049202
05	0049203
05	0049204
05	0049205
05	0049206
05	0049207
05	0049208
05	0049209
05	0049210
05	0049211
05	0049212
05	0049213
05	0049214
05	0049215
05	0049216
05	0049217
05	0049218
05	0049219
05	0049220
05	0049221
05	0049222
05	0049223
05	0049224
05	0049225
05	0049226
05	0049227
05	0049228
05	0049229
05	0049230
05	0049231
05	0049232
05	0049233
05	0049234
05	0049235
05	0049236
05	0049237
05	0049238
05	0049239
05	0049240
05	0049241
05	0049242
05	0049243
05	0049244
05	0049245
05	0049246
05	0049247
05	0049248
05	0049249
05	0049250
05	0049251
05	0049252
05	0049253
05	0049254
05	0049255
05	0049256
05	0049257
05	0049258
05	0049259
05	0049260
05	0049261
05	0049262
05	0049263
05	0049264
05	0049265
05	0049266
05	0049267
05	0049268
05	0049269
05	0049270
05	0049271
05	0049272
05	0049273
05	0049274
05	0049275
05	0049276
05	0049277
05	0049278
05	0049279
05	0049280
05	0049281
05	0049282
05	0049283
05	0049284
05	0049285
05	0049286
05	0049287
05	0049288
05	0049289
05	0049290
05	0049291
05	0049292
05	0049293
05	0049294
05	0049295
05	0049296
05	0049297
05	0049298
05	0049299
05	0049300
05	0049301
05	0049302
05	0049303
05	0049304
05	0049305
05	0049306
05	0049307
05	0049308
05	0049309
05	0049310
05	0049311
05	0049312
05	0049313
05	0049314
05	0049315
05	0049316
05	0049317
05	0049318
05	0049319
05	0049320
05	0049321
05	0049322
05	0049323
05	0049324
05	0049325
05	0049326
05	0049327
05	0049328
05	0049329
05	0049330
05	0049331
05	0049332
05	0049333
05	0049334
05	0049335
05	0049336
05	0049337
05	0049338
05	0049339
05	0049340
05	0049341
05	0049342
05	0049343
05	0049344
05	0049345
05	0049346
05	0049347
05	0049348
05	0049349
05	0049350
05	0049351
05	0049352
05	0049353
05	0049354
05	0049355
05	0049356
05	0049357
05	0049358
05	0049359
05	0049360
05	0049361
05	0049362
05	0049363
05	0049364
05	0049365
05	0049366
05	0049367
05	0049368
05	0049369
05	0049370
05	0049371
05	0049372
05	0049373
05	0049374
05	0049375
05	0049376
05	0049377
05	0049378
05	0049379
05	0049380
05	0049381
05	0049382
05	0049383
05	0049384
05	0049385
05	0049386
05	0049387
05	0049388
05	0049389
05	0049390
05	0049391
05	0049392
05	0049393
05	0049394
05	0049395
05	0049396
05	0049397
05	0049398
05	0049399
05	0049400
05	0049401
05	0049402
05	0049403
05	0049404
05	0049405
05	0049406
05	0049407
05	0049408
05	0049409
05	0049410
05	0049411
05	0049412
05	0049413
05	0049414
05	0049415
05	0049416
05	0049417
05	0049418
05	0049419
05	0049420
05	0049421
05	0049422
05	0049423
05	0049424
05	0049425
05	0049426
05	0049427
05	0049428
05	0049429
05	0049430
05	0049431
05	0049432
05	0049433
05	0049434
05	0049435
05	0049436
05	0049437
05	0049438
05	0049439
05	0049440
05	0049441
05	0049442
05	0049443
05	0049444
05	0049445
05	0049446
05	0049447
05	0049448
05	0049449
05	0049450
05	0049451
05	0049452
05	0049453
05	0049454
05	0049455
05	0049456
05	0049457
05	0049458
05	0049459
05	0049460
05	0049461
05	0049462
05	0049463
05	0049464
05	0049465
05	0049466
05	0049467
05	0049468
05	0049469
05	0049470
05	0049471
05	0049472
05	0049473
05	0049474
05	0049475
05	0049476
05	0049477
05	0049478
05	0049479
05	0049480
05	0049481
05	0049482
05	0049483
05	0049484
05	0049485
05	0049486
05	0049487
05	0049488
05	0049489
05	0049490
05	0049491
05	0049492
05	0049493
05	0049494
05	0049495
05	0049496
05	0049497
05	0049498
05	0049499
05	0049500
05	0049501
05	0049502
05	0049503
05	0049504
05	0049505
05	0049506
05	0049507
05	0049508
05	0049509
05	0049510
05	0049511
05	0049512
05	0049513
05	0049514
05	0049515
05	0049516
05	0049517
05	0049518
05	0049519
05	0049520
05	0049521
05	0049522
05	0049523
05	0049524
05	0049525
05	0049526
05	0049527
05	0049528
05	0049529
05	0049530
05	0049531
05	0049532
05	0049533
05	0049534
05	0049535
05	0049536
05	0049537
05	0049538
05	0049539
05	0049540
05	0049541
05	0049542
05	0049543
05	0049544
05	0049545
05	0049546
05	0049547
05	0049548
05	0049549
05	0049550
05	0049551
05	0049552
05	0049553
05	0049554
05	0049555
05	0049556
05	0049557
05	0049558
05	0049559
05	0049560
05	0049561
05	0049562
05	0049563
05	0049564
05	0049565
05	0049566
05	0049567
05	0049568
05	0049569
05	0049570
05	0049571
05	0049572
05	0049573
05	0049574
05	0049575
05	0049576
05	0049577
05	0049578
05	0049579
05	0049580
05	0049581
05	0049582
05	0049583
05	0049584
05	0049585
05	0049586
05	0049587
05	0049588
05	0049589
05	0049590
05	0049591
05	0049592
05	0049593
05	0049594
05	0049595
05	0049596
05	0049597
05	0049598
05	0049599
05	0049600
05	0049601
05	0049602
05	0049603
05	0049604
05	0049605
05	0049606
05	0049607
05	0049608
05	0049609
05	0049610
05	0049611
05	0049612
05	0049613
05	0049614
05	0049615
05	0049616
05	0049617
05	0049618
05	0049619
05	0049620
05	0049621
05	0049622
05	0049623
05	0049624
05	0049625
05	0049626
05	0049627
05	0049628
05	0049629
05	0049630
05	0049631
05	0049632
05	0049633
05	0049634
05	0049635
05	0049636
05	0049637
05	0049638
05	0049639
05	0049640
05	0049641
05	0049642
05	0049643
05	0049644
05	0049645
05	0049646
05	0049647
05	0049648
05	0049649
05	0049650
05	0049651
05	0049652
05	0049653
05	0049654
05	0049655
05	0049656
05	0049657
05	0049658
05	0049659
05	0049660
05	0049661
05	0049662
05	0049663
05	0049664
05	0049665
05	0049666
05	0049667
05	0049668
05	0049669
05	0049670
05	0049671
05	0049672
05	0049673
05	0049674
05	0049675
05	0049676
05	0049677
05	0049678
05	0049679
05	0049680
05	0049681
05	0049682
05	0049683
05	0049684
05	0049685
05	0049686
05	0049687
05	0049688
05	0049689
05	0049690
05	0049691
05	0049692
05	0049693
05	0049694
05	0049695
05	0049696
05	0049697
05	0049698
05	0049699
05	0049700
05	0049701
05	0049702
05	0049703
05	0049704
05	0049705
05	0049706
05	0049707
05	0049708
05	0049709
05	0049710
05	0049711
05	0049712
05	0049713
05	0049714
05	0049715
05	0049716
05	0049717
05	0049718
05	0049719
05	0049720
05	0049721
05	0049722
05	0049723
05	0049724
05	0049725
05	0049726
05	0049727
05	0049728
05	0049729
05	0049730
05	0049731
05	0049732
05	0049733
05	0049734
05	0049735
05	0049736
05	0049737
05	0049738
05	0049739
05	0049740
05	0049741
05	0049742
05	0049743
05	0049744
05	0049745
05	0049746
05	0049747
05	0049748
05	0049749
05	0049750
05	0049751
05	0049752
05	0049753
05	0049754
05	0049755
05	0049756
05	0049757
05	0049758
05	0049759
05	0049760
05	0049761
05	0049762
05	0049763
05	0049764
05	0049765
05	0049766
05	0049767
05	0049768
05	0049769
05	0049770
05	0049771
05	0049772
05	0049773
05	0049774
05	0049775
05	0049776
05	0049777
05	0049778
05	0049779
05	0049780
05	0049781
05	0049782
05	0049783
05	0049784
05	0049785
05	0049786
05	0049787
05	0049788
05	0049789
05	0049790
05	0049791
05	0049792
05	0049793
05	0049794
05	0049795
05	0049796
05	0049797
05	0049798
05	0049799
05	0049800
05	0049801
05	0049802
05	0049803
05	0049804
05	0049805
05	0049806
05	0049807
05	0049808
05	0049809
05	0049810
05	0049811
05	0049812
05	0049813
05	0049814
05	0049815
05	0049816
05	0049817
05	0049818
05	0049819
05	0049820
05	0049821
05	0049822
05	0049823
05	0049824
05	0049825
05	0049826
05	0049827
05	0049828
05	0049829
05	0049830
05	0049831
05	0049832
05	0049833
05	0049834
05	0049835
05	0049836
05	0049837
05	0049838
05	0049839
05	0049840
05	0049841
05	0049842
05	0049843
05	0049844
05	0049845
05	0049846
05	0049847
05	0049848
05	0049849
05	0049850
05	0049851
05	0049852
05	0049853
05	0049854
05	0049855
05	0049856
05	0049857
05	0049858
05	0049859
05	0049860
05	0049861
05	0049862
05	0049863
05	0049864
05	0049865
05	0049866
05	0049867
05	0049868
05	0049869
05	0049870
05	0049871
05	0049872
05	0049873
05	0049874
05	0049875
05	0049876
05	0049877
05	0049878
05	0049879
05	0049880
05	0049881
05	0049882
05	0049883
05	0049884
05	0049885
05	0049886
05	0049887
05	0049888
05	0049889
05	0049890
05	0049891
05	0049892
05	0049893
05	0049894
05	0049895
05	0049896
05	0049897
05	0049898
05	0049899
05	0049900
05	0049901
05	0049902
05	0049903
05	0049904
05	0049905
05	0049906
05	0049907
05	0049908
05	0049909
05	0049910
05	0049911
05	0049912
05	0049913
05	0049914
05	0049915
05	0049916
05	0049917
05	0049918
05	0049919
05	0049920
05	0049921
05	0049922
05	0049923
05	0049924
05	0049925
05	0049926
05	0049927
05	0049928
05	0049929
05	0049930
05	0049931
05	0049932
05	0049933
05	0049934
05	0049935
05	0049936
05	0049937
05	0049938
05	0049939
05	0049940
05	0049941
05	0049942
05	0049943
05	0049944
05	0049945
05	0049946
05	0049947
05	0049948
05	0049949
05	0049950
05	0049951
05	0049952
05	0049953
05	0049954
05	0049955
05	0049956
05	0049957
05	0049958
05	0049959
05	0049960
05	0049961
05	0049962
05	0049963
05	0049964
05	0049965
05	0049966
05	0049967
05	0049968
05	0049969
05	0049970
05	0049971
05	0049972
05	0049973
05	0049974
05	0049975
05	0049976
05	0049977
05	0049978
05	0049979
05	0049980
05	0049981
05	0049982
05	0049983
05	0049984
05	0049985
05	0049986
05	0049987
05	0049988
05	0049989
05	0049990
05	0049991
05	0049992
05	0049993
05	0049994
05	0049995
05	0049996
05	0049997
05	0049998
05	0049999
05	0050000
05	0050001
05	0050002
05	0050003
05	0050004
05	0050005
05	0050006
05	0050007
05	0050008
05	0050009
05	0050010
05	0050011
05	0050012
05	0050013
05	0050014
05	0050015
05	0050016
05	0050017
05	0050018
05	0050019
05	0050020
05	0050021
05	0050022
05	0050023
05	0050024
05	0050025
05	0050026
05	0050027
05	0050028
05	0050029
05	0050030
05	0050031
05	0050032
05	0050033
05	0050034
05	0050035
05	0050036
05	0050037
05	0050038
05	0050039
05	0050040
05	0050041
05	0050042
05	0050043
05	0050044
05	0050045
05	0050046
05	0050047
05	0050048
05	0050049
05	0050050
05	0050051
05	0050052
05	0050053
05	0050054
05	0050055
05	0050056
05	0050057
05	0050058
05	0050059
05	0050060
05	0050061
05	0050062
05	0050063
05	0050064
05	0050065
05	0050066
05	0050067
05	0050068
05	0050069
05	0050070
05	0050071
05	0050072
05	0050073
05	0050074
05	0050075
05	0050076
05	0050077
05	0050078
05	0050079
05	0050080
05	0050081
05	0050082
05	0050083
05	0050084
05	0050085
05	0050086
05	0050087
05	0050088
05	0050089
05	0050090
05	0050091
05	0050092
05	0050093
05	0050094
05	0050095
05	0050096
05	0050097
05	0050098
05	0050099
05	0050100
05	0050101
05	0050102
05	0050103
05	0050104
05	0050105
05	0050106
05	0050107
05	0050108
05	0050109
05	0050110
05	0050111
05	0050112
05	0050113
05	0050114
05	0050115
05	0050116
05	0050117
05	0050118
05	0050119
05	0050120
05	0050121
05	0050122
05	0050123
05	0050124
05	0050125
05	0050126
05	0050127
05	0050128
05	0050129
05	0050130
05	0050131
05	0050132
05	0050133
05	0050134
05	0050135
05	0050136
05	0050137
05	0050138
05	0050139
05	0050140
05	0050141
05	0050142
05	0050143
05	0050144
05	0050145
05	0050146
05	0050147
05	0050148
05	0050149
05	0050150
05	0050151
05	0050152
05	0050153
05	0050154
05	0050155
05	0050156
05	0050157
05	0050158
05	0050159
05	0050160
05	0050161
05	0050162
05	0050163
05	0050164
05	0050165
05	0050166
05	0050167
05	0050168
05	0050169
05	0050170
05	0050171
05	0050172
05	0050173
05	0050174
05	0050175
05	0050176
05	0050177
05	0050178
05	0050179
05	0050180
05	0050181
05	0050182
05	0050183
05	0050184
05	0050185
05	0050186
05	0050187
05	0050188
05	0050189
05	0050190
05	0050191
05	0050192
05	0050193
05	0050194
05	0050195
05	0050196
05	0050197
05	0050198
05	0050199
05	0050200
05	0050201
05	0050202
05	0050203
05	0050204
05	0050205
05	0050206
05	0050207
05	0050208
05	0050209
05	0050210
05	0050211
05	0050212
05	0050213
05	0050214
05	0050215
05	0050216
05	0050217
05	0050218
05	0050219
05	0050220
05	0050221
05	0050222
05	0050223
05	0050224
05	0050225
05	0050226
05	0050227
05	0050228
05	0050229
05	0050230
05	0050231
05	0050232
05	0050233
05	0050234
05	0050235
05	0050236
05	0050237
05	0050238
05	0050239
05	0050240
05	0050241
05	0050242
05	0050243
05	0050244
05	0050245
05	0050246
05	0050247
05	0050248
05	0050249
05	0050250
05	0050251
05	0050252
05	0050253
05	0050254
05	0050255
05	0050256
05	0050257
05	0050258
05	0050259
05	0050260
05	0050261
05	0050262
05	0050263
05	0050264
05	0050265
05	0050266
05	0050267
05	0050268
05	0050269
05	0050270
05	0050271
05	0050272
05	0050273
05	0050274
05	0050275
05	0050276
05	0050277
05	0050278
05	0050279
05	0050280
05	0050281
05	0050282
05	0050283
05	0050284
05	0050285
05	0050286
05	0050287
05	0050288
05	0050289
05	0050290
05	0050291
05	0050292
05	0050293
05	0050294
05	0050295
05	0050296
05	0050297
05	0050298
05	0050299
05	0050300
05	0050301
05	0050302
05	0050303
05	0050304
05	0050305
05	0050306
05	0050307
05	0050308
05	0050309
05	0050310
05	0050311
05	0050312
05	0050313
05	0050314
05	0050315
05	0050316
05	0050317
05	0050318
05	0050319
05	0050320
05	0050321
05	0050322
05	0050323
05	0050324
05	0050325
05	0050326
05	0050327
05	0050328
05	0050329
05	0050330
05	0050331
05	0050332
05	0050333
05	0050334
05	0050335
05	0050336
05	0050337
05	0050338
05	0050339
05	0050340
05	0050341
05	0050342
05	0050343
05	0050344
05	0050345
05	0050346
05	0050347
05	0050348
05	0050349
05	0050350
05	0050351
05	0050352
05	0050353
05	0050354
05	0050355
05	0050356
05	0050357
05	0050358
05	0050359
05	0050360
05	0050361
05	0050362
05	0050363
05	0050364
05	0050365
05	0050366
05	0050367
05	0050368
05	0050369
05	0050370
05	0050371
05	0050372
05	0050373
05	0050374
05	0050375
05	0050376
05	0050377
05	0050378
05	0050379
05	0050380
05	0050381
05	0050382
05	0050383
05	0050384
05	0050385
05	0050386
05	0050387
05	0050388
05	0050389
05	0050390
05	0050391
05	0050392
05	0050393
05	0050394
05	0050395
05	0050396
05	0050397
05	0050398
05	0050399
05	0050400
05	0050401
05	0050402
05	0050403
05	0050404
05	0050405
05	0050406
05	0050407
05	0050408
05	0050409
05	0050410
05	0050411
05	0050412
05	0050413
05	0050414
05	0050415
05	0050416
05	0050417
05	0050418
05	0050419
05	0050420
05	0050421
05	0050422
05	0050423
05	0050424
05	0050425
05	0050426
05	0050427
05	0050428
05	0050429
05	0050430
05	0050431
05	0050432
05	0050433
05	0050434
05	0050435
05	0050436
05	0050437
05	0050438
05	0050439
05	0050440
05	0050441
05	0050442
05	0050443
05	0050444
05	0050445
05	0050446
05	0050447
05	0050448
05	0050449
05	0050450
05	0050451
05	0050452
05	0050453
05	0050454
05	0050455
05	0050456
05	0050457
05	0050458
05	0050459
05	0050460
05	0050461
05	0050462
05	0050463
05	0050464
05	0050465
05	0050466
05	0050467
05	0050468
05	0050469
05	0050470
05	0050471
05	0050472
05	0050473
05	0050474
05	0050475
05	0050476
05	0050477
05	0050478
05	0050479
05	0050480
05	0050481
05	0050482
05	0050483
05	0050484
05	0050485
05	0050486
05	0050487
05	0050488
05	0050489
05	0050490
05	0050491
05	0050492
05	0050493
05	0050494
05	0050495
05	0050496
05	0050497
05	0050498
05	0050499
05	0050500
05	0050501
05	0050502
05	0050503
05	0050504
05	0050505
05	0050506
05	0050507
05	0050508
05	0050509
05	0050510
05	0050511
05	0050512
05	0050513
05	0050514
05	0050515
05	0050516
05	0050517
05	0050518
05	0050519
05	0050520
05	0050521
05	0050522
05	0050523
05	0050524
05	0050525
05	0050526
05	0050527
05	0050528
05	0050529
05	0050530
05	0050531
05	0050532
05	0050533
05	0050534
05	0050535
05	0050536
05	0050537
05	0050538
05	0050539
05	0050540
05	0050541
05	0050542
05	0050543
05	0050544
05	0050545
05	0050546
05	0050547
05	0050548
05	0050549
05	0050550
05	0050551
05	0050552
05	0050553
05	0050554
05	0050555
05	0050556
05	0050557
05	0050558
05	0050559
05	0050560
05	0050561
05	0050562
05	0050563
05	0050564
05	0050565
05	0050567
05	0050568
05	0050569
05	0050570
05	0050571
05	0050572
05	0050573
05	0050574
05	0050575
05	0050576
05	0050577
05	0050578
05	0050579
05	0050580
05	0050581
05	0050582
05	0050583
05	0050584
05	0050585
05	0050586
05	0050587
05	0050588
05	0050589
05	0050590
05	0050591
05	0050592
05	0050593
05	0050594
05	0050595
05	0050596
05	0050597
05	0050598
05	0050599
05	0050600
05	0050601
05	0050602
05	0050603
05	0050604
05	0050605
05	0050606
05	0050607
05	0050608
05	0050609
05	0050610
05	0050611
05	0050612
05	0050613
05	0050614
05	0050615
05	0050616
05	0050617
05	0050618
05	0050619
05	0050620
05	0050621
05	0050622
05	0050623
05	0050624
05	0050625
05	0050626
05	0050627
05	0050628
05	0050629
05	0050630
05	0050631
05	0050632
05	0050633
05	0050634
05	0050635
05	0050636
05	0050637
05	0050638
05	0050639
05	0050640
05	0050641
05	0050642
05	0050643
05	0050644
05	0050645
05	0050646
05	0050647
05	0050648
05	0050649
05	0050650
05	0050651
05	0050652
05	0050653
05	0050654
05	0050655
05	0050656
05	0050657
05	0050658
05	0050659
05	0050660
05	0050661
05	0050662
05	0050663
05	0050664
05	0050665
05	0050666
05	0050667
05	0050668
05	0050669
05	0050670
05	0050671
05	0050672
05	0050673
05	0050674
05	0050675
05	0050676
05	0050677
05	0050678
05	0050679
05	0050680
05	0050681
05	0050682
05	0050683
05	0050684
05	0050685
05	0050686
05	0050687
05	0050688
05	0050689
05	0050690
05	0050691
05	0050692
05	0050693
05	0050694
05	0050695
05	0050696
05	0050697
05	0050698
05	0050699
05	0050700
05	0050701
05	0050702
05	0050703
05	0050704
05	0050705
05	0050706
05	0050707
05	0050708
05	0050709
05	0050710
05	0050711
05	0050712
05	0050713
05	0050714
05	0050715
05	0050716
05	0050717
05	0050718
05	0050719
05	0050720
05	0050721
05	0050722
05	0050723
05	0050724
05	0050725
05	0050726
05	0050727
05	0050728
05	0050729
05	0050730
05	0050731
05	0050732
05	0050733
05	0050734
05	0050735
05	0050736
05	0050737
05	0050738
05	0050739
05	0050740
05	0050741
05	0050742
05	0050743
05	0050744
05	0050745
05	0050746
05	0050747
05	0050748
05	0050749
05	0050750
05	0050751
05	0050752
05	0050753
05	0050754
05	0050755
05	0050756
05	0050757
05	0050758
05	0050759
05	0050760
05	0050761
05	0050762
05	0050763
05	0050764
05	0050765
05	0050766
05	0050767
05	0050768
05	0050769
05	0050770
05	0050771
05	0050772
05	0050773
05	0050774
05	0050775
05	0050776
05	0050777
05	0050778
05	0050779
05	0050780
05	0050781
05	0050782
05	0050783
05	0050784
05	0050785
05	0050786
05	0050787
05	0050788
05	0050789
05	0050790
05	0050791
05	0050792
05	0050793
05	0050794
05	0050795
05	0050796
05	0050797
05	0050798
05	0050799
05	0050800
05	0050801
05	0050802
05	0050803
05	0050804
05	0050805
05	0050806
05	0050807
05	0050808
05	0050809
05	0050810
05	0050811
05	0050812
05	0050813
05	0050814
05	0050815
05	0050816
05	0050817
05	0050818
05	0050819
05	0050820
05	0050821
05	0050822
05	0050823
05	0050824
05	0050825
05	0050826
05	0050827
05	0050828
05	0050829
05	0050830
05	0050831
05	0050832
05	0050833
05	0050834
05	0050835
05	0050836
05	0050837
05	0050838
05	0050839
05	0050840
05	0050841
05	0050842
05	0050843
05	0050844
05	0050845
05	0050846
05	0050847
05	0050848
05	0050849
05	0050850
05	0050851
05	0050852
05	0050853
05	0050854
05	0050855
05	0050856
05	0050857
05	0050858
05	0050859
05	0050860
05	0050861
05	0050862
05	0050863
05	0050864
05	0050865
05	0050866
05	0050867
05	0050868
05	0050869
05	0050870
05	0050871
05	0050872
05	0050873
05	0050874
05	0050875
05	0050876
05	0050877
05	0050878
05	0050879
05	0050880
05	0050881
05	0050882
05	0050883
05	0050884
05	0050885
05	0050886
05	0050887
05	0050888
05	0050889
05	0050890
05	0050891
05	0050892
05	0050893
05	0050894
05	0050895
05	0050896
05	0050897
05	0050898
05	0050899
05	0050900
05	0050901
05	0050902
05	0050903
05	0050904
05	0050905
05	0050906
05	0050907
05	0050908
05	0050909
05	0050910
05	0050911
05	0050912
05	0050913
05	0050914
05	0050915
05	0050916
05	0050917
05	0050918
05	0050919
05	0050920
05	0050921
05	0050922
05	0050923
05	0050924
05	0050925
05	0050926
05	0050927
05	0050928
05	0050929
05	0050931
05	0050932
05	0050933
05	0050934
05	0050935
05	0050936
05	0050937
05	0050938
05	0050939
05	0050940
05	0050941
05	0050942
05	0050943
05	0050944
05	0050945
05	0050946
05	0050947
05	0050948
05	0050949
05	0050950
05	0050951
05	0050952
05	0050953
05	0050954
05	0050955
05	0050956
05	0050957
05	0050958
05	0050959
05	0050960
05	0050961
05	0050962
05	0050963
05	0050964
05	0050965
05	0050966
05	0050967
05	0050968
05	0050969
05	0050970
05	0050971
05	0050972
05	0050973
05	0050974
05	0050975
05	0050976
05	0050977
05	0050978
05	0050979
05	0050980
05	0050981
05	0050982
05	0050983
05	0050984
05	0050985
05	0050986
05	0050987
05	0050988
05	0050989
05	0050990
05	0050991
05	0050992
05	0050993
05	0050994
05	0050995
05	0050996
05	0050997
05	0050998
05	0050999
05	0051000
05	0051001
05	0051002
05	0051003
05	0051004
05	0051005
05	0051006
05	0051007
05	0051008
05	0051009
05	0051010
05	0051011
05	0051012
05	0051013
05	0051014
05	0051015
05	0051016
05	0051017
05	0051018
05	0051019
05	0051020
05	0051021
05	0051022
05	0051023
05	0051024
05	0051025
05	0051026
05	0051027
05	0051028
05	0051029
05	0051030
05	0051031
05	0051032
05	0051033
05	0051034
05	0051035
05	0051036
05	0051037
05	0051038
05	0051039
05	0051040
05	0051041
05	0051042
05	0051043
05	0051044
05	0051045
05	0051046
05	0051047
05	0051048
05	0051049
05	0051050
05	0051051
05	0051052
05	0051053
05	0051054
05	0051055
05	0051056
05	0051057
05	0051058
05	0051059
05	0051060
05	0051061
05	0051062
05	0051063
05	0051064
05	0051065
05	0051066
05	0051067
05	0051068
05	0051069
05	0051070
05	0051071
05	0051072
05	0051073
05	0051074
05	0051075
05	0051076
05	0051077
05	0051078
05	0051079
05	0051080
05	0051081
05	0051082
05	0051083
05	0051084
05	0051085
05	0051086
05	0051087
05	0051088
05	0051089
05	0051090
05	0051091
05	0051092
05	0051093
05	0051094
05	0051095
05	0051096
05	0051097
05	0051098
05	0051099
05	0051100
05	0051101
05	0051102
05	0051103
05	0051104
05	0051105
05	0051106
05	0051107
05	0051108
05	0051109
05	0051110
05	0051111
05	0051112
05	0051113
05	0051114
05	0051115
05	0051116
05	0051117
05	0051118
05	0051119
05	0051120
05	0051121
05	0051122
05	0051123
05	0051124
05	0051125
05	0051126
05	0051127
05	0051128
05	0051129
05	0051130
05	0051131
05	0051132
05	0051133
05	0051134
05	0051135
05	0051136
05	0051137
05	0051138
05	0051139
05	0051140
05	0051141
05	0051142
05	0051143
05	0051144
05	0051145
05	0051146
05	0051147
05	0051148
05	0051149
05	0051150
05	0051151
05	0051152
05	0051153
05	0051154
05	0051155
05	0051156
05	0051157
05	0051158
05	0051159
05	0051160
05	0051161
05	0051162
05	0051163
05	0051164
05	0051165
05	0051166
05	0051167
05	0051168
05	0051169
05	0051170
05	0051171
05	0051172
05	0051173
05	0051174
05	0051175
05	0051176
05	0051177
05	0051178
05	0051179
05	0051180
05	0051181
05	0051182
05	0051183
05	0051184
05	0051185
05	0051186
05	0051187
05	0051188
05	0051189
05	0051190
05	0051191
05	0051192
05	0051193
05	0051194
05	0051195
05	0051196
05	0051197
05	0051198
05	0051199
05	0051200
05	0051201
05	0051202
05	0051203
05	0051204
05	0051205
05	0051206
05	0051207
05	0051208
05	0051209
05	0051210
05	0051211
05	0051212
05	0051213
05	0051214
05	0051215
05	0051216
05	0051217
05	0051218
05	0051219
05	0051220
05	0051221
05	0051222
05	0051223
05	0051224
05	0051225
05	0051226
05	0051227
05	0051228
05	0051229
05	0051230
05	0051231
05	0051232
05	0051233
05	0051234
05	0051235
05	0051236
05	0051237
05	0051238
05	0051239
05	0051240
05	0051241
05	0051242
05	0051243
05	0051244
05	0051245
05	0051246
05	0051247
05	0051248
05	0051249
05	0051250
05	0051251
05	0051252
05	0051253
05	0051254
05	0051255
05	0051256
05	0051257
05	0051258
05	0051259
05	0051260
05	0051261
05	0051262
05	0051263
05	0051264
05	0051265
05	0051266
05	0051267
05	0051268
05	0051269
05	0051270
05	0051271
05	0051272
05	0051273
05	0051274
05	0051275
05	0051276
05	0051277
05	0051278
05	0051279
05	0051280
05	0051281
05	0051282
05	0051283
05	0051284
05	0051285
05	0051286
05	0051287
05	0051288
05	0051289
05	0051290
05	0051291
05	0051292
05	0051293
05	0051294
05	0051295
05	0051296
05	0051297
05	0051298
05	0051299
05	0051300
05	0051301
05	0051302
05	0051303
05	0051304
05	0051305
05	0051306
05	0051307
05	0051308
05	0051309
05	0051310
05	0051311
05	0051312
05	0051313
05	0051314
05	0051315
05	0051316
05	0051317
05	0051318
05	0051319
05	0051320
05	0051321
05	0051322
05	0051323
05	0051324
05	0051325
05	0051326
05	0051327
05	0051328
05	0051329
05	0051330
05	0051331
05	0051332
05	0051333
05	0051334
05	0051335
05	0051336
05	0051337
05	0051338
05	0051339
05	0051340
05	0051341
05	0051342
05	0051343
05	0051344
05	0051345
05	0051346
05	0051347
05	0051348
05	0051349
05	0051350
05	0051351
05	0051352
05	0051353
05	0051354
05	0051355
05	0051356
05	0051357
05	0051358
05	0051359
05	0051360
05	0051361
05	0051362
05	0051363
05	0051364
05	0051365
05	0051366
05	0051367
05	0051368
05	0051369
05	0051370
05	0051371
05	0051372
05	0051373
05	0051374
05	0051375
05	0051376
05	0051377
05	0051378
05	0051379
05	0051380
05	0051381
05	0051382
05	0051383
05	0051384
05	0051385
05	0051386
05	0051387
05	0051388
05	0051389
05	0051390
05	0051391
05	0051392
05	0051393
05	0051394
05	0051395
05	0051396
05	0051397
05	0051398
05	0051399
05	0051400
05	0051401
05	0051402
05	0051403
05	0051404
05	0051405
05	0051406
05	0051407
05	0051408
05	0051409
05	0051410
05	0051411
05	0051412
05	0051413
05	0051414
05	0051415
05	0051416
05	0051417
05	0051418
05	0051419
05	0051420
05	0051421
05	0051422
05	0051423
05	0051424
05	0051425
05	0051426
05	0051427
05	0051428
05	0051429
05	0051430
05	0051431
05	0051432
05	0051433
05	0051434
05	0051435
05	0051436
05	0051437
05	0051438
05	0051439
05	0051440
05	0051441
05	0051442
05	0051443
05	0051444
05	0051445
05	0051446
05	0051447
05	0051448
05	0051449
05	0051450
05	0051451
05	0051452
05	0051453
05	0051454
05	0051455
05	0051456
05	0051457
05	0051458
05	0051459
05	0051460
05	0051461
05	0051462
05	0051463
05	0051464
05	0051465
05	0051466
05	0051467
05	0051468
05	0051469
05	0051470
05	0051471
05	0051472
05	0051473
05	0051474
05	0051475
05	0051476
05	0051477
05	0051478
05	0051479
05	0051480
05	0051481
05	0051482
05	0051483
05	0051484
05	0051485
05	0051486
05	0051487
05	0051488
05	0051489
05	0051490
05	0051491
05	0051492
05	0051493
05	0051494
05	0051495
05	0051496
05	0051497
05	0051498
05	0051499
05	0051500
05	0051501
05	0051502
05	0051503
05	0051504
05	0051505
05	0051506
05	0051507
05	0051508
05	0051509
05	0051510
05	0051511
05	0051512
05	0051513
05	0051514
05	0051515
05	0051516
05	0051517
05	0051518
05	0051519
05	0051520
05	0051521
05	0051522
05	0051523
05	0051524
05	0051525
05	0051526
05	0051527
05	0051528
05	0051529
05	0051530
05	0051531
05	0051532
05	0051533
05	0051534
05	0051535
05	0051536
05	0051537
05	0051538
05	0051539
05	0051540
05	0051541
05	0051542
05	0051543
05	0051544
05	0051545
05	0051546
05	0051547
05	0051548
05	0051549
05	0051550
05	0051551
05	0051552
05	0051553
05	0051554
05	0051555
05	0051556
05	0051557
05	0051558
05	0051559
05	0051560
05	0051561
05	0051562
05	0051563
05	0051564
05	0051565
05	0051566
05	0051567
05	0051568
05	0051569
05	0051570
05	0051571
05	0051572
05	0051573
05	0051574
05	0051575
05	0051576
05	0051577
05	0051578
05	0051579
05	0051580
05	0051581
05	0051582
05	0051583
05	0051584
05	0051585
05	0051586
05	0051587
05	0051588
05	0051589
05	0051590
05	0051591
05	0051592
05	0051593
05	0051594
05	0051595
05	0051596
05	0051597
05	0051598
05	0051599
05	0051600
05	0051601
05	0051602
05	0051603
05	0051604
05	0051605
05	0051606
05	0051607
05	0051608
05	0051609
05	0051610
05	0051611
05	0051612
05	0051613
05	0051614
05	0051615
05	0051616
05	0051617
05	0051618
05	0051619
05	0051620
05	0051621
05	0051622
05	0051623
05	0051624
05	0051625
05	0051626
05	0051627
05	0051628
05	0051629
05	0051630
05	0051631
05	0051632
05	0051633
05	0051634
05	0051635
05	0051636
05	0051637
05	0051638
05	0051639
05	0051640
05	0051641
05	0051642
05	0051643
05	0051644
05	0051645
05	0051646
05	0051647
05	0051648
05	0051649
05	0051650
05	0051651
05	0051652
05	0051653
05	0051654
05	0051655
05	0051656
05	0051657
05	0051658
05	0051659
05	0051660
05	0051661
05	0051662
05	0051663
05	0051664
05	0051665
05	0051666
05	0051667
05	0051668
05	0051669
05	0051670
05	0051671
05	0051672
05	0051673
05	0051674
05	0051675
05	0051676
05	0051677
05	0051678
05	0051679
05	0051680
05	0051681
05	0051682
05	0051684
05	0051685
05	0051686
05	0051687
05	0051688
05	0051689
05	0051690
05	0051691
05	0051692
05	0051693
05	0051694
05	0051695
05	0051696
05	0051697
05	0051698
05	0051699
05	0051700
05	0051701
05	0051702
05	0051703
05	0051704
05	0051705
05	0051706
05	0051707
05	0051708
05	0051709
05	0051710
05	0051711
05	0051712
05	0051713
05	0051714
05	0051715
05	0051716
05	0051717
05	0051718
05	0051719
05	0051720
05	0051721
05	0051722
05	0051723
05	0051724
05	0051725
05	0051726
05	0051727
05	0051728
05	0051729
05	0051730
05	0051731
05	0051732
05	0051733
05	0051734
05	0051735
05	0051736
05	0051737
05	0051738
05	0051739
05	0051740
05	0051741
05	0051742
05	0051743
05	0051744
05	0051745
05	0051746
05	0051747
05	0051748
05	0051749
05	0051750
05	0051751
05	0051752
05	0051753
05	0051754
05	0051755
05	0051756
05	0051757
05	0051758
05	0051759
05	0051760
05	0051761
05	0051762
05	0051763
05	0051764
05	0051765
05	0051766
05	0051767
05	0051768
05	0051769
05	0051770
05	0051771
05	0051772
05	0051773
05	0051774
05	0051775
05	0051776
05	0051777
05	0051778
05	0051779
05	0051780
05	0051781
05	0051782
05	0051783
05	0051784
05	0051785
05	0051786
05	0051787
05	0051788
05	0051789
05	0051790
05	0051791
05	0051792
05	0051793
05	0051794
05	0051795
05	0051796
05	0051797
05	0051798
05	0051799
05	0051800
05	0051801
05	0051802
05	0051803
05	0051804
05	0051805
05	0051806
05	0051807
05	0051808
05	0051809
05	0051810
05	0051811
05	0051812
05	0051813
05	0051814
05	0051815
05	0051816
05	0051817
05	0051818
05	0051819
05	0051820
05	0051821
05	0051822
05	0051823
05	0051824
05	0051825
05	0051826
05	0051827
05	0051828
05	0051829
05	0051830
05	0051831
05	0051832
05	0051833
05	0051834
05	0051835
05	0051836
05	0051837
05	0051838
05	0051839
05	0051840
05	0051841
05	0051842
05	0051843
05	0051844
05	0051845
05	0051846
05	0051847
05	0051848
05	0051849
05	0051850
05	0051851
05	0051852
05	0051853
05	0051854
05	0051855
05	0051856
05	0051857
05	0051858
05	0051859
05	0051860
05	0051861
05	0051862
05	0051863
05	0051864
05	0051865
05	0051866
05	0051867
05	0051868
05	0051869
05	0051870
05	0051871
05	0051872
05	0051873
05	0051874
05	0051875
05	0051876
05	0051877
05	0051878
05	0051879
05	0051880
05	0051881
05	0051882
05	0051883
05	0051884
05	0051885
05	0051886
05	0051887
05	0051888
05	0051889
05	0051890
05	0051891
05	0051892
05	0051893
05	0051894
05	0051895
05	0051896
05	0051897
05	0051898
05	0051899
05	0051900
05	0051901
05	0051902
05	0051903
05	0051904
05	0051905
05	0051906
05	0051907
05	0051908
05	0051909
05	0051910
05	0051911
05	0051912
05	0051913
05	0051914
05	0051915
05	0051916
05	0051917
05	0051918
05	0051919
05	0051920
05	0051921
05	0051922
05	0051923
05	0051924
05	0051925
05	0051926
05	0051927
05	0051928
05	0051929
05	0051930
05	0051931
05	0051932
05	0051933
05	0051934
05	0051935
05	0051936
05	0051937
05	0051938
05	0051939
05	0051940
05	0051941
05	0051942
05	0051943
05	0051944
05	0051945
05	0051946
05	0051947
05	0051948
05	0051949
05	0051950
05	0051951
05	0051952
05	0051953
05	0051954
05	0051955
05	0051956
05	0051957
05	0051958
05	0051959
05	0051960
05	0051961
05	0051962
05	0051963
05	0051964
05	0051965
05	0051966
05	0051967
05	0051968
05	0051969
05	0051970
05	0051971
05	0051972
05	0051973
05	0051974
05	0051975
05	0051976
05	0051977
05	0051978
05	0051979
05	0051980
05	0051981
05	0051982
05	0051983
05	0051984
05	0051985
05	0051986
05	0051987
05	0051988
05	0051989
05	0051990
05	0051991
05	0051992
05	0051993
05	0051994
05	0051995
05	0051996
05	0051997
05	0051998
05	0051999
05	0052000
05	0052001
05	0052002
05	0052003
05	0052004
05	0052005
05	0052006
05	0052007
05	0052008
05	0052009
05	0052010
05	0052011
05	0052012
05	0052013
05	0052014
05	0052015
05	0052016
05	0052017
05	0052018
05	0052019
05	0052020
05	0052021
05	0052022
05	0052023
05	0052024
05	0052025
05	0052026
05	0052027
05	0052028
05	0052029
05	0052030
05	0052031
05	0052032
05	0052033
05	0052034
05	0052035
05	0052036
05	0052037
05	0052038
05	0052039
05	0052040
05	0052041
05	0052042
05	0052043
05	0052044
05	0052045
05	0052046
05	0052047
05	0052048
05	0052049
05	0052050
05	0052051
05	0052052
05	0052053
05	0052054
05	0052055
05	0052056
05	0052057
05	0052058
05	0052059
05	0052060
05	0052061
05	0052062
05	0052063
05	0052064
05	0052065
05	0052066
05	0052067
05	0052068
05	0052069
05	0052070
05	0052071
05	0052072
05	0052073
05	0052074
05	0052075
05	0052076
05	0052077
05	0052078
05	0052079
05	0052080
05	0052081
05	0052082
05	0052083
05	0052084
05	0052085
05	0052086
05	0052087
05	0052088
05	0052089
05	0052090
05	0052091
05	0052092
05	0052093
05	0052094
05	0052095
05	0052096
05	0052097
05	0052098
05	0052099
05	0052100
05	0052101
05	0052102
05	0052103
05	0052104
05	0052105
05	0052106
05	0052107
05	0052108
05	0052109
05	0052110
05	0052111
05	0052112
05	0052113
05	0052114
05	0052115
05	0052116
05	0052117
05	0052118
05	0052119
05	0052120
05	0052121
05	0052122
05	0052123
05	0052124
05	0052125
05	0052126
05	0052127
05	0052128
05	0052129
05	0052130
05	0052131
05	0052132
05	0052133
05	0052134
05	0052135
05	0052136
05	0052137
05	0052138
05	0052139
05	0052140
05	0052141
05	0052142
05	0052143
05	0052144
05	0052145
05	0052146
05	0052147
05	0052148
05	0052149
05	0052150
05	0052151
05	0052152
05	0052153
05	0052154
05	0052155
05	0052156
05	0052157
05	0052158
05	0052159
05	0052160
05	0052161
05	0052162
05	0052163
05	0052164
05	0052165
05	0052166
05	0052167
05	0052168
05	0052169
05	0052170
05	0052171
05	0052172
05	0052173
05	0052174
05	0052175
05	0052176
05	0052177
05	0052178
05	0052179
05	0052180
05	0052181
05	0052182
05	0052183
05	0052184
05	0052185
05	0052186
05	0052187
05	0052188
05	0052189
05	0052190
05	0052191
05	0052192
05	0052193
05	0052194
05	0052195
05	0052196
05	0052197
05	0052198
05	0052199
05	0052200
05	0052201
05	0052202
05	0052203
05	0052204
05	0052205
05	0052206
05	0052207
05	0052208
05	0052209
05	0052210
05	0052211
05	0052212
05	0052213
05	0052214
05	0052215
05	0052216
05	0052217
05	0052218
05	0052219
05	0052220
05	0052221
05	0052222
05	0052223
05	0052224
05	0052225
05	0052226
05	0052227
05	0052228
05	0052229
05	0052230
05	0052231
05	0052232
05	0052233
05	0052234
05	0052235
05	0052236
05	0052237
05	0052238
05	0052239
05	0052240
05	0052241
05	0052242
05	0052243
05	0052244
05	0052245
05	0052246
05	0052247
05	0052248
05	0052249
05	0052250
05	0052251
05	0052252
05	0052253
05	0052254
05	0052255
05	0052256
05	0052257
05	0052258
05	0052259
05	0052260
05	0052261
05	0052262
05	0052263
05	0052264
05	0052265
05	0052266
05	0052267
05	0052268
05	0052269
05	0052270
05	0052271
05	0052272
05	0052273
05	0052274
05	0052275
05	0052276
05	0052277
05	0052278
05	0052279
05	0052280
05	0052281
05	0052282
05	0052283
05	0052284
05	0052285
05	0052286
05	0052287
05	0052288
05	0052289
05	0052290
05	0052291
05	0052292
05	0052293
05	0052294
05	0052295
05	0052296
05	0052297
05	0052298
05	0052299
05	0052300
05	0052301
05	0052302
05	0052303
05	0052304
05	0052305
05	0052306
05	0052307
05	0052308
05	0052309
05	0052310
05	0052311
05	0052312
05	0052313
05	0052314
05	0052315
05	0052316
05	0052317
05	0052318
05	0052319
05	0052320
05	0052321
05	0052322
05	0052323
05	0052324
05	0052325
05	0052326
05	0052327
05	0052328
05	0052329
05	0052330
05	0052331
05	0052332
05	0052333
05	0052334
05	0052335
05	0052336
05	0052337
05	0052338
05	0052339
05	0052340
05	0052341
05	0052342
05	0052343
05	0052344
05	0052345
05	0052346
05	0052347
05	0052348
05	0052349
05	0052350
05	0052351
05	0052352
05	0052353
05	0052354
05	0052355
05	0052356
05	0052357
05	0052358
05	0052359
05	0052360
05	0052361
05	0052362
05	0052363
05	0052364
05	0052365
05	0052366
05	0052367
05	0052368
05	0052369
05	0052370
05	0052371
05	0052372
05	0052373
05	0052374
05	0052375
05	0052376
05	0052377
05	0052378
05	0052379
05	0052380
05	0052381
05	0052382
05	0052383
05	0052384
05	0052385
05	0052387
05	0052388
05	0052389
05	0052390
05	0052391
05	0052392
05	0052393
05	0052394
05	0052395
05	0052396
05	0052397
05	0052398
05	0052399
05	0052400
05	0052401
05	0052402
05	0052403
05	0052404
05	0052405
05	0052406
05	0052407
05	0052408
05	0052409
05	0052410
05	0052411
05	0052412
05	0052413
05	0052414
05	0052415
05	0052416
05	0052417
05	0052418
05	0052419
05	0052420
05	0052421
05	0052422
05	0052423
05	0052424
05	0052425
05	0052426
05	0052427
05	0052428
05	0052429
05	0052430
05	0052431
05	0052432
05	0052433
05	0052434
05	0052435
05	0052436
05	0052437
05	0052438
05	0052439
05	0052440
05	0052441
05	0052442
05	0052443
05	0052444
05	0052445
05	0052446
05	0052447
05	0052448
05	0052449
05	0052450
05	0052451
05	0052452
05	0052453
05	0052454
05	0052455
05	0052456
05	0052457
05	0052458
05	0052459
05	0052460
05	0052461
05	0052462
05	0052463
05	0052464
05	0052465
05	0052466
05	0052467
05	0052468
05	0052469
05	0052470
05	0052471
05	0052472
05	0052473
05	0052474
05	0052475
05	0052476
05	0052477
05	0052478
05	0052479
05	0052480
05	0052481
05	0052482
05	0052483
05	0052484
05	0052485
05	0052486
05	0052487
05	0052488
05	0052489
05	0052490
05	0052491
05	0052492
05	0052493
05	0052494
05	0052495
05	0052496
05	0052497
05	0052498
05	0052499
05	0052500
05	0052501
05	0052502
05	0052503
05	0052504
05	0052505
05	0052506
05	0052507
05	0052508
05	0052509
05	0052510
05	0052511
05	0052512
05	0052513
05	0052514
05	0052515
05	0052516
05	0052517
05	0052518
05	0052519
05	0052520
05	0052521
05	0052522
05	0052523
05	0052524
05	0052525
05	0052526
05	0052527
05	0052528
05	0052529
05	0052530
05	0052531
05	0052532
05	0052533
05	0052534
05	0052535
05	0052536
05	0052537
05	0052538
05	0052539
05	0052540
05	0052541
05	0052542
05	0052543
05	0052544
05	0052545
05	0052546
05	0052547
05	0052548
05	0052549
05	0052550
05	0052551
05	0052552
05	0052553
05	0052554
05	0052555
05	0052556
05	0052557
05	0052558
05	0052559
05	0052560
05	0052561
05	0052562
05	0052563
05	0052564
05	0052565
05	0052566
05	0052567
05	0052568
05	0052569
05	0052570
05	0052571
05	0052572
05	0052573
05	0052574
05	0052575
05	0052576
05	0052577
05	0052578
05	0052579
05	0052580
05	0052581
05	0052582
05	0052583
05	0052584
05	0052585
05	0052586
05	0052587
05	0052588
05	0052589
05	0052590
05	0052591
05	0052592
05	0052593
05	0052594
05	0052595
05	0052596
05	0052597
05	0052598
05	0052599
05	0052600
05	0052601
05	0052602
05	0052603
05	0052604
05	0052605
05	0052606
05	0052607
05	0052608
05	0052609
05	0052610
05	0052611
05	0052612
05	0052613
05	0052614
05	0052615
05	0052617
05	0052618
05	0052619
05	0052620
05	0052621
05	0052622
05	0052623
05	0052624
05	0052625
05	0052626
05	0052627
05	0052628
05	0052629
05	0052630
05	0052631
05	0052632
05	0052633
05	0052634
05	0052635
05	0052636
05	0052637
05	0052638
05	0052639
05	0052640
05	0052641
05	0052642
05	0052643
05	0052644
05	0052645
05	0052646
05	0052647
05	0052648
05	0052649
05	0052650
05	0052651
05	0052652
05	0052653
05	0052654
05	0052655
05	0052656
05	0052657
05	0052658
05	0052659
05	0052660
05	0052661
05	0052662
05	0052663
05	0052664
05	0052665
05	0052666
05	0052667
05	0052668
05	0052669
05	0052670
05	0052671
05	0052672
05	0052673
05	0052674
05	0052675
05	0052676
05	0052677
05	0052678
05	0052679
05	0052680
05	0052681
05	0052682
05	0052683
05	0052684
05	0052685
05	0052686
05	0052687
05	0052688
05	0052689
05	0052690
05	0052691
05	0052692
05	0052693
05	0052694
05	0052695
05	0052696
05	0052697
05	0052698
05	0052699
05	0052700
05	0052701
05	0052702
05	0052703
05	0052704
05	0052705
05	0052706
05	0052707
05	0052708
05	0052709
05	0052710
05	0052711
05	0052712
05	0052713
05	0052714
05	0052715
05	0052716
05	0052717
05	0052718
05	0052719
05	0052720
05	0052721
05	0052722
05	0052723
05	0052724
05	0052725
05	0052726
05	0052727
05	0052728
05	0052729
05	0052730
05	0052731
05	0052732
05	0052733
05	0052734
05	0052735
05	0052736
05	0052737
05	0052738
05	0052739
05	0052740
05	0052741
05	0052742
05	0052743
05	0052744
05	0052745
05	0052746
05	0052747
05	0052748
05	0052749
05	0052750
05	0052751
05	0052752
05	0052753
05	0052754
05	0052755
05	0052756
05	0052757
05	0052758
05	0052759
05	0052760
05	0052761
05	0052762
05	0052763
05	0052764
05	0052765
05	0052766
05	0052767
05	0052768
05	0052769
05	0052770
05	0052771
05	0052772
05	0052773
05	0052774
05	0052775
05	0052776
05	0052777
05	0052778
05	0052779
05	0052780
05	0052781
05	0052782
05	0052783
05	0052784
05	0052785
05	0052786
05	0052787
05	0052788
05	0052789
05	0052790
05	0052791
05	0052792
05	0052793
05	0052794
05	0052795
05	0052796
05	0052797
05	0052798
05	0052799
05	0052800
05	0052801
05	0052802
05	0052803
05	0052804
05	0052805
05	0052806
05	0052807
05	0052808
05	0052809
05	0052810
05	0052811
05	0052812
05	0052813
05	0052814
05	0052815
05	0052816
05	0052817
05	0052818
05	0052819
05	0052820
05	0052821
05	0052822
05	0052823
05	0052824
05	0052825
05	0052826
05	0052827
05	0052828
05	0052829
05	0052830
05	0052831
05	0052832
05	0052833
05	0052834
05	0052835
05	0052836
05	0052837
05	0052838
05	0052839
05	0052840
05	0052841
05	0052842
05	0052843
05	0052844
05	0052845
05	0052846
05	0052847
05	0052848
05	0052849
05	0052850
05	0052851
05	0052852
05	0052853
05	0052854
05	0052855
05	0052856
05	0052857
05	0052858
05	0052859
05	0052860
05	0052861
05	0052862
05	0052863
05	0052864
05	0052865
05	0052866
05	0052867
05	0052868
05	0052869
05	0052870
05	0052871
05	0052872
05	0052873
05	0052874
05	0052875
05	0052876
05	0052877
05	0052878
05	0052879
05	0052880
05	0052881
05	0052882
05	0052883
05	0052884
05	0052885
05	0052886
05	0052887
05	0052888
05	0052889
05	0052890
05	0052891
05	0052892
05	0052893
05	0052894
05	0052895
05	0052896
05	0052897
05	0052898
05	0052899
05	0052900
05	0052901
05	0052902
05	0052903
05	0052904
05	0052905
05	0052906
05	0052907
05	0052908
05	0052909
05	0052910
05	0052911
05	0052912
05	0052913
05	0052914
05	0052915
05	0052916
05	0052917
05	0052918
05	0052919
05	0052920
05	0052921
05	0052922
05	0052923
05	0052924
05	0052925
05	0052926
05	0052927
05	0052928
05	0052929
05	0052930
05	0052931
05	0052932
05	0052933
05	0052934
05	0052935
05	0052936
05	0052937
05	0052938
05	0052939
05	0052940
05	0052941
05	0052942
05	0052943
05	0052944
05	0052945
05	0052946
05	0052947
05	0052948
05	0052949
05	0052950
05	0052951
05	0052952
05	0052953
05	0052954
05	0052955
05	0052956
05	0052957
05	0052958
05	0052959
05	0052960
05	0052961
05	0052962
05	0052963
05	0052964
05	0052965
05	0052966
05	0052967
05	0052968
05	0052969
05	0052970
05	0052971
05	0052972
05	0052973
05	0052974
05	0052975
05	0052976
05	0052977
05	0052978
05	0052979
05	0052980
05	0052981
05	0052982
05	0052983
05	0052984
05	0052985
05	0052986
05	0052987
05	0052988
05	0052989
05	0052990
05	0052991
05	0052992
05	0052993
05	0052994
05	0052995
05	0052996
05	0052997
05	0052998
05	0052999
05	0053000
05	0053001
05	0053002
05	0053003
05	0053004
05	0053005
05	0053006
05	0053007
05	0053008
05	0053009
05	0053010
05	0053011
05	0053012
05	0053013
05	0053014
05	0053015
05	0053016
05	0053017
05	0053018
05	0053019
05	0053020
05	0053021
05	0053022
05	0053023
05	0053024
05	0053025
05	0053026
05	0053027
05	0053028
05	0053029
05	0053030
05	0053031
05	0053032
05	0053033
05	0053034
05	0053035
05	0053036
05	0053037
05	0053038
05	0053039
05	0053040
05	0053041
05	0053042
05	0053043
05	0053044
05	0053045
05	0053046
05	0053047
05	0053048
05	0053049
05	0053050
05	0053051
05	0053052
05	0053053
05	0053054
05	0053055
05	0053056
05	0053057
05	0053058
05	0053059
05	0053060
05	0053061
05	0053062
05	0053063
05	0053064
05	0053065
05	0053066
05	0053067
05	0053068
05	0053069
05	0053070
05	0053071
05	0053072
05	0053073
05	0053074
05	0053075
05	0053076
05	0053077
05	0053078
05	0053079
05	0053080
05	0053081
05	0053082
05	0053083
05	0053084
05	0053085
05	0053086
05	0053087
05	0053088
05	0053089
05	0053090
05	0053091
05	0053092
05	0053093
05	0053094
05	0053095
05	0053096
05	0053097
05	0053098
05	0053099
05	0053100
05	0053101
05	0053102
05	0053103
05	0053104
05	0053105
05	0053106
05	0053107
05	0053108
05	0053109
05	0053110
05	0053111
05	0053112
05	0053113
05	0053114
05	0053115
05	0053116
05	0053117
05	0053118
05	0053119
05	0053120
05	0053121
05	0053122
05	0053123
05	0053124
05	0053125
05	0053126
05	0053127
05	0053128
05	0053129
05	0053130
05	0053131
05	0053132
05	0053133
05	0053134
05	0053135
05	0053136
05	0053137
05	0053138
05	0053139
05	0053140
05	0053141
05	0053142
05	0053143
05	0053144
05	0053145
05	0053146
05	0053147
05	0053148
05	0053149
05	0053150
05	0053151
05	0053152
05	0053153
05	0053154
05	0053155
05	0053156
05	0053157
05	0053158
05	0053159
05	0053160
05	0053161
05	0053162
05	0053163
05	0053164
05	0053165
05	0053166
05	0053167
05	0053168
05	0053169
05	0053170
05	0053171
05	0053172
05	0053173
05	0053174
05	0053175
05	0053176
05	0053177
05	0053178
05	0053179
05	0053180
05	0053181
05	0053182
05	0053183
05	0053184
05	0053185
05	0053186
05	0053187
05	0053188
05	0053189
05	0053190
05	0053191
05	0053192
05	0053193
05	0053194
05	0053195
05	0053196
05	0053197
05	0053198
05	0053199
05	0053200
05	0053201
05	0053202
05	0053203
05	0053204
05	0053205
05	0053206
05	0053207
05	0053208
05	0053209
05	0053210
05	0053211
05	0053212
05	0053213
05	0053214
05	0053215
05	0053216
05	0053217
05	0053218
05	0053219
05	0053220
05	0053221
05	0053222
05	0053223
05	0053224
05	0053225
05	0053226
05	0053227
05	0053228
05	0053229
05	0053230
05	0053231
05	0053232
05	0053233
05	0053234
05	0053235
05	0053236
05	0053237
05	0053238
05	0053239
05	0053240
05	0053241
05	0053242
05	0053243
05	0053244
05	0053245
05	0053246
05	0053247
05	0053248
05	0053249
05	0053250
05	0053251
05	0053252
05	0053253
05	0053254
05	0053255
05	0053256
05	0053257
05	0053258
05	0053259
05	0053260
05	0053261
05	0053262
05	0053263
05	0053264
05	0053265
05	0053266
05	0053267
05	0053268
05	0053269
05	0053270
05	0053271
05	0053272
05	0053273
05	0053274
05	0053275
05	0053276
05	0053277
05	0053278
05	0053279
05	0053280
05	0053281
05	0053282
05	0053283
05	0053284
05	0053285
05	0053286
05	0053287
05	0053288
05	0053289
05	0053290
05	0053291
05	0053292
05	0053293
05	0053294
05	0053295
05	0053296
05	0053297
05	0053298
05	0053299
05	0053300
05	0053301
05	0053302
05	0053303
05	0053304
05	0053305
05	0053306
05	0053307
05	0053308
05	0053309
05	0053310
05	0053311
05	0053312
05	0053313
05	0053314
05	0053315
05	0053316
05	0053317
05	0053318
05	0053319
05	0053320
05	0053321
05	0053322
05	0053323
05	0053324
05	0053325
05	0053326
05	0053327
05	0053328
05	0053329
05	0053330
05	0053331
05	0053332
05	0053333
05	0053334
05	0053335
05	0053336
05	0053337
05	0053338
05	0053339
05	0053340
05	0053341
05	0053342
05	0053343
05	0053344
05	0053345
05	0053346
05	0053347
05	0053348
05	0053349
05	0053350
05	0053351
05	0053352
05	0053353
05	0053354
05	0053355
05	0053356
05	0053357
05	0053358
05	0053359
05	0053360
05	0053361
05	0053362
05	0053363
05	0053364
05	0053365
05	0053366
05	0053367
05	0053368
05	0053369
05	0053370
05	0053371
05	0053372
05	0053373
05	0053374
05	0053375
05	0053376
05	0053377
05	0053378
05	0053379
05	0053380
05	0053381
05	0053382
05	0053383
05	0053384
05	0053385
05	0053386
05	0053387
05	0053388
05	0053389
05	0053390
05	0053391
05	0053392
05	0053393
05	0053394
05	0053395
05	0053396
05	0053397
05	0053398
05	0053399
05	0053400
05	0053401
05	0053402
05	0053403
05	0053404
05	0053405
05	0053406
05	0053407
05	0053408
05	0053409
05	0053410
05	0053411
05	0053412
05	0053413
05	0053414
05	0053415
05	0053416
05	0053417
05	0053418
05	0053419
05	0053420
05	0053421
05	0053422
05	0053423
05	0053424
05	0053425
05	0053426
05	0053427
05	0053428
05	0053429
05	0053430
05	0053431
05	0053432
05	0053433
05	0053434
05	0053435
05	0053436
05	0053437
05	0053438
05	0053439
05	0053440
05	0053441
05	0053442
05	0053443
05	0053444
05	0053445
05	0053446
05	0053447
05	0053448
05	0053449
05	0053450
05	0053451
05	0053452
05	0053453
05	0053454
05	0053455
05	0053456
05	0053457
05	0053458
05	0053459
05	0053460
05	0053461
05	0053462
05	0053463
05	0053464
05	0053465
05	0053466
05	0053467
05	0053468
05	0053469
05	0053470
05	0053471
05	0053472
05	0053473
05	0053474
05	0053475
05	0053476
05	0053477
05	0053478
05	0053479
05	0053480
05	0053481
05	0053482
05	0053483
05	0053484
05	0053485
05	0053486
05	0053487
05	0053488
05	0053489
05	0053490
05	0053491
05	0053492
05	0053493
05	0053494
05	0053495
05	0053496
05	0053497
05	0053498
05	0053499
05	0053500
05	0053501
05	0053502
05	0053503
05	0053504
05	0053505
05	0053506
05	0053507
05	0053509
05	0053510
05	0053511
05	0053512
05	0053513
05	0053514
05	0053515
05	0053516
05	0053517
05	0053518
05	0053519
05	0053520
05	0053521
05	0053522
05	0053523
05	0053524
05	0053525
05	0053526
05	0053527
05	0053528
05	0053529
05	0053530
05	0053531
05	0053532
05	0053533
05	0053534
05	0053535
05	0053536
05	0053537
05	0053538
05	0053539
05	0053540
05	0053541
05	0053542
05	0053543
05	0053544
05	0053545
05	0053546
05	0053547
05	0053548
05	0053549
05	0053550
05	0053551
05	0053552
05	0053553
05	0053554
05	0053555
05	0053556
05	0053557
05	0053558
05	0053559
05	0053560
05	0053561
05	0053562
05	0053563
05	0053564
05	0053565
05	0053566
05	0053567
05	0053568
05	0053569
05	0053570
05	0053571
05	0053572
05	0053573
05	0053574
05	0053575
05	0053576
05	0053577
05	0053578
05	0053579
05	0053580
05	0053581
05	0053582
05	0053583
05	0053584
05	0053585
05	0053586
05	0053587
05	0053588
05	0053589
05	0053590
05	0053591
05	0053592
05	0053593
05	0053594
05	0053595
05	0053596
05	0053597
05	0053598
05	0053599
05	0053600
05	0053601
05	0053602
05	0053603
05	0053604
05	0053605
05	0053606
05	0053607
05	0053608
05	0053609
05	0053610
05	0053611
05	0053612
05	0053613
05	0053614
05	0053615
05	0053616
05	0053617
05	0053618
05	0053619
05	0053620
05	0053621
05	0053622
05	0053623
05	0053624
05	0053625
05	0053626
05	0053627
05	0053628
05	0053629
05	0053630
05	0053631
05	0053632
05	0053633
05	0053634
05	0053635
05	0053636
05	0053637
05	0053638
05	0053639
05	0053640
05	0053641
05	0053642
05	0053643
05	0053644
05	0053645
05	0053646
05	0053647
05	0053648
05	0053649
05	0053650
05	0053651
05	0053652
05	0053653
05	0053654
05	0053655
05	0053656
05	0053657
05	0053658
05	0053659
05	0053660
05	0053661
05	0053662
05	0053663
05	0053664
05	0053665
05	0053666
05	0053667
05	0053668
05	0053669
05	0053670
05	0053671
05	0053672
05	0053673
05	0053674
05	0053675
05	0053676
05	0053677
05	0053678
05	0053679
05	0053680
05	0053681
05	0053682
05	0053683
05	0053684
05	0053685
05	0053686
05	0053687
05	0053688
05	0053689
05	0053690
05	0053691
05	0053692
05	0053693
05	0053694
05	0053695
05	0053696
05	0053697
05	0053698
05	0053699
05	0053700
05	0053701
05	0053702
05	0053703
05	0053704
05	0053705
05	0053706
05	0053707
05	0053708
05	0053709
05	0053710
05	0053711
05	0053712
05	0053713
05	0053714
05	0053715
05	0053716
05	0053717
05	0053718
05	0053719
05	0053720
05	0053721
05	0053722
05	0053723
05	0053724
05	0053725
05	0053726
05	0053727
05	0053728
05	0053729
05	0053730
05	0053731
05	0053732
05	0053733
05	0053734
05	0053735
05	0053736
05	0053737
05	0053738
05	0053739
05	0053740
05	0053741
05	0053742
05	0053743
05	0053744
05	0053745
05	0053746
05	0053747
05	0053748
05	0053749
05	0053750
05	0053751
05	0053752
05	0053753
05	0053754
05	0053755
05	0053756
05	0053757
05	0053758
05	0053759
05	0053760
05	0053761
05	0053762
05	0053763
05	0053764
05	0053765
05	0053766
05	0053767
05	0053768
05	0053769
05	0053770
05	0053771
05	0053772
05	0053773
05	0053774
05	0053775
05	0053776
05	0053777
05	0053778
05	0053779
05	0053780
05	0053781
05	0053782
05	0053783
05	0053784
05	0053785
05	0053786
05	0053787
05	0053788
05	0053789
05	0053790
05	0053791
05	0053792
05	0053793
05	0053794
05	0053795
05	0053796
05	0053797
05	0053798
05	0053799
05	0053800
05	0053801
05	0053802
05	0053803
05	0053804
05	0053805
05	0053806
05	0053807
05	0053808
05	0053809
05	0053810
05	0053811
05	0053812
05	0053813
05	0053814
05	0053815
05	0053816
05	0053817
05	0053818
05	0053819
05	0053820
05	0053821
05	0053822
05	0053823
05	0053824
05	0053825
05	0053826
05	0053827
05	0053828
05	0053829
05	0053830
05	0053831
05	0053832
05	0053833
05	0053834
05	0053835
05	0053836
05	0053837
05	0053838
05	0053839
05	0053840
05	0053841
05	0053842
05	0053843
05	0053844
05	0053845
05	0053846
05	0053847
05	0053848
05	0053849
05	0053850
05	0053851
05	0053852
05	0053853
05	0053854
05	0053855
05	0053856
05	0053857
05	0053858
05	0053859
05	0053860
05	0053861
05	0053862
05	0053863
05	0053864
05	0053865
05	0053866
05	0053867
05	0053868
05	0053869
05	0053870
05	0053871
05	0053872
05	0053873
05	0053874
05	0053875
05	0053876
05	0053877
05	0053878
05	0053879
05	0053880
05	0053881
05	0053882
05	0053883
05	0053884
05	0053885
05	0053886
05	0053887
05	0053888
05	0053889
05	0053890
05	0053891
05	0053892
05	0053893
05	0053894
05	0053895
05	0053896
05	0053897
05	0053898
05	0053899
05	0053900
05	0053901
05	0053902
05	0053903
05	0053904
05	0053905
05	0053906
05	0053907
05	0053908
05	0053909
05	0053910
05	0053911
05	0053912
05	0053913
05	0053914
05	0053915
05	0053916
05	0053917
05	0053918
05	0053919
05	0053920
05	0053921
05	0053922
05	0053923
05	0053924
05	0053925
05	0053926
05	0053927
05	0053928
05	0053929
05	0053930
05	0053931
05	0053932
05	0053933
05	0053934
05	0053935
05	0053936
05	0053937
05	0053938
05	0053939
05	0053940
05	0053941
05	0053942
05	0053943
05	0053944
05	0053945
05	0053946
05	0053947
05	0053948
05	0053949
05	0053950
05	0053951
05	0053952
05	0053953
05	0053954
05	0053955
05	0053956
05	0053957
05	0053958
05	0053959
05	0053960
05	0053961
05	0053962
05	0053963
05	0053964
05	0053965
05	0053966
05	0053967
05	0053968
05	0053969
05	0053970
05	0053971
05	0053972
05	0053973
05	0053974
05	0053975
05	0053976
05	0053977
05	0053978
05	0053979
05	0053980
05	0053981
05	0053982
05	0053983
05	0053984
05	0053985
05	0053986
05	0053987
05	0053988
05	0053989
05	0053990
05	0053991
05	0053992
05	0053993
05	0053994
05	0053995
05	0053996
05	0053997
05	0053998
05	0053999
05	0054000
05	0054001
05	0054002
05	0054003
05	0054004
05	0054005
05	0054006
05	0054007
05	0054008
05	0054009
05	0054010
05	0054011
05	0054012
05	0054013
05	0054014
05	0054015
05	0054016
05	0054017
05	0054018
05	0054019
05	0054020
05	0054021
05	0054022
05	0054023
05	0054024
05	0054025
05	0054026
05	0054027
05	0054028
05	0054029
05	0054030
05	0054031
05	0054032
05	0054033
05	0054034
05	0054035
05	0054036
05	0054037
05	0054038
05	0054039
05	0054040
05	0054041
05	0054042
05	0054043
05	0054044
05	0054045
05	0054046
05	0054047
05	0054048
05	0054049
05	0054050
05	0054051
05	0054052
05	0054053
05	0054054
05	0054055
05	0054056
05	0054057
05	0054058
05	0054059
05	0054060
05	0054061
05	0054062
05	0054063
05	0054064
05	0054065
05	0054066
05	0054067
05	0054068
05	0054069
05	0054070
05	0054071
05	0054072
05	0054073
05	0054074
05	0054075
05	0054076
05	0054077
05	0054078
05	0054079
05	0054080
05	0054081
05	0054082
05	0054083
05	0054084
05	0054085
05	0054086
05	0054087
05	0054088
05	0054089
05	0054090
05	0054091
05	0054092
05	0054093
05	0054094
05	0054095
05	0054096
05	0054097
05	0054098
05	0054099
05	0054100
05	0054101
05	0054102
05	0054103
05	0054104
05	0054105
05	0054106
05	0054107
05	0054108
05	0054109
05	0054110
05	0054111
05	0054112
05	0054113
05	0054114
05	0054115
05	0054116
05	0054117
05	0054118
05	0054119
05	0054120
05	0054121
05	0054122
05	0054123
05	0054124
05	0054125
05	0054126
05	0054127
05	0054128
05	0054129
05	0054130
05	0054131
05	0054132
05	0054133
05	0054134
05	0054135
05	0054136
05	0054137
05	0054138
05	0054139
05	0054140
05	0054141
05	0054142
05	0054143
05	0054144
05	0054145
05	0054146
05	0054147
05	0054148
05	0054149
05	0054150
05	0054151
05	0054152
05	0054153
05	0054154
05	0054155
05	0054156
05	0054157
05	0054158
05	0054159
05	0054160
05	0054161
05	0054162
05	0054163
05	0054164
05	0054165
05	0054166
05	0054167
05	0054168
05	0054169
05	0054170
05	0054171
05	0054172
05	0054173
05	0054174
05	0054175
05	0054176
05	0054177
05	0054178
05	0054179
05	0054180
05	0054181
05	0054182
05	0054183
05	0054184
05	0054185
05	0054186
05	0054187
05	0054188
05	0054189
05	0054190
05	0054191
05	0054192
05	0054193
05	0054194
05	0054195
05	0054196
05	0054197
05	0054198
05	0054199
05	0054200
05	0054201
05	0054202
05	0054203
05	0054204
05	0054205
05	0054206
05	0054207
05	0054208
05	0054209
05	0054210
05	0054211
05	0054212
05	0054213
05	0054214
05	0054215
05	0054216
05	0054217
05	0054218
05	0054219
05	0054220
05	0054221
05	0054222
05	0054223
05	0054224
05	0054225
05	0054226
05	0054227
05	0054228
05	0054229
05	0054230
05	0054231
05	0054232
05	0054233
05	0054234
05	0054235
05	0054236
05	0054237
05	0054238
05	0054239
05	0054240
05	0054241
05	0054242
05	0054243
05	0054244
05	0054245
05	0054246
05	0054247
05	0054248
05	0054249
05	0054250
05	0054251
05	0054252
05	0054253
05	0054254
05	0054255
05	0054256
05	0054257
05	0054258
05	0054259
05	0054260
05	0054261
05	0054262
05	0054263
05	0054264
05	0054265
05	0054266
05	0054267
05	0054268
05	0054269
05	0054270
05	0054271
05	0054272
05	0054273
05	0054274
05	0054275
05	0054276
05	0054277
05	0054278
05	0054279
05	0054280
05	0054281
05	0054282
05	0054283
05	0054284
05	0054285
05	0054286
05	0054287
05	0054288
05	0054289
05	0054290
05	0054291
05	0054292
05	0054293
05	0054294
05	0054295
05	0054296
05	0054297
05	0054298
05	0054299
05	0054300
05	0054301
05	0054302
05	0054303
05	0054304
05	0054305
05	0054306
05	0054307
05	0054308
05	0054309
05	0054310
05	0054311
05	0054312
05	0054313
05	0054314
05	0054315
05	0054316
05	0054317
05	0054318
05	0054319
05	0054320
05	0054321
05	0054322
05	0054323
05	0054324
05	0054325
05	0054326
05	0054327
05	0054328
05	0054329
05	0054330
05	0054331
05	0054332
05	0054333
05	0054334
05	0054335
05	0054336
05	0054337
05	0054338
05	0054339
05	0054340
05	0054341
05	0054342
05	0054343
05	0054344
05	0054345
05	0054346
05	0054347
05	0054348
05	0054349
05	0054350
05	0054351
05	0054352
05	0054353
05	0054354
05	0054355
05	0054356
05	0054357
05	0054358
05	0054359
05	0054360
05	0054361
05	0054362
05	0054363
05	0054364
05	0054365
05	0054366
05	0054367
05	0054368
05	0054369
05	0054370
05	0054371
05	0054372
05	0054373
05	0054374
05	0054375
05	0054376
05	0054377
05	0054378
05	0054379
05	0054380
05	0054381
05	0054382
05	0054383
05	0054384
05	0054385
05	0054386
05	0054387
05	0054388
05	0054389
05	0054390
05	0054391
05	0054392
05	0054393
05	0054394
05	0054395
05	0054396
05	0054397
05	0054398
05	0054399
05	0054400
05	0054401
05	0054402
05	0054403
05	0054404
05	0054405
05	0054406
05	0054407
05	0054408
05	0054409
05	0054410
05	0054411
05	0054412
05	0054413
05	0054414
05	0054415
05	0054416
05	0054417
05	0054418
05	0054419
05	0054420
05	0054421
05	0054422
05	0054423
05	0054424
05	0054425
05	0054426
05	0054427
05	0054428
05	0054429
05	0054430
05	0054431
05	0054432
05	0054433
05	0054434
05	0054435
05	0054436
05	0054437
05	0054438
05	0054439
05	0054440
05	0054441
05	0054442
05	0054443
05	0054444
05	0054445
05	0054446
05	0054447
05	0054448
05	0054449
05	0054450
05	0054451
05	0054452
05	0054453
05	0054454
05	0054455
05	0054456
05	0054457
05	0054458
05	0054459
05	0054460
05	0054461
05	0054462
05	0054463
05	0054464
05	0054465
05	0054466
05	0054467
05	0054468
05	0054469
05	0054470
05	0054471
05	0054472
05	0054473
05	0054474
05	0054475
05	0054476
05	0054477
05	0054478
05	0054479
05	0054480
05	0054481
05	0054482
05	0054483
05	0054484
05	0054485
05	0054486
05	0054487
05	0054488
05	0054489
05	0054490
05	0054491
05	0054492
05	0054493
05	0054494
05	0054495
05	0054496
05	0054497
05	0054498
05	0054499
05	0054500
05	0054501
05	0054502
05	0054503
05	0054504
05	0054505
05	0054506
05	0054507
05	0054508
05	0054509
05	0054510
05	0054511
05	0054512
05	0054513
05	0054514
05	0054515
05	0054516
05	0054517
05	0054518
05	0054519
05	0054520
05	0054521
05	0054522
05	0054523
05	0054524
05	0054525
05	0054526
05	0054527
05	0054528
05	0054529
05	0054530
05	0054531
05	0054532
05	0054533
05	0054534
05	0054535
05	0054536
05	0054537
05	0054538
05	0054539
05	0054540
05	0054541
05	0054542
05	0054543
05	0054544
05	0054545
05	0054546
05	0054547
05	0054548
05	0054549
05	0054550
05	0054551
05	0054552
05	0054553
05	0054554
05	0054555
05	0054556
05	0054557
05	0054558
05	0054559
05	0054560
05	0054561
05	0054562
05	0054563
05	0054564
05	0054565
05	0054566
05	0054567
05	0054568
05	0054569
05	0054570
05	0054571
05	0054572
05	0054573
05	0054574
05	0054575
05	0054576
05	0054577
05	0054578
05	0054579
05	0054580
05	0054581
05	0054582
05	0054583
05	0054584
05	0054585
05	0054586
05	0054587
05	0054588
05	0054589
05	0054590
05	0054591
05	0054592
05	0054593
05	0054594
05	0054595
05	0054596
05	0054597
05	0054598
05	0054599
05	0054600
05	0054601
05	0054602
05	0054603
05	0054604
05	0054605
05	0054606
05	0054607
05	0054608
05	0054609
05	0054610
05	0054611
05	0054612
05	0054613
05	0054614
05	0054615
05	0054616
05	0054617
05	0054618
05	0054619
05	0054620
05	0054621
05	0054622
05	0054623
05	0054624
05	0054625
05	0054626
05	0054627
05	0054628
05	0054629
05	0054630
05	0054631
05	0054632
05	0054633
05	0054634
05	0054635
05	0054636
05	0054637
05	0054638
05	0054639
05	0054640
05	0054641
05	0054642
05	0054643
05	0054644
05	0054645
05	0054646
05	0054647
05	0054648
05	0054649
05	0054650
05	0054651
05	0054652
05	0054653
05	0054654
05	0054655
05	0054656
05	0054657
05	0054658
05	0054659
05	0054660
05	0054661
05	0054662
05	0054663
05	0054664
05	0054665
05	0054666
05	0054667
05	0054668
05	0054669
05	0054670
05	0054671
05	0054672
05	0054673
05	0054674
05	0054675
05	0054676
05	0054677
05	0054678
05	0054679
05	0054680
05	0054681
05	0054682
05	0054683
05	0054684
05	0054685
05	0054686
05	0054687
05	0054688
05	0054689
05	0054690
05	0054691
05	0054692
05	0054693
05	0054694
05	0054695
05	0054696
05	0054697
05	0054698
05	0054699
05	0054700
05	0054701
05	0054702
05	0054703
05	0054704
05	0054705
05	0054706
05	0054707
05	0054708
05	0054709
05	0054710
05	0054711
05	0054712
05	0054713
05	0054714
05	0054715
05	0054716
05	0054717
05	0054718
05	0054719
05	0054720
05	0054721
05	0054722
05	0054723
05	0054724
05	0054725
05	0054726
05	0054727
05	0054728
05	0054729
05	0054730
05	0054731
05	0054732
05	0054733
05	0054734
05	0054735
05	0054736
05	0054737
05	0054738
05	0054739
05	0054740
05	0054741
05	0054742
05	0054743
05	0054744
05	0054745
05	0054746
05	0054747
05	0054748
05	0054749
05	0054750
05	0054751
05	0054752
05	0054753
05	0054754
05	0054755
05	0054756
05	0054757
05	0054758
05	0054759
05	0054760
05	0054761
05	0054762
05	0054763
05	0054764
05	0054765
05	0054766
05	0054767
05	0054768
05	0054769
05	0054770
05	0054771
05	0054772
05	0054773
05	0054774
05	0054775
05	0054776
05	0054777
05	0054778
05	0054779
05	0054780
05	0054781
05	0054782
05	0054783
05	0054784
05	0054786
05	0054787
05	0054788
05	0054789
05	0054790
05	0054791
05	0054792
05	0054793
05	0054794
05	0054795
05	0054796
05	0054797
05	0054798
05	0054799
05	0054800
05	0054801
05	0054802
05	0054803
05	0054804
05	0054805
05	0054806
05	0054807
05	0054808
05	0054809
05	0054810
05	0054811
05	0054812
05	0054813
05	0054814
05	0054815
05	0054816
05	0054817
05	0054818
05	0054819
05	0054820
05	0054821
05	0054822
05	0054823
05	0054824
05	0054825
05	0054826
05	0054827
05	0054828
05	0054829
05	0054830
05	0054831
05	0054832
05	0054833
05	0054834
05	0054835
05	0054836
05	0054837
05	0054838
05	0054839
05	0054840
05	0054841
05	0054842
05	0054843
05	0054844
05	0054845
05	0054846
05	0054847
05	0054848
05	0054849
05	0054850
05	0054851
05	0054852
05	0054853
05	0054854
05	0054855
05	0054856
05	0054857
05	0054858
05	0054859
05	0054860
05	0054861
05	0054862
05	0054863
05	0054864
05	0054865
05	0054866
05	0054867
05	0054868
05	0054869
05	0054870
05	0054871
05	0054872
05	0054873
05	0054874
05	0054875
05	0054876
05	0054877
05	0054878
05	0054879
05	0054880
05	0054881
05	0054882
05	0054883
05	0054884
05	0054885
05	0054886
05	0054887
05	0054888
05	0054889
05	0054890
05	0054891
05	0054892
05	0054893
05	0054894
05	0054895
05	0054896
05	0054897
05	0054898
05	0054899
05	0054900
05	0054901
05	0054902
05	0054903
05	0054904
05	0054905
05	0054906
05	0054907
05	0054908
05	0054909
05	0054910
05	0054911
05	0054913
05	0054914
05	0054915
05	0054916
05	0054917
05	0054918
05	0054919
05	0054920
05	0054921
05	0054922
05	0054923
05	0054924
05	0054925
05	0054926
05	0054927
05	0054928
05	0054929
05	0054930
05	0054931
05	0054932
05	0054933
05	0054934
05	0054935
05	0054936
05	0054937
05	0054938
05	0054939
05	0054940
05	0054941
05	0054942
05	0054944
05	0054945
05	0054946
05	0054947
05	0054948
05	0054949
05	0054950
05	0054951
05	0054952
05	0054953
05	0054954
05	0054955
05	0054956
05	0054957
05	0054958
05	0054959
05	0054960
05	0054961
05	0054962
05	0054963
05	0054964
05	0054965
05	0054966
05	0054967
05	0054968
05	0054969
05	0054970
05	0054971
05	0054972
05	0054973
05	0054974
05	0054975
05	0054976
05	0054977
05	0054978
05	0054979
05	0054980
05	0054981
05	0054982
05	0054983
05	0054984
05	0054985
05	0054986
05	0054987
05	0054988
05	0054989
05	0054990
05	0054991
05	0054992
05	0054993
05	0054994
05	0054995
05	0054996
05	0054997
05	0054998
05	0054999
05	0055000
05	0055001
05	0055002
05	0055003
05	0055004
05	0055005
05	0055006
05	0055007
05	0055008
05	0055009
05	0055010
05	0055011
05	0055012
05	0055013
05	0055014
05	0055015
05	0055016
05	0055017
05	0055018
05	0055019
05	0055020
05	0055021
05	0055022
05	0055023
05	0055024
05	0055025
05	0055026
05	0055027
05	0055028
05	0055029
05	0055030
05	0055031
05	0055032
05	0055033
05	0055034
05	0055035
05	0055036
05	0055037
05	0055038
05	0055039
05	0055040
05	0055041
05	0055042
05	0055043
05	0055044
05	0055045
05	0055046
05	0055047
05	0055048
05	0055049
05	0055050
05	0055051
05	0055052
05	0055053
05	0055054
05	0055055
05	0055056
05	0055057
05	0055058
05	0055059
05	0055060
05	0055061
05	0055062
05	0055063
05	0055064
05	0055065
05	0055066
05	0055067
05	0055068
05	0055069
05	0055070
05	0055071
05	0055072
05	0055073
05	0055074
05	0055075
05	0055076
05	0055077
05	0055078
05	0055079
05	0055080
05	0055081
05	0055082
05	0055083
05	0055084
05	0055085
05	0055086
05	0055087
05	0055088
05	0055089
05	0055090
05	0055091
05	0055092
05	0055093
05	0055094
05	0055095
05	0055096
05	0055097
05	0055098
05	0055099
05	0055100
05	0055101
05	0055102
05	0055103
05	0055104
05	0055105
05	0055106
05	0055107
05	0055108
05	0055109
05	0055110
05	0055111
05	0055112
05	0055113
05	0055114
05	0055115
05	0055116
05	0055117
05	0055118
05	0055119
05	0055120
05	0055121
05	0055122
05	0055123
05	0055124
05	0055125
05	0055126
05	0055127
05	0055128
05	0055129
05	0055130
05	0055131
05	0055132
05	0055133
05	0055134
05	0055135
05	0055136
05	0055137
05	0055138
05	0055139
05	0055140
05	0055141
05	0055142
05	0055143
05	0055144
05	0055145
05	0055146
05	0055147
05	0055148
05	0055149
05	0055150
05	0055151
05	0055152
05	0055153
05	0055154
05	0055155
05	0055156
05	0055157
05	0055158
05	0055159
05	0055160
05	0055161
05	0055162
05	0055163
05	0055164
05	0055165
05	0055166
05	0055167
05	0055168
05	0055169
05	0055170
05	0055171
05	0055172
05	0055173
05	0055174
05	0055175
05	0055176
05	0055177
05	0055178
05	0055179
05	0055180
05	0055181
05	0055182
05	0055183
05	0055184
05	0055185
05	0055186
05	0055187
05	0055188
05	0055189
05	0055190
05	0055191
05	0055192
05	0055193
05	0055194
05	0055195
05	0055196
05	0055197
05	0055198
05	0055199
05	0055200
05	0055201
05	0055202
05	0055203
05	0055204
05	0055205
05	0055206
05	0055207
05	0055208
05	0055209
05	0055210
05	0055211
05	0055212
05	0055213
05	0055214
05	0055215
05	0055216
05	0055217
05	0055218
05	0055219
05	0055220
05	0055221
05	0055222
05	0055223
05	0055224
05	0055225
05	0055226
05	0055227
05	0055228
05	0055229
05	0055230
05	0055231
05	0055232
05	0055233
05	0055234
05	0055235
05	0055236
05	0055237
05	0055238
05	0055239
05	0055240
05	0055241
05	0055242
05	0055243
05	0055244
05	0055245
05	0055246
05	0055247
05	0055248
05	0055249
05	0055250
05	0055251
05	0055252
05	0055253
05	0055254
05	0055255
05	0055256
05	0055257
05	0055258
05	0055259
05	0055260
05	0055261
05	0055262
05	0055263
05	0055264
05	0055265
05	0055266
05	0055267
05	0055268
05	0055269
05	0055270
05	0055271
05	0055272
05	0055273
05	0055274
05	0055275
05	0055276
05	0055277
05	0055278
05	0055279
05	0055280
05	0055281
05	0055282
05	0055283
05	0055284
05	0055285
05	0055286
05	0055287
05	0055288
05	0055289
05	0055290
05	0055291
05	0055292
05	0055293
05	0055294
05	0055295
05	0055296
05	0055297
05	0055298
05	0055299
05	0055300
05	0055301
05	0055302
05	0055303
05	0055304
05	0055305
05	0055306
05	0055307
05	0055308
05	0055309
05	0055310
05	0055311
05	0055312
05	0055313
05	0055314
05	0055315
05	0055316
05	0055317
05	0055318
05	0055319
05	0055320
05	0055321
05	0055322
05	0055323
05	0055324
05	0055325
05	0055326
05	0055327
05	0055328
05	0055329
05	0055330
05	0055331
05	0055332
05	0055333
05	0055334
05	0055335
05	0055336
05	0055337
05	0055338
05	0055339
05	0055340
05	0055341
05	0055342
05	0055343
05	0055344
05	0055345
05	0055346
05	0055347
05	0055348
05	0055349
05	0055350
05	0055351
05	0055352
05	0055353
05	0055354
05	0055355
05	0055356
05	0055357
05	0055358
05	0055359
05	0055360
05	0055361
05	0055362
05	0055363
05	0055364
05	0055365
05	0055366
05	0055367
05	0055368
05	0055369
05	0055370
05	0055371
05	0055372
05	0055373
05	0055374
05	0055375
05	0055376
05	0055377
05	0055378
05	0055379
05	0055380
05	0055381
05	0055382
05	0055383
05	0055384
05	0055385
05	0055386
05	0055387
05	0055388
05	0055389
05	0055390
05	0055391
05	0055392
05	0055393
05	0055394
05	0055395
05	0055396
05	0055397
05	0055398
05	0055399
05	0055400
05	0055401
05	0055402
05	0055403
05	0055404
05	0055405
05	0055406
05	0055407
05	0055408
05	0055409
05	0055410
05	0055411
05	0055412
05	0055413
05	0055414
05	0055415
05	0055416
05	0055417
05	0055418
05	0055419
05	0055420
05	0055421
05	0055422
05	0055423
05	0055424
05	0055425
05	0055426
05	0055427
05	0055428
05	0055429
05	0055430
05	0055431
05	0055432
05	0055433
05	0055434
05	0055435
05	0055436
05	0055437
05	0055438
05	0055439
05	0055440
05	0055441
05	0055442
05	0055443
05	0055444
05	0055445
05	0055446
05	0055447
05	0055448
05	0055449
05	0055450
05	0055451
05	0055452
05	0055453
05	0055454
05	0055455
05	0055456
05	0055457
05	0055458
05	0055459
05	0055460
05	0055461
05	0055462
05	0055463
05	0055464
05	0055465
05	0055466
05	0055467
05	0055468
05	0055469
05	0055470
05	0055471
05	0055472
05	0055473
05	0055474
05	0055475
05	0055476
05	0055477
05	0055478
05	0055479
05	0055480
05	0055481
05	0055482
05	0055483
05	0055484
05	0055485
05	0055486
05	0055487
05	0055488
05	0055489
05	0055490
05	0055491
05	0055492
05	0055493
05	0055494
05	0055495
05	0055496
05	0055497
05	0055498
05	0055499
05	0055500
05	0055501
05	0055502
05	0055503
05	0055504
05	0055505
05	0055506
05	0055507
05	0055508
05	0055509
05	0055510
05	0055511
05	0055512
05	0055513
05	0055514
05	0055515
05	0055516
05	0055517
05	0055518
05	0055519
05	0055520
05	0055521
05	0055522
05	0055523
05	0055524
05	0055525
05	0055526
05	0055527
05	0055528
05	0055529
05	0055530
05	0055531
05	0055532
05	0055533
05	0055534
05	0055535
05	0055536
05	0055537
05	0055538
05	0055539
05	0055540
05	0055541
05	0055542
05	0055543
05	0055544
05	0055545
05	0055546
05	0055547
05	0055548
05	0055549
05	0055550
05	0055551
05	0055552
05	0055553
05	0055554
05	0055555
05	0055556
05	0055557
05	0055558
05	0055559
05	0055560
05	0055561
05	0055562
05	0055563
05	0055564
05	0055565
05	0055566
05	0055567
05	0055568
05	0055569
05	0055570
05	0055571
05	0055572
05	0055573
05	0055574
05	0055575
05	0055576
05	0055577
05	0055578
05	0055579
05	0055580
05	0055581
05	0055582
05	0055583
05	0055584
05	0055585
05	0055586
05	0055587
05	0055588
05	0055589
05	0055590
05	0055591
05	0055592
05	0055593
05	0055594
05	0055595
05	0055596
05	0055597
05	0055598
05	0055599
05	0055600
05	0055601
05	0055602
05	0055603
05	0055604
05	0055605
05	0055606
05	0055607
05	0055608
05	0055609
05	0055610
05	0055611
05	0055612
05	0055613
05	0055614
05	0055615
05	0055616
05	0055617
05	0055618
05	0055619
05	0055620
05	0055621
05	0055622
05	0055623
05	0055624
05	0055625
05	0055626
05	0055627
05	0055628
05	0055629
05	0055630
05	0055631
05	0055632
05	0055633
05	0055634
05	0055635
05	0055636
05	0055637
05	0055638
05	0055639
05	0055640
05	0055641
05	0055642
05	0055643
05	0055644
05	0055645
05	0055646
05	0055647
05	0055648
05	0055649
05	0055650
05	0055651
05	0055652
05	0055653
05	0055654
05	0055655
05	0055656
05	0055657
05	0055659
05	0055660
05	0055662
05	0055663
05	0055664
05	0055665
05	0055666
05	0055667
05	0055668
05	0055669
05	0055670
05	0055671
05	0055672
05	0055673
05	0055674
05	0055675
05	0055676
05	0055677
05	0055678
05	0055679
05	0055680
05	0055681
05	0055682
05	0055683
05	0055684
05	0055685
05	0055686
05	0055687
05	0055688
05	0055689
05	0055690
05	0055691
05	0055692
05	0055693
05	0055694
05	0055695
05	0055696
05	0055697
05	0055698
05	0055699
05	0055700
05	0055701
05	0055702
05	0055703
05	0055704
05	0055705
05	0055706
05	0055707
05	0055708
05	0055709
05	0055710
05	0055711
05	0055712
05	0055713
05	0055714
05	0055715
05	0055716
05	0055717
05	0055718
05	0055719
05	0055720
05	0055721
05	0055722
05	0055723
05	0055724
05	0055725
05	0055726
05	0055727
05	0055728
05	0055729
05	0055730
05	0055731
05	0055732
05	0055733
05	0055734
05	0055735
05	0055736
05	0055737
05	0055738
05	0055739
05	0055740
05	0055741
05	0055742
05	0055743
05	0055744
05	0055745
05	0055746
05	0055747
05	0055748
05	0055749
05	0055750
05	0055751
05	0055752
05	0055753
05	0055754
05	0055755
05	0055756
05	0055757
05	0055758
05	0055759
05	0055760
05	0055761
05	0055762
05	0055763
05	0055764
05	0055765
05	0055766
05	0055767
05	0055768
05	0055769
05	0055770
05	0055771
05	0055772
05	0055773
05	0055774
05	0055775
05	0055776
05	0055777
05	0055778
05	0055779
05	0055780
05	0055781
05	0055782
05	0055783
05	0055784
05	0055785
05	0055786
05	0055787
05	0055788
05	0055789
05	0055790
05	0055791
05	0055792
05	0055793
05	0055794
05	0055795
05	0055796
05	0055797
05	0055798
05	0055799
05	0055800
05	0055801
05	0055802
05	0055803
05	0055804
05	0055805
05	0055806
05	0055807
05	0055808
05	0055809
05	0055810
05	0055811
05	0055812
05	0055813
05	0055814
05	0055815
05	0055816
05	0055817
05	0055818
05	0055819
05	0055820
05	0055821
05	0055822
05	0055823
05	0055824
05	0055825
05	0055826
05	0055827
05	0055828
05	0055829
05	0055830
05	0055831
05	0055832
05	0055833
05	0055834
05	0055835
05	0055836
05	0055837
05	0055838
05	0055839
05	0055840
05	0055841
05	0055842
05	0055843
05	0055844
05	0055845
05	0055846
05	0055847
05	0055848
05	0055849
05	0055850
05	0055851
05	0055852
05	0055853
05	0055854
05	0055855
05	0055856
05	0055857
05	0055858
05	0055859
05	0055860
05	0055861
05	0055862
05	0055863
05	0055864
05	0055865
05	0055866
05	0055867
05	0055868
05	0055869
05	0055870
05	0055871
05	0055872
05	0055873
05	0055874
05	0055875
05	0055876
05	0055877
05	0055878
05	0055879
05	0055880
05	0055881
05	0055882
05	0055883
05	0055884
05	0055885
05	0055886
05	0055887
05	0055888
05	0055889
05	0055890
05	0055891
05	0055892
05	0055893
05	0055894
05	0055895
05	0055896
05	0055897
05	0055898
05	0055899
05	0055900
05	0055901
05	0055902
05	0055903
05	0055904
05	0055905
05	0055906
05	0055907
05	0055908
05	0055909
05	0055910
05	0055911
05	0055912
05	0055913
05	0055914
05	0055915
05	0055916
05	0055917
05	0055918
05	0055919
05	0055920
05	0055921
05	0055922
05	0055923
05	0055924
05	0055925
05	0055926
05	0055927
05	0055928
05	0055929
05	0055930
05	0055931
05	0055932
05	0055933
05	0055934
05	0055935
05	0055936
05	0055937
05	0055938
05	0055939
05	0055940
05	0055941
05	0055942
05	0055943
05	0055944
05	0055945
05	0055946
05	0055947
05	0055948
05	0055949
05	0055950
05	0055951
05	0055952
05	0055953
05	0055954
05	0055955
05	0055956
05	0055957
05	0055958
05	0055959
05	0055960
05	0055961
05	0055962
05	0055963
05	0055964
05	0055965
05	0055966
05	0055967
05	0055968
05	0055969
05	0055970
05	0055971
05	0055972
05	0055973
05	0055974
05	0055975
05	0055976
05	0055977
05	0055978
05	0055979
05	0055980
05	0055981
05	0055982
05	0055983
05	0055984
05	0055985
05	0055986
05	0055987
05	0055988
05	0055989
05	0055990
05	0055991
05	0055992
05	0055993
05	0055994
05	0055995
05	0055996
05	0055997
05	0055998
05	0055999
05	0056000
05	0056001
05	0056002
05	0056003
05	0056004
05	0056005
05	0056006
05	0056007
05	0056008
05	0056009
05	0056010
05	0056011
05	0056012
05	0056013
05	0056014
05	0056015
05	0056016
05	0056017
05	0056018
05	0056019
05	0056020
05	0056021
05	0056022
05	0056023
05	0056024
05	0056025
05	0056026
05	0056027
05	0056028
05	0056029
05	0056030
05	0056031
05	0056032
05	0056033
05	0056034
05	0056035
05	0056036
05	0056037
05	0056038
05	0056039
05	0056040
05	0056041
05	0056042
05	0056043
05	0056044
05	0056045
05	0056046
05	0056047
05	0056048
05	0056049
05	0056050
05	0056051
05	0056052
05	0056053
05	0056054
05	0056055
05	0056056
05	0056057
05	0056058
05	0056059
05	0056060
05	0056061
05	0056062
05	0056063
05	0056064
05	0056065
05	0056066
05	0056067
05	0056068
05	0056069
05	0056070
05	0056071
05	0056072
05	0056073
05	0056074
05	0056075
05	0056076
05	0056077
05	0056078
05	0056079
05	0056080
05	0056081
05	0056082
05	0056083
05	0056084
05	0056085
05	0056086
05	0056087
05	0056088
05	0056089
05	0056090
05	0056091
05	0056092
05	0056093
05	0056094
05	0056095
05	0056096
05	0056097
05	0056098
05	0056099
05	0056100
05	0056101
05	0056102
05	0056103
05	0056104
05	0056105
05	0056106
05	0056107
05	0056108
05	0056109
05	0056110
05	0056111
05	0056112
05	0056113
05	0056114
05	0056115
05	0056116
05	0056117
05	0056118
05	0056119
05	0056120
05	0056121
05	0056122
05	0056123
05	0056124
05	0056125
05	0056126
05	0056127
05	0056128
05	0056129
05	0056130
05	0056131
05	0056132
05	0056133
05	0056134
05	0056135
05	0056136
05	0056137
05	0056138
05	0056139
05	0056140
05	0056141
05	0056142
05	0056143
05	0056144
05	0056145
05	0056146
05	0056147
05	0056148
05	0056149
05	0056150
05	0056151
05	0056152
05	0056153
05	0056154
05	0056155
05	0056156
05	0056157
05	0056158
05	0056159
05	0056160
05	0056161
05	0056162
05	0056163
05	0056164
05	0056165
05	0056166
05	0056167
05	0056168
05	0056169
05	0056170
05	0056171
05	0056172
05	0056173
05	0056174
05	0056175
05	0056176
05	0056177
05	0056178
05	0056179
05	0056180
05	0056181
05	0056182
05	0056183
05	0056184
05	0056185
05	0056186
05	0056187
05	0056188
05	0056189
05	0056190
05	0056191
05	0056192
05	0056193
05	0056194
05	0056195
05	0056196
05	0056197
05	0056198
05	0056199
05	0056200
05	0056201
05	0056202
05	0056203
05	0056204
05	0056205
05	0056206
05	0056207
05	0056208
05	0056209
05	0056210
05	0056211
05	0056212
05	0056213
05	0056214
05	0056215
05	0056216
05	0056217
05	0056218
05	0056219
05	0056220
05	0056221
05	0056222
05	0056223
05	0056224
05	0056225
05	0056226
05	0056227
05	0056228
05	0056229
05	0056230
05	0056231
05	0056232
05	0056233
05	0056234
05	0056235
05	0056236
05	0056237
05	0056238
05	0056239
05	0056240
05	0056241
05	0056242
05	0056243
05	0056244
05	0056245
05	0056246
05	0056247
05	0056248
05	0056249
05	0056250
05	0056251
05	0056252
05	0056253
05	0056254
05	0056255
05	0056256
05	0056257
05	0056258
05	0056259
05	0056260
05	0056261
05	0056262
05	0056263
05	0056264
05	0056265
05	0056266
05	0056267
05	0056268
05	0056269
05	0056270
05	0056271
05	0056272
05	0056273
05	0056274
05	0056275
05	0056276
05	0056277
05	0056278
05	0056279
05	0056280
05	0056281
05	0056282
05	0056283
05	0056284
05	0056285
05	0056286
05	0056287
05	0056288
05	0056289
05	0056290
05	0056291
05	0056292
05	0056293
05	0056294
05	0056295
05	0056296
05	0056297
05	0056298
05	0056299
05	0056300
05	0056301
05	0056302
05	0056303
05	0056305
05	0056306
05	0056307
05	0056308
05	0056309
05	0056310
05	0056311
05	0056312
05	0056313
05	0056314
05	0056315
05	0056316
05	0056317
05	0056318
05	0056319
05	0056320
05	0056321
05	0056322
05	0056323
05	0056324
05	0056325
05	0056326
05	0056327
05	0056328
05	0056329
05	0056330
05	0056331
05	0056332
05	0056333
05	0056334
05	0056335
05	0056336
05	0056337
05	0056338
05	0056339
05	0056340
05	0056341
05	0056342
05	0056343
05	0056344
05	0056345
05	0056346
05	0056347
05	0056348
05	0056349
05	0056350
05	0056351
05	0056352
05	0056353
05	0056354
05	0056355
05	0056356
05	0056357
05	0056358
05	0056359
05	0056360
05	0056361
05	0056362
05	0056363
05	0056364
05	0056365
05	0056366
05	0056367
05	0056368
05	0056369
05	0056370
05	0056371
05	0056372
05	0056373
05	0056374
05	0056375
05	0056376
05	0056377
05	0056378
05	0056379
05	0056380
05	0056381
05	0056382
05	0056383
05	0056384
05	0056385
05	0056386
05	0056387
05	0056388
05	0056389
05	0056390
05	0056391
05	0056392
05	0056393
05	0056394
05	0056395
05	0056396
05	0056397
05	0056398
05	0056399
05	0056400
05	0056401
05	0056402
05	0056403
05	0056404
05	0056405
05	0056406
05	0056407
05	0056408
05	0056409
05	0056410
05	0056411
05	0056412
05	0056413
05	0056414
05	0056415
05	0056416
05	0056417
05	0056418
05	0056419
05	0056420
05	0056421
05	0056422
05	0056423
05	0056424
05	0056425
05	0056426
05	0056427
05	0056428
05	0056429
05	0056430
05	0056431
05	0056432
05	0056433
05	0056434
05	0056435
05	0056436
05	0056437
05	0056438
05	0056439
05	0056440
05	0056441
05	0056442
05	0056443
05	0056444
05	0056445
05	0056446
05	0056447
05	0056448
05	0056449
05	0056450
05	0056451
05	0056452
05	0056453
05	0056454
05	0056455
05	0056456
05	0056457
05	0056458
05	0056459
05	0056460
05	0056461
05	0056462
05	0056463
05	0056464
05	0056465
05	0056466
05	0056467
05	0056468
05	0056469
05	0056470
05	0056471
05	0056472
05	0056473
05	0056474
05	0056475
05	0056476
05	0056477
05	0056478
05	0056479
05	0056480
05	0056481
05	0056482
05	0056483
05	0056484
05	0056485
05	0056486
05	0056487
05	0056488
05	0056489
05	0056490
05	0056491
05	0056492
05	0056493
05	0056494
05	0056495
05	0056496
05	0056497
05	0056498
05	0056499
05	0056500
05	0056501
05	0056502
05	0056503
05	0056504
05	0056505
05	0056506
05	0056507
05	0056508
05	0056509
05	0056510
05	0056511
05	0056512
05	0056513
05	0056514
05	0056515
05	0056516
05	0056517
05	0056518
05	0056519
05	0056520
05	0056521
05	0056522
05	0056523
05	0056524
05	0056525
05	0056526
05	0056527
05	0056528
05	0056529
05	0056530
05	0056531
05	0056532
05	0056533
05	0056534
05	0056535
05	0056536
05	0056537
05	0056538
05	0056539
05	0056540
05	0056541
05	0056542
05	0056543
05	0056544
05	0056545
05	0056546
05	0056547
05	0056548
05	0056549
05	0056550
05	0056551
05	0056552
05	0056553
05	0056554
05	0056555
05	0056556
05	0056557
05	0056558
05	0056559
05	0056560
05	0056561
05	0056562
05	0056563
05	0056564
05	0056565
05	0056566
05	0056567
05	0056568
05	0056569
05	0056570
05	0056571
05	0056572
05	0056573
05	0056574
05	0056575
05	0056576
05	0056577
05	0056578
05	0056579
05	0056580
05	0056581
05	0056582
05	0056583
05	0056584
05	0056585
05	0056586
05	0056587
05	0056588
05	0056589
05	0056590
05	0056591
05	0056592
05	0056593
05	0056594
05	0056595
05	0056596
05	0056597
05	0056598
05	0056599
05	0056600
05	0056601
05	0056602
05	0056603
05	0056604
05	0056605
05	0056606
05	0056607
05	0056608
05	0056609
05	0056610
05	0056611
05	0056612
05	0056613
05	0056614
05	0056615
05	0056616
05	0056617
05	0056618
05	0056619
05	0056620
05	0056621
05	0056622
05	0056623
05	0056624
05	0056625
05	0056626
05	0056627
05	0056628
05	0056629
05	0056630
05	0056631
05	0056632
05	0056633
05	0056634
05	0056635
05	0056636
05	0056637
05	0056638
05	0056639
05	0056640
05	0056641
05	0056642
05	0056643
05	0056644
05	0056645
05	0056646
05	0056647
05	0056648
05	0056649
05	0056650
05	0056651
05	0056652
05	0056653
05	0056654
05	0056655
05	0056656
05	0056657
05	0056658
05	0056659
05	0056660
05	0056661
05	0056662
05	0056663
05	0056664
05	0056665
05	0056666
05	0056667
05	0056668
05	0056669
05	0056670
05	0056671
05	0056672
05	0056673
05	0056674
05	0056675
05	0056676
05	0056677
05	0056678
05	0056679
05	0056680
05	0056681
05	0056682
05	0056683
05	0056684
05	0056685
05	0056686
05	0056687
05	0056688
05	0056689
05	0056690
05	0056691
05	0056692
05	0056693
05	0056694
05	0056695
05	0056696
05	0056697
05	0056698
05	0056699
05	0056700
05	0056701
05	0056702
05	0056703
05	0056704
05	0056705
05	0056706
05	0056707
05	0056708
05	0056709
05	0056710
05	0056711
05	0056712
05	0056713
05	0056714
05	0056715
05	0056716
05	0056717
05	0056718
05	0056719
05	0056720
05	0056721
05	0056722
05	0056723
05	0056724
05	0056725
05	0056726
05	0056727
05	0056728
05	0056729
05	0056730
05	0056731
05	0056732
05	0056733
05	0056734
05	0056735
05	0056736
05	0056737
05	0056738
05	0056739
05	0056740
05	0056741
05	0056742
05	0056743
05	0056744
05	0056745
05	0056746
05	0056747
05	0056748
05	0056749
05	0056750
05	0056751
05	0056752
05	0056753
05	0056754
05	0056755
05	0056756
05	0056757
05	0056758
05	0056759
05	0056760
05	0056761
05	0056762
05	0056763
05	0056764
05	0056765
05	0056766
05	0056767
05	0056768
05	0056769
05	0056770
05	0056771
05	0056772
05	0056773
05	0056774
05	0056775
05	0056776
05	0056777
05	0056778
05	0056779
05	0056780
05	0056781
05	0056782
05	0056783
05	0056784
05	0056785
05	0056786
05	0056787
05	0056788
05	0056789
05	0056790
05	0056791
05	0056792
05	0056793
05	0056794
05	0056795
05	0056796
05	0056797
05	0056798
05	0056799
05	0056800
05	0056801
05	0056802
05	0056803
05	0056804
05	0056805
05	0056806
05	0056807
05	0056808
05	0056809
05	0056810
05	0056811
05	0056812
05	0056813
05	0056814
05	0056815
05	0056816
05	0056817
05	0056818
05	0056819
05	0056820
05	0056821
05	0056822
05	0056823
05	0056824
05	0056825
05	0056826
05	0056827
05	0056828
05	0056829
05	0056830
05	0056831
05	0056832
05	0056833
05	0056834
05	0056835
05	0056836
05	0056837
05	0056838
05	0056839
05	0056840
05	0056841
05	0056842
05	0056843
05	0056844
05	0056845
05	0056846
05	0056847
05	0056848
05	0056849
05	0056850
05	0056851
05	0056852
05	0056853
05	0056854
05	0056855
05	0056856
05	0056857
05	0056858
05	0056859
05	0056860
05	0056861
05	0056862
05	0056863
05	0056864
05	0056865
05	0056866
05	0056867
05	0056868
05	0056869
05	0056870
05	0056871
05	0056872
05	0056873
05	0056874
05	0056875
05	0056876
05	0056877
05	0056878
05	0056879
05	0056880
05	0056881
05	0056882
05	0056883
05	0056884
05	0056885
05	0056886
05	0056887
05	0056888
05	0056889
05	0056890
05	0056891
05	0056892
05	0056893
05	0056894
05	0056895
05	0056896
05	0056897
05	0056898
05	0056899
05	0056900
05	0056901
05	0056902
05	0056903
05	0056904
05	0056905
05	0056906
05	0056907
05	0056908
05	0056909
05	0056910
05	0056911
05	0056912
05	0056913
05	0056914
05	0056915
05	0056916
05	0056917
05	0056918
05	0056919
05	0056920
05	0056921
05	0056922
05	0056923
05	0056924
05	0056925
05	0056926
05	0056927
05	0056928
05	0056929
05	0056930
05	0056931
05	0056932
05	0056933
05	0056934
05	0056935
05	0056936
05	0056937
05	0056938
05	0056939
05	0056940
05	0056941
05	0056942
05	0056943
05	0056944
05	0056945
05	0056946
05	0056947
05	0056948
05	0056949
05	0056950
05	0056951
05	0056952
05	0056953
05	0056954
05	0056955
05	0056956
05	0056957
05	0056958
05	0056959
05	0056960
05	0056961
05	0056962
05	0056963
05	0056964
05	0056965
05	0056966
05	0056967
05	0056968
05	0056969
05	0056970
05	0056971
05	0056972
05	0056973
05	0056974
05	0056975
05	0056976
05	0056977
05	0056978
05	0056979
05	0056980
05	0056981
05	0056982
05	0056983
05	0056984
05	0056985
05	0056986
05	0056987
05	0056988
05	0056989
05	0056990
05	0056991
05	0056992
05	0056993
05	0056994
05	0056995
05	0056996
05	0056997
05	0056998
05	0056999
05	0057000
05	0057001
05	0057002
05	0057003
05	0057004
05	0057005
05	0057006
05	0057007
05	0057008
05	0057009
05	0057010
05	0057011
05	0057012
05	0057013
05	0057014
05	0057015
05	0057016
05	0057017
05	0057018
05	0057019
05	0057020
05	0057021
05	0057022
05	0057023
05	0057024
05	0057025
05	0057026
05	0057027
05	0057028
05	0057029
05	0057030
05	0057031
05	0057032
05	0057033
05	0057034
05	0057035
05	0057036
05	0057037
05	0057038
05	0057039
05	0057040
05	0057041
05	0057042
05	0057043
05	0057044
05	0057045
05	0057046
05	0057047
05	0057048
05	0057049
05	0057050
05	0057051
05	0057052
05	0057053
05	0057054
05	0057055
05	0057056
05	0057057
05	0057058
05	0057059
05	0057060
05	0057061
05	0057062
05	0057063
05	0057064
05	0057065
05	0057066
05	0057067
05	0057068
05	0057069
05	0057070
05	0057071
05	0057072
05	0057073
05	0057074
05	0057075
05	0057076
05	0057077
05	0057078
05	0057079
05	0057080
05	0057081
05	0057082
05	0057083
05	0057085
05	0057086
05	0057087
05	0057088
05	0057089
05	0057090
05	0057091
05	0057092
05	0057093
05	0057094
05	0057095
05	0057096
05	0057097
05	0057098
05	0057099
05	0057100
05	0057101
05	0057102
05	0057103
05	0057104
05	0057105
05	0057106
05	0057107
05	0057108
05	0057109
05	0057110
05	0057111
05	0057112
05	0057113
05	0057114
05	0057115
05	0057116
05	0057117
05	0057118
05	0057119
05	0057120
05	0057121
05	0057122
05	0057123
05	0057124
05	0057125
05	0057126
05	0057127
05	0057128
05	0057129
05	0057130
05	0057131
05	0057132
05	0057133
05	0057134
05	0057135
05	0057136
05	0057137
05	0057138
05	0057139
05	0057140
05	0057141
05	0057142
05	0057143
05	0057144
05	0057145
05	0057146
05	0057147
05	0057148
05	0057149
05	0057150
05	0057151
05	0057152
05	0057153
05	0057154
05	0057155
05	0057156
05	0057157
05	0057158
05	0057159
05	0057160
05	0057161
05	0057162
05	0057163
05	0057164
05	0057165
05	0057166
05	0057167
05	0057168
05	0057169
05	0057170
05	0057171
05	0057172
05	0057173
05	0057174
05	0057175
05	0057176
05	0057177
05	0057178
05	0057179
05	0057180
05	0057181
05	0057182
05	0057183
05	0057184
05	0057185
05	0057186
05	0057187
05	0057188
05	0057189
05	0057190
05	0057191
05	0057192
05	0057193
05	0057194
05	0057195
05	0057196
05	0057197
05	0057198
05	0057199
05	0057200
05	0057201
05	0057202
05	0057203
05	0057204
05	0057205
05	0057206
05	0057207
05	0057208
05	0057209
05	0057210
05	0057211
05	0057212
05	0057213
05	0057214
05	0057215
05	0057216
05	0057217
05	0057218
05	0057219
05	0057220
05	0057221
05	0057222
05	0057223
05	0057224
05	0057225
05	0057226
05	0057227
05	0057228
05	0057229
05	0057230
05	0057231
05	0057232
05	0057233
05	0057234
05	0057235
05	0057236
05	0057237
05	0057238
05	0057239
05	0057240
05	0057241
05	0057242
05	0057243
05	0057244
05	0057245
05	0057246
05	0057247
05	0057248
05	0057249
05	0057250
05	0057251
05	0057252
05	0057253
05	0057254
05	0057255
05	0057256
05	0057257
05	0057258
05	0057259
05	0057260
05	0057261
05	0057262
05	0057263
05	0057264
05	0057265
05	0057266
05	0057267
05	0057268
05	0057269
05	0057270
05	0057271
05	0057272
05	0057273
05	0057274
05	0057275
05	0057276
05	0057277
05	0057278
05	0057279
05	0057280
05	0057281
05	0057282
05	0057283
05	0057284
05	0057285
05	0057286
05	0057287
05	0057288
05	0057289
05	0057290
05	0057291
05	0057292
05	0057293
05	0057294
05	0057295
05	0057296
05	0057297
05	0057298
05	0057299
05	0057300
05	0057301
05	0057302
05	0057303
05	0057304
05	0057305
05	0057306
05	0057307
05	0057308
05	0057309
05	0057310
05	0057311
05	0057312
05	0057313
05	0057314
05	0057315
05	0057316
05	0057317
05	0057318
05	0057319
05	0057320
05	0057321
05	0057322
05	0057323
05	0057324
05	0057325
05	0057327
05	0057328
05	0057329
05	0057330
05	0057331
05	0057332
05	0057333
05	0057334
05	0057335
05	0057336
05	0057337
05	0057338
05	0057339
05	0057340
05	0057341
05	0057342
05	0057343
05	0057344
05	0057345
05	0057346
05	0057347
05	0057348
05	0057349
05	0057350
05	0057351
05	0057352
05	0057353
05	0057354
05	0057355
05	0057356
05	0057357
05	0057358
05	0057359
05	0057360
05	0057361
05	0057362
05	0057363
05	0057364
05	0057365
05	0057366
05	0057367
05	0057368
05	0057369
05	0057370
05	0057371
05	0057372
05	0057373
05	0057374
05	0057375
05	0057376
05	0057377
05	0057378
05	0057379
05	0057380
05	0057381
05	0057382
05	0057383
05	0057384
05	0057385
05	0057386
05	0057387
05	0057388
05	0057389
05	0057390
05	0057391
05	0057392
05	0057393
05	0057394
05	0057395
05	0057396
05	0057397
05	0057398
05	0057399
05	0057400
05	0057401
05	0057402
05	0057403
05	0057404
05	0057405
05	0057406
05	0057407
05	0057408
05	0057409
05	0057410
05	0057411
05	0057412
05	0057413
05	0057414
05	0057415
05	0057416
05	0057417
05	0057418
05	0057419
05	0057420
05	0057421
05	0057422
05	0057423
05	0057424
05	0057425
05	0057426
05	0057427
05	0057428
05	0057429
05	0057430
05	0057431
05	0057432
05	0057433
05	0057434
05	0057435
05	0057436
05	0057437
05	0057438
05	0057439
05	0057440
05	0057441
05	0057442
05	0057443
05	0057444
05	0057445
05	0057446
05	0057447
05	0057448
05	0057449
05	0057450
05	0057451
05	0057452
05	0057453
05	0057454
05	0057455
05	0057456
05	0057457
05	0057458
05	0057459
05	0057460
05	0057461
05	0057462
05	0057463
05	0057464
05	0057465
05	0057466
05	0057467
05	0057468
05	0057469
05	0057470
05	0057471
05	0057472
05	0057473
05	0057474
05	0057475
05	0057476
05	0057477
05	0057478
05	0057479
05	0057480
05	0057481
05	0057482
05	0057483
05	0057484
05	0057485
05	0057486
05	0057487
05	0057488
05	0057489
05	0057490
05	0057491
05	0057492
05	0057493
05	0057494
05	0057495
05	0057496
05	0057497
05	0057498
05	0057499
05	0057500
05	0057501
05	0057502
05	0057503
05	0057504
05	0057505
05	0057506
05	0057507
05	0057508
05	0057510
05	0057511
05	0057512
05	0057513
05	0057514
05	0057515
05	0057516
05	0057517
05	0057518
05	0057519
05	0057520
05	0057521
05	0057522
05	0057523
05	0057524
05	0057525
05	0057526
05	0057527
05	0057528
05	0057529
05	0057530
05	0057531
05	0057532
05	0057533
05	0057534
05	0057535
05	0057536
05	0057537
05	0057538
05	0057539
05	0057540
05	0057541
05	0057542
05	0057543
05	0057544
05	0057545
05	0057546
05	0057547
05	0057548
05	0057549
05	0057550
05	0057551
05	0057552
05	0057553
05	0057554
05	0057555
05	0057556
05	0057557
05	0057558
05	0057559
05	0057560
05	0057561
05	0057562
05	0057563
05	0057564
05	0057565
05	0057566
05	0057567
05	0057568
05	0057569
05	0057570
05	0057571
05	0057572
05	0057573
05	0057574
05	0057575
05	0057576
05	0057577
05	0057578
05	0057579
05	0057580
05	0057581
05	0057582
05	0057583
05	0057584
05	0057585
05	0057586
05	0057587
05	0057588
05	0057589
05	0057590
05	0057591
05	0057592
05	0057593
05	0057594
05	0057595
05	0057596
05	0057597
05	0057598
05	0057599
05	0057600
05	0057601
05	0057602
05	0057603
05	0057604
05	0057605
05	0057606
05	0057607
05	0057608
05	0057609
05	0057610
05	0057611
05	0057612
05	0057613
05	0057614
05	0057615
05	0057616
05	0057617
05	0057618
05	0057619
05	0057620
05	0057621
05	0057622
05	0057623
05	0057624
05	0057625
05	0057626
05	0057627
05	0057629
05	0057630
05	0057631
05	0057632
05	0057633
05	0057634
05	0057635
05	0057636
05	0057637
05	0057638
05	0057639
05	0057640
05	0057641
05	0057642
05	0057643
05	0057644
05	0057645
05	0057646
05	0057647
05	0057648
05	0057649
05	0057650
05	0057651
05	0057652
05	0057653
05	0057654
05	0057655
05	0057656
05	0057657
05	0057658
05	0057659
05	0057660
05	0057661
05	0057662
05	0057663
05	0057664
05	0057665
05	0057666
05	0057667
05	0057668
05	0057669
05	0057670
05	0057671
05	0057672
05	0057673
05	0057674
05	0057675
05	0057676
05	0057677
05	0057678
05	0057679
05	0057680
05	0057681
05	0057682
05	0057683
05	0057684
05	0057685
05	0057686
05	0057687
05	0057688
05	0057689
05	0057690
05	0057691
05	0057692
05	0057693
05	0057694
05	0057695
05	0057696
05	0057697
05	0057698
05	0057699
05	0057700
05	0057701
05	0057702
05	0057703
05	0057704
05	0057705
05	0057706
05	0057707
05	0057708
05	0057709
05	0057710
05	0057711
05	0057712
05	0057713
05	0057714
05	0057715
05	0057716
05	0057717
05	0057718
05	0057719
05	0057720
05	0057721
05	0057722
05	0057723
05	0057724
05	0057725
05	0057726
05	0057727
05	0057728
05	0057729
05	0057730
05	0057731
05	0057732
05	0057733
05	0057734
05	0057735
05	0057736
05	0057737
05	0057738
05	0057739
05	0057740
05	0057741
05	0057742
05	0057743
05	0057744
05	0057745
05	0057746
05	0057747
05	0057748
05	0057749
05	0057750
05	0057751
05	0057752
05	0057753
05	0057754
05	0057755
05	0057756
05	0057757
05	0057758
05	0057759
05	0057760
05	0057761
05	0057762
05	0057763
05	0057764
05	0057765
05	0057766
05	0057767
05	0057768
05	0057769
05	0057770
05	0057771
05	0057772
05	0057773
05	0057774
05	0057775
05	0057776
05	0057777
05	0057778
05	0057779
05	0057780
05	0057781
05	0057782
05	0057783
05	0057784
05	0057785
05	0057786
05	0057787
05	0057788
05	0057789
05	0057790
05	0057791
05	0057792
05	0057793
05	0057794
06	0057795
06	0057796
06	0057797
06	0057798
06	0057799
06	0057800
06	0057801
06	0057802
06	0057803
06	0057804
06	0057805
06	0057806
06	0057807
06	0057808
06	0057809
06	0057810
06	0057811
06	0057812
06	0057813
06	0057814
06	0057815
06	0057816
06	0057817
06	0057818
06	0057819
06	0057820
06	0057821
06	0057822
06	0057823
06	0057824
06	0057825
06	0057826
06	0057827
06	0057828
06	0057829
06	0057830
06	0057831
06	0057832
06	0057833
06	0057834
06	0057835
06	0057836
06	0057837
06	0057838
06	0057839
06	0057840
06	0057841
06	0057842
06	0057843
06	0057844
06	0057845
06	0057846
06	0057847
06	0057848
06	0057849
06	0057850
06	0057851
06	0057852
06	0057853
06	0057854
06	0057855
06	0057856
06	0057857
06	0057858
06	0057859
06	0057860
06	0057861
06	0057862
06	0057863
06	0057864
06	0057865
06	0057866
06	0057867
06	0057868
06	0057869
06	0057870
06	0057871
06	0057872
06	0057873
06	0057874
06	0057875
06	0057876
06	0057877
06	0057878
06	0057879
06	0057880
06	0057881
06	0057882
06	0057883
06	0057884
06	0057885
06	0057886
06	0057887
06	0057888
06	0057889
06	0057890
06	0057891
06	0057892
06	0057893
06	0057894
06	0057895
06	0057896
06	0057897
06	0057898
06	0057899
06	0057900
06	0057901
06	0057902
06	0057903
06	0057904
06	0057905
06	0057906
06	0057907
06	0057908
06	0057909
06	0057910
06	0057911
06	0057912
06	0057913
06	0057914
06	0057915
06	0057916
06	0057917
06	0057918
06	0057919
06	0057920
06	0057921
06	0057922
06	0057923
06	0057924
06	0057925
06	0057926
06	0057927
06	0057928
06	0057929
06	0057930
06	0057931
06	0057932
06	0057933
06	0057934
06	0057935
06	0057936
06	0057937
06	0057938
06	0057939
06	0057940
06	0057941
06	0057942
06	0057943
06	0057944
06	0057945
06	0057946
06	0057947
06	0057948
06	0057949
06	0057950
06	0057951
06	0057952
06	0057953
06	0057954
06	0057955
06	0057956
06	0057957
06	0057958
06	0057959
06	0057960
06	0057961
06	0057962
06	0057963
06	0057964
06	0057965
06	0057966
06	0057967
06	0057968
06	0057969
06	0057970
06	0057971
06	0057972
06	0057973
06	0057974
06	0057975
06	0057976
06	0057977
06	0057978
06	0057979
06	0057980
06	0057981
06	0057982
06	0057983
06	0057984
06	0057985
06	0057986
06	0057987
06	0057988
06	0057989
06	0057990
06	0057991
06	0057992
06	0057993
06	0057994
06	0057995
06	0057996
06	0057997
06	0057998
06	0057999
06	0058000
06	0058001
06	0058002
06	0058003
06	0058004
06	0058005
06	0058006
06	0058007
06	0058008
06	0058009
06	0058010
06	0058011
06	0058012
06	0058013
06	0058014
06	0058015
06	0058016
06	0058017
06	0058018
06	0058019
06	0058020
06	0058021
06	0058022
06	0058023
06	0058024
06	0058025
06	0058026
06	0058027
06	0058028
06	0058029
06	0058030
06	0058031
06	0058032
06	0058033
06	0058034
06	0058035
06	0058036
06	0058037
06	0058038
06	0058039
06	0058040
06	0058041
06	0058042
06	0058043
06	0058044
06	0058045
06	0058046
06	0058047
06	0058048
06	0058049
06	0058050
06	0058051
06	0058052
06	0058053
06	0058054
06	0058055
06	0058056
06	0058057
06	0058058
06	0058059
06	0058060
06	0058061
06	0058062
06	0058063
06	0058064
06	0058065
06	0058066
06	0058067
06	0058068
06	0058069
06	0058070
06	0058071
06	0058072
06	0058073
06	0058074
06	0058075
06	0058076
06	0058077
06	0058078
06	0058079
06	0058080
06	0058081
06	0058082
06	0058083
06	0058084
06	0058085
06	0058086
06	0058087
06	0058088
06	0058089
06	0058090
06	0058091
06	0058092
06	0058093
06	0058094
06	0058095
06	0058096
06	0058097
06	0058098
06	0058099
06	0058100
06	0058101
06	0058102
06	0058103
06	0058104
06	0058105
06	0058106
06	0058107
06	0058108
06	0058109
06	0058110
06	0058111
06	0058112
06	0058113
06	0058114
06	0058115
06	0058116
06	0058117
06	0058118
06	0058119
06	0058120
06	0058121
06	0058122
06	0058123
06	0058124
06	0058125
06	0058126
06	0058127
06	0058128
06	0058129
06	0058130
06	0058131
06	0058132
06	0058133
06	0058134
06	0058135
06	0058136
06	0058137
06	0058138
06	0058139
06	0058140
06	0058141
06	0058142
06	0058143
06	0058144
06	0058145
06	0058146
06	0058147
06	0058148
06	0058149
06	0058150
06	0058151
06	0058152
06	0058153
06	0058154
06	0058155
06	0058156
06	0058157
06	0058158
06	0058159
06	0058160
06	0058161
06	0058162
06	0058163
06	0058164
06	0058165
06	0058166
06	0058167
06	0058168
06	0058169
06	0058170
06	0058171
06	0058172
06	0058173
06	0058174
06	0058175
06	0058176
06	0058177
06	0058178
06	0058179
06	0058180
06	0058181
06	0058182
06	0058183
06	0058184
06	0058185
06	0058186
06	0058187
06	0058188
06	0058189
06	0058190
06	0058191
06	0058192
06	0058193
06	0058194
06	0058195
06	0058196
06	0058197
06	0058198
06	0058199
06	0058200
06	0058201
06	0058202
06	0058203
06	0058205
06	0058206
06	0058207
06	0058208
06	0058209
06	0058210
06	0058211
06	0058212
06	0058213
06	0058214
06	0058215
06	0058216
06	0058217
06	0058218
06	0058219
06	0058221
06	0058222
06	0058223
06	0058224
06	0058225
06	0058226
06	0058227
06	0058228
06	0058229
06	0058230
06	0058231
06	0058232
06	0058233
06	0058234
06	0058235
06	0058236
06	0058237
06	0058238
06	0058239
06	0058240
06	0058241
06	0058242
06	0058243
06	0058244
06	0058245
06	0058246
06	0058247
06	0058248
06	0058249
06	0058250
06	0058251
06	0058252
06	0058253
06	0058254
06	0058255
06	0058256
06	0058257
06	0058258
06	0058259
06	0058260
06	0058261
06	0058262
06	0058263
06	0058264
06	0058265
06	0058266
06	0058267
06	0058268
06	0058269
06	0058270
06	0058271
06	0058272
06	0058273
06	0058274
06	0058275
06	0058276
06	0058277
06	0058278
06	0058279
06	0058280
06	0058281
06	0058282
06	0058283
06	0058284
06	0058285
06	0058286
06	0058287
06	0058288
06	0058289
06	0058290
06	0058291
06	0058292
06	0058293
06	0058294
06	0058295
06	0058296
06	0058297
06	0058298
06	0058299
06	0058300
06	0058301
06	0058302
06	0058303
06	0058304
06	0058305
06	0058306
06	0058307
06	0058308
06	0058309
06	0058310
06	0058311
06	0058312
06	0058313
06	0058314
06	0058315
06	0058316
06	0058317
06	0058318
06	0058319
06	0058320
06	0058321
06	0058322
06	0058323
06	0058324
06	0058325
06	0058326
06	0058327
06	0058328
06	0058329
06	0058330
06	0058331
06	0058332
06	0058333
06	0058334
06	0058335
06	0058336
06	0058337
06	0058338
06	0058339
06	0058340
06	0058341
06	0058342
06	0058343
06	0058344
06	0058345
06	0058346
06	0058347
06	0058348
06	0058349
06	0058350
06	0058351
06	0058352
06	0058353
06	0058354
06	0058355
06	0058356
06	0058357
06	0058358
06	0058359
06	0058360
06	0058361
06	0058362
06	0058363
06	0058364
06	0058365
06	0058366
06	0058367
06	0058368
06	0058369
06	0058370
06	0058371
06	0058372
06	0058373
06	0058374
06	0058375
06	0058376
06	0058377
06	0058378
06	0058379
06	0058380
06	0058381
06	0058382
06	0058383
06	0058384
06	0058385
06	0058386
06	0058387
06	0058388
06	0058389
06	0058390
06	0058391
06	0058392
06	0058393
06	0058394
06	0058395
06	0058396
06	0058397
06	0058398
06	0058399
06	0058400
06	0058401
06	0058402
06	0058403
06	0058404
06	0058405
06	0058406
06	0058407
06	0058408
06	0058409
06	0058410
06	0058411
06	0058412
06	0058413
06	0058414
06	0058415
06	0058416
06	0058417
06	0058418
06	0058419
06	0058420
06	0058421
06	0058422
06	0058423
06	0058424
06	0058425
06	0058426
06	0058427
06	0058428
06	0058429
06	0058430
06	0058431
06	0058432
06	0058433
06	0058434
06	0058435
06	0058436
06	0058437
06	0058438
06	0058439
06	0058440
06	0058441
06	0058442
06	0058443
06	0058444
06	0058445
06	0058446
06	0058447
06	0058448
06	0058449
06	0058450
06	0058451
06	0058452
06	0058453
06	0058454
06	0058455
06	0058456
06	0058457
06	0058458
06	0058459
06	0058460
06	0058461
06	0058462
06	0058463
06	0058464
06	0058465
06	0058466
06	0058467
06	0058468
06	0058469
06	0058470
06	0058471
06	0058472
06	0058473
06	0058474
06	0058475
06	0058476
06	0058477
06	0058478
06	0058479
06	0058480
06	0058481
06	0058482
06	0058483
06	0058484
06	0058485
06	0058486
06	0058487
06	0058488
06	0058489
06	0058490
06	0058491
06	0058492
06	0058493
06	0058494
06	0058495
06	0058496
06	0058497
06	0058498
06	0058499
06	0058500
06	0058501
06	0058502
06	0058503
06	0058504
06	0058505
06	0058506
06	0058507
06	0058508
06	0058509
06	0058510
06	0058511
06	0058512
06	0058513
06	0058514
06	0058515
06	0058516
06	0058517
06	0058518
06	0058519
06	0058520
06	0058521
06	0058522
06	0058523
06	0058524
06	0058525
06	0058526
06	0058527
06	0058528
06	0058529
06	0058530
06	0058531
06	0058532
06	0058533
06	0058534
06	0058535
06	0058536
06	0058537
06	0058538
06	0058539
06	0058540
06	0058541
06	0058542
06	0058543
06	0058544
06	0058545
06	0058546
06	0058547
06	0058548
06	0058549
06	0058550
06	0058551
06	0058552
06	0058553
06	0058554
06	0058555
06	0058556
06	0058557
06	0058558
06	0058559
06	0058560
06	0058561
06	0058562
06	0058563
06	0058564
06	0058565
06	0058566
06	0058567
06	0058568
06	0058569
06	0058570
06	0058571
06	0058572
06	0058573
06	0058574
06	0058575
06	0058576
06	0058577
06	0058578
06	0058579
06	0058580
06	0058581
06	0058582
06	0058583
06	0058584
06	0058585
06	0058586
06	0058587
06	0058588
06	0058589
06	0058590
06	0058591
06	0058592
06	0058593
06	0058594
06	0058595
06	0058596
06	0058597
06	0058598
06	0058599
06	0058600
06	0058601
06	0058602
06	0058603
06	0058604
06	0058605
06	0058606
06	0058607
06	0058608
06	0058609
06	0058610
06	0058611
06	0058612
06	0058613
06	0058614
06	0058615
06	0058616
06	0058617
06	0058618
06	0058619
06	0058620
06	0058621
06	0058622
06	0058623
06	0058624
06	0058625
06	0058626
06	0058627
06	0058628
06	0058629
06	0058630
06	0058631
06	0058632
06	0058633
06	0058634
06	0058635
06	0058636
06	0058637
06	0058638
06	0058639
06	0058640
06	0058641
06	0058642
06	0058643
06	0058644
06	0058645
06	0058646
06	0058647
06	0058648
06	0058649
06	0058650
06	0058651
06	0058652
06	0058653
06	0058654
06	0058655
06	0058656
06	0058657
06	0058658
06	0058659
06	0058660
06	0058661
06	0058662
06	0058663
06	0058664
06	0058665
06	0058666
06	0058667
06	0058668
06	0058669
06	0058670
06	0058671
06	0058672
06	0058673
06	0058674
06	0058675
06	0058676
06	0058677
06	0058678
06	0058679
06	0058680
06	0058681
06	0058682
06	0058683
06	0058684
06	0058685
06	0058686
06	0058687
06	0058688
06	0058689
06	0058690
06	0058691
06	0058692
06	0058693
06	0058694
06	0058695
06	0058696
06	0058697
06	0058698
06	0058699
06	0058700
06	0058701
06	0058702
06	0058703
06	0058704
06	0058705
06	0058706
06	0058707
06	0058708
06	0058709
06	0058710
06	0058711
06	0058712
06	0058713
06	0058714
06	0058715
06	0058716
06	0058717
06	0058718
06	0058719
06	0058720
06	0058721
06	0058722
06	0058723
06	0058724
06	0058725
06	0058726
06	0058727
06	0058728
06	0058729
06	0058730
06	0058731
06	0058732
06	0058733
06	0058734
06	0058735
06	0058736
06	0058737
06	0058738
06	0058739
06	0058740
06	0058741
06	0058742
06	0058743
06	0058744
06	0058745
06	0058746
06	0058747
06	0058748
06	0058749
06	0058750
06	0058751
06	0058752
06	0058753
06	0058754
06	0058755
06	0058756
06	0058757
06	0058758
06	0058759
06	0058760
06	0058761
06	0058762
06	0058763
06	0058764
06	0058765
06	0058766
06	0058767
06	0058768
06	0058769
06	0058770
06	0058771
06	0058772
06	0058773
06	0058774
06	0058775
06	0058776
06	0058777
06	0058778
06	0058779
06	0058780
06	0058781
06	0058782
06	0058783
06	0058784
06	0058785
06	0058786
06	0058787
06	0058788
06	0058789
06	0058790
06	0058791
06	0058792
06	0058793
06	0058794
06	0058795
06	0058796
06	0058797
06	0058798
06	0058799
06	0058800
06	0058801
06	0058802
06	0058803
06	0058804
06	0058805
06	0058806
06	0058807
06	0058808
06	0058809
06	0058810
06	0058811
06	0058812
06	0058813
06	0058814
06	0058815
06	0058816
06	0058817
06	0058818
06	0058819
06	0058820
06	0058821
06	0058822
06	0058823
06	0058824
06	0058825
06	0058826
06	0058827
06	0058828
06	0058829
06	0058830
06	0058831
06	0058832
06	0058833
06	0058834
06	0058835
06	0058836
06	0058837
06	0058838
06	0058839
06	0058840
06	0058841
06	0058842
06	0058843
06	0058844
06	0058845
06	0058846
06	0058847
06	0058848
06	0058849
06	0058850
06	0058851
06	0058852
06	0058853
06	0058854
06	0058855
06	0058856
06	0058857
06	0058858
06	0058859
06	0058860
06	0058861
06	0058862
06	0058863
06	0058864
06	0058865
06	0058866
06	0058867
06	0058868
06	0058869
06	0058870
06	0058871
06	0058872
06	0058873
06	0058874
06	0058875
06	0058876
06	0058877
06	0058878
06	0058879
06	0058880
06	0058881
06	0058882
06	0058883
06	0058884
06	0058885
06	0058886
06	0058887
06	0058888
06	0058889
06	0058890
06	0058891
06	0058892
06	0058893
06	0058894
06	0058895
06	0058896
06	0058897
06	0058898
06	0058899
06	0058900
06	0058901
06	0058902
06	0058903
06	0058904
06	0058905
06	0058906
06	0058907
06	0058908
06	0058909
06	0058910
06	0058911
06	0058912
06	0058913
06	0058914
06	0058915
06	0058916
06	0058917
06	0058918
06	0058919
06	0058920
06	0058921
06	0058922
06	0058923
06	0058924
06	0058925
06	0058926
06	0058927
06	0058928
06	0058929
06	0058930
06	0058931
06	0058932
06	0058933
06	0058934
06	0058935
06	0058936
06	0058937
06	0058939
06	0058940
06	0058941
06	0058942
06	0058944
06	0058945
06	0058946
06	0058947
06	0058948
06	0058949
06	0058950
06	0058951
06	0058952
06	0058953
06	0058954
06	0058955
06	0058956
06	0058957
06	0058958
06	0058959
06	0058960
06	0058961
06	0058962
06	0058963
06	0058964
06	0058965
06	0058966
06	0058967
06	0058968
06	0058969
06	0058970
06	0058971
06	0058972
06	0058973
06	0058974
06	0058975
06	0058976
06	0058977
06	0058978
06	0058979
06	0058980
06	0058981
06	0058982
06	0058983
06	0058984
06	0058985
06	0058986
06	0058987
06	0058988
06	0058989
06	0058990
06	0058991
06	0058992
06	0058993
06	0058994
06	0058995
06	0058996
06	0058997
06	0058998
06	0058999
06	0059000
06	0059001
06	0059002
06	0059003
06	0059004
06	0059005
06	0059006
06	0059007
06	0059008
06	0059009
06	0059010
06	0059011
06	0059012
06	0059013
06	0059014
06	0059015
06	0059016
06	0059017
06	0059018
06	0059019
06	0059020
06	0059021
06	0059022
06	0059023
06	0059024
06	0059025
06	0059026
06	0059027
06	0059028
06	0059029
06	0059030
06	0059031
06	0059032
06	0059033
06	0059034
06	0059035
06	0059036
06	0059037
06	0059038
06	0059039
06	0059040
06	0059041
06	0059042
06	0059043
06	0059044
06	0059045
06	0059046
06	0059047
06	0059048
06	0059049
06	0059050
06	0059051
06	0059052
06	0059053
06	0059054
06	0059055
06	0059056
06	0059057
06	0059058
06	0059059
06	0059060
06	0059061
06	0059062
06	0059063
06	0059064
06	0059065
06	0059066
06	0059067
06	0059068
06	0059069
06	0059070
06	0059071
06	0059072
06	0059073
06	0059074
06	0059075
06	0059076
06	0059077
06	0059078
06	0059079
06	0059080
06	0059081
06	0059082
06	0059083
06	0059084
06	0059085
06	0059086
06	0059087
06	0059088
06	0059089
06	0059090
06	0059091
06	0059092
06	0059093
06	0059094
06	0059095
06	0059096
06	0059097
06	0059098
06	0059099
06	0059100
06	0059101
06	0059102
06	0059103
06	0059104
06	0059105
06	0059106
06	0059107
06	0059108
06	0059109
06	0059110
06	0059111
06	0059112
06	0059113
06	0059114
06	0059115
06	0059116
06	0059117
06	0059118
06	0059119
06	0059120
06	0059121
06	0059122
06	0059123
06	0059124
06	0059125
06	0059126
06	0059127
06	0059128
06	0059129
06	0059130
06	0059131
06	0059132
06	0059133
06	0059134
06	0059135
06	0059136
06	0059137
06	0059138
06	0059139
06	0059140
06	0059141
06	0059142
06	0059143
06	0059144
06	0059145
06	0059146
06	0059147
06	0059148
06	0059149
06	0059150
06	0059151
06	0059152
06	0059153
06	0059154
06	0059155
06	0059156
06	0059157
06	0059158
06	0059159
06	0059160
06	0059161
06	0059162
06	0059163
06	0059164
06	0059165
06	0059166
06	0059167
06	0059168
06	0059169
06	0059170
06	0059171
06	0059172
06	0059173
06	0059174
06	0059175
06	0059176
06	0059177
06	0059178
06	0059179
06	0059180
06	0059181
06	0059182
06	0059183
06	0059184
06	0059185
06	0059186
06	0059187
06	0059188
06	0059189
06	0059190
06	0059191
06	0059192
06	0059193
06	0059194
06	0059195
06	0059196
06	0059197
06	0059198
06	0059199
06	0059200
06	0059201
06	0059202
06	0059203
06	0059204
06	0059205
06	0059206
06	0059207
06	0059208
06	0059209
06	0059210
06	0059211
06	0059212
06	0059213
06	0059214
06	0059215
06	0059216
06	0059217
06	0059218
06	0059219
06	0059220
06	0059221
06	0059222
06	0059223
06	0059224
06	0059225
06	0059226
06	0059227
06	0059228
06	0059229
06	0059230
06	0059231
06	0059232
06	0059233
06	0059234
06	0059235
06	0059236
06	0059237
06	0059238
06	0059239
06	0059240
06	0059241
06	0059242
06	0059243
06	0059244
06	0059245
06	0059246
06	0059247
06	0059248
06	0059249
06	0059250
06	0059251
06	0059252
06	0059253
06	0059254
06	0059255
06	0059256
06	0059257
06	0059258
06	0059259
06	0059260
06	0059261
06	0059262
06	0059263
06	0059264
06	0059265
06	0059266
06	0059267
06	0059268
06	0059269
06	0059270
06	0059271
06	0059272
06	0059273
06	0059274
06	0059275
06	0059276
06	0059277
06	0059278
06	0059279
06	0059280
06	0059281
06	0059282
06	0059283
06	0059284
06	0059285
06	0059286
06	0059287
06	0059288
06	0059289
06	0059290
06	0059291
06	0059292
06	0059293
06	0059294
06	0059295
06	0059296
06	0059297
06	0059298
06	0059299
06	0059300
06	0059301
06	0059302
06	0059303
06	0059304
06	0059305
06	0059306
06	0059307
06	0059308
06	0059309
06	0059310
06	0059311
06	0059312
06	0059313
06	0059314
06	0059315
06	0059316
06	0059317
06	0059318
06	0059319
06	0059320
06	0059321
06	0059322
06	0059323
06	0059324
06	0059325
06	0059326
06	0059327
06	0059328
06	0059329
06	0059330
06	0059331
06	0059332
06	0059333
06	0059334
06	0059335
06	0059336
06	0059337
06	0059338
06	0059339
06	0059340
06	0059341
06	0059342
06	0059343
06	0059344
06	0059345
06	0059346
06	0059347
06	0059348
06	0059349
06	0059350
06	0059351
06	0059352
06	0059353
06	0059354
06	0059355
06	0059356
06	0059357
06	0059358
06	0059359
06	0059360
06	0059361
06	0059362
06	0059363
06	0059364
06	0059365
06	0059366
06	0059367
06	0059368
06	0059369
06	0059370
06	0059371
06	0059372
06	0059373
06	0059374
06	0059375
06	0059376
06	0059377
06	0059378
06	0059379
06	0059380
06	0059381
06	0059382
06	0059383
06	0059384
06	0059385
06	0059386
06	0059387
06	0059388
06	0059389
06	0059390
06	0059391
06	0059392
06	0059393
06	0059394
06	0059395
06	0059396
06	0059397
06	0059398
06	0059399
06	0059400
06	0059401
06	0059402
06	0059404
06	0059405
06	0059406
06	0059407
06	0059408
06	0059409
06	0059410
06	0059411
06	0059412
06	0059413
06	0059414
06	0059415
06	0059416
06	0059417
06	0059418
06	0059419
06	0059420
06	0059421
06	0059422
06	0059423
06	0059424
06	0059425
06	0059426
06	0059427
06	0059428
06	0059429
06	0059430
06	0059431
06	0059432
06	0059433
06	0059434
06	0059435
06	0059436
06	0059437
06	0059438
06	0059439
06	0059440
06	0059441
06	0059442
06	0059443
06	0059444
06	0059445
06	0059446
06	0059447
06	0059448
06	0059449
06	0059450
06	0059451
06	0059452
06	0059453
06	0059454
06	0059455
06	0059456
06	0059457
06	0059458
06	0059459
06	0059460
06	0059461
06	0059462
06	0059463
06	0059464
06	0059465
06	0059466
06	0059467
06	0059468
06	0059469
06	0059470
06	0059471
06	0059472
06	0059473
06	0059474
06	0059475
06	0059476
06	0059477
06	0059478
06	0059479
06	0059480
06	0059481
06	0059482
06	0059483
06	0059484
06	0059485
06	0059486
06	0059487
06	0059488
06	0059489
06	0059490
06	0059491
06	0059492
06	0059493
06	0059494
06	0059495
06	0059496
06	0059497
06	0059498
06	0059499
06	0059500
06	0059502
06	0059503
06	0059504
06	0059505
06	0059506
06	0059507
06	0059508
06	0059509
06	0059510
06	0059511
06	0059512
06	0059513
06	0059514
06	0059515
06	0059516
06	0059517
06	0059518
06	0059519
06	0059520
06	0059521
06	0059522
06	0059523
06	0059524
06	0059525
06	0059526
06	0059527
06	0059528
06	0059529
06	0059530
06	0059531
06	0059532
06	0059533
06	0059534
06	0059535
06	0059536
06	0059537
06	0059538
06	0059539
06	0059540
06	0059541
06	0059542
06	0059543
06	0059544
06	0059545
06	0059546
06	0059547
06	0059548
06	0059549
06	0059550
06	0059551
06	0059552
06	0059553
06	0059554
06	0059555
06	0059556
06	0059557
06	0059558
06	0059559
06	0059560
06	0059561
06	0059562
06	0059563
06	0059564
06	0059565
06	0059566
06	0059567
06	0059568
06	0059569
06	0059570
06	0059571
06	0059572
06	0059573
06	0059574
06	0059575
06	0059576
06	0059577
06	0059578
06	0059579
06	0059580
06	0059581
06	0059582
06	0059583
06	0059584
06	0059585
06	0059586
06	0059587
06	0059588
06	0059589
06	0059590
06	0059591
06	0059592
06	0059593
06	0059594
06	0059595
06	0059596
06	0059597
06	0059598
06	0059599
06	0059600
06	0059601
06	0059602
06	0059603
06	0059604
06	0059605
06	0059606
06	0059607
06	0059608
06	0059609
06	0059610
06	0059611
06	0059612
06	0059613
06	0059614
06	0059615
06	0059616
06	0059617
06	0059618
06	0059619
06	0059620
06	0059621
06	0059622
06	0059623
06	0059624
06	0059625
06	0059626
06	0059627
06	0059628
06	0059629
06	0059630
06	0059631
06	0059632
06	0059633
06	0059634
06	0059635
06	0059636
06	0059637
06	0059638
06	0059639
06	0059640
06	0059641
06	0059642
06	0059643
06	0059644
06	0059645
06	0059646
06	0059647
06	0059648
06	0059649
06	0059650
06	0059651
06	0059652
06	0059653
06	0059654
06	0059655
06	0059656
06	0059657
06	0059658
06	0059659
06	0059660
06	0059661
06	0059662
06	0059663
06	0059664
06	0059665
06	0059666
06	0059667
06	0059668
06	0059669
06	0059670
06	0059671
06	0059672
06	0059673
06	0059674
06	0059675
06	0059676
06	0059677
06	0059678
06	0059679
06	0059680
06	0059681
06	0059682
06	0059683
06	0059684
06	0059685
06	0059686
06	0059687
06	0059688
06	0059689
06	0059690
06	0059691
06	0059692
06	0059693
06	0059694
06	0059695
06	0059696
06	0059697
06	0059698
06	0059699
06	0059700
06	0059701
06	0059702
06	0059703
06	0059704
06	0059705
06	0059706
06	0059707
06	0059708
06	0059709
06	0059710
06	0059711
06	0059712
06	0059713
06	0059714
06	0059715
06	0059716
06	0059717
06	0059718
06	0059719
06	0059720
06	0059721
06	0059722
06	0059723
06	0059724
06	0059725
06	0059726
06	0059727
06	0059728
06	0059729
06	0059730
06	0059731
06	0059732
06	0059733
06	0059734
06	0059735
06	0059736
06	0059737
06	0059738
06	0059739
06	0059740
06	0059741
06	0059742
06	0059743
06	0059744
06	0059745
06	0059746
06	0059747
06	0059748
06	0059749
06	0059750
06	0059751
06	0059752
06	0059753
06	0059754
06	0059755
06	0059756
06	0059757
06	0059758
06	0059759
06	0059760
06	0059761
06	0059762
06	0059763
06	0059764
06	0059765
06	0059766
06	0059767
06	0059768
06	0059769
06	0059770
06	0059771
06	0059772
06	0059773
06	0059774
06	0059775
06	0059776
06	0059777
06	0059778
06	0059779
06	0059780
06	0059781
06	0059782
06	0059783
06	0059784
06	0059785
06	0059786
06	0059787
06	0059788
06	0059789
06	0059790
06	0059791
06	0059792
06	0059793
06	0059794
06	0059795
06	0059796
06	0059797
06	0059798
06	0059799
06	0059800
06	0059801
06	0059802
06	0059803
06	0059804
06	0059805
06	0059806
06	0059807
06	0059808
06	0059809
06	0059810
06	0059811
06	0059812
06	0059813
06	0059814
06	0059815
06	0059816
06	0059817
06	0059818
06	0059819
06	0059820
06	0059821
06	0059822
06	0059823
06	0059824
06	0059825
06	0059826
06	0059827
06	0059828
06	0059829
06	0059830
06	0059831
06	0059832
06	0059833
06	0059834
06	0059835
06	0059836
06	0059837
06	0059838
06	0059839
06	0059840
06	0059841
06	0059842
06	0059843
06	0059844
06	0059845
06	0059846
06	0059847
06	0059848
06	0059849
06	0059850
06	0059851
06	0059852
06	0059853
06	0059854
06	0059855
06	0059856
06	0059857
06	0059858
06	0059859
06	0059860
06	0059861
06	0059862
06	0059863
06	0059864
06	0059865
06	0059866
06	0059867
06	0059868
06	0059869
06	0059870
06	0059871
06	0059872
06	0059873
06	0059874
06	0059875
06	0059876
06	0059877
06	0059878
06	0059879
06	0059880
06	0059881
06	0059882
06	0059883
06	0059884
06	0059885
06	0059886
06	0059887
06	0059888
06	0059889
06	0059890
06	0059891
06	0059892
06	0059893
06	0059894
06	0059895
06	0059896
06	0059897
06	0059898
06	0059899
06	0059900
06	0059901
06	0059902
06	0059903
06	0059904
06	0059905
06	0059906
06	0059907
06	0059908
06	0059909
06	0059910
06	0059911
06	0059912
06	0059913
06	0059914
06	0059915
06	0059916
06	0059917
06	0059918
06	0059919
06	0059920
06	0059921
06	0059922
06	0059923
06	0059924
06	0059925
06	0059926
06	0059927
06	0059928
06	0059929
06	0059930
06	0059931
06	0059932
06	0059933
06	0059934
06	0059935
06	0059936
06	0059937
06	0059938
06	0059939
06	0059940
06	0059941
06	0059942
06	0059943
06	0059944
06	0059945
06	0059946
06	0059947
06	0059948
06	0059949
06	0059950
06	0059951
06	0059952
06	0059953
06	0059954
06	0059955
06	0059956
06	0059957
06	0059958
06	0059959
06	0059960
06	0059961
06	0059962
06	0059963
06	0059964
06	0059965
06	0059966
06	0059967
06	0059968
06	0059969
06	0059970
06	0059971
06	0059972
06	0059973
06	0059974
06	0059975
06	0059976
06	0059977
06	0059978
06	0059979
06	0059980
06	0059981
06	0059982
06	0059983
06	0059984
06	0059985
06	0059986
06	0059987
06	0059988
06	0059989
06	0059990
06	0059991
06	0059992
06	0059993
06	0059994
06	0059995
06	0059996
06	0059997
06	0059998
06	0059999
06	0060000
06	0060001
06	0060002
06	0060003
06	0060004
06	0060005
06	0060006
06	0060007
06	0060008
06	0060009
06	0060010
06	0060011
06	0060012
06	0060013
06	0060014
06	0060015
06	0060016
06	0060017
06	0060018
06	0060019
06	0060020
06	0060021
06	0060022
06	0060023
06	0060024
06	0060025
06	0060026
06	0060027
06	0060028
06	0060029
06	0060030
06	0060031
06	0060032
06	0060033
06	0060034
06	0060035
06	0060036
06	0060037
06	0060038
06	0060039
06	0060040
06	0060041
06	0060042
06	0060043
06	0060044
06	0060045
06	0060046
06	0060047
06	0060048
06	0060049
06	0060050
06	0060051
06	0060052
06	0060053
06	0060054
06	0060055
06	0060056
06	0060057
06	0060058
06	0060059
06	0060060
06	0060061
06	0060062
06	0060063
06	0060064
06	0060065
06	0060066
06	0060067
06	0060068
06	0060069
06	0060070
06	0060071
06	0060072
06	0060073
06	0060074
06	0060075
06	0060076
06	0060077
06	0060078
06	0060079
06	0060080
06	0060081
06	0060082
06	0060083
06	0060084
06	0060085
06	0060086
06	0060087
06	0060088
06	0060089
06	0060090
06	0060091
06	0060092
06	0060093
06	0060094
06	0060095
06	0060096
06	0060097
06	0060098
06	0060099
06	0060100
06	0060101
06	0060102
06	0060103
06	0060104
06	0060105
06	0060106
06	0060107
06	0060108
06	0060109
06	0060110
06	0060111
06	0060112
06	0060113
06	0060114
06	0060115
06	0060116
06	0060117
06	0060118
06	0060119
06	0060120
06	0060121
06	0060122
06	0060123
06	0060124
06	0060125
06	0060126
06	0060127
06	0060128
06	0060129
06	0060130
06	0060131
06	0060132
06	0060133
06	0060134
06	0060135
06	0060136
06	0060137
06	0060138
06	0060139
06	0060140
06	0060141
06	0060142
06	0060143
06	0060144
06	0060145
06	0060146
06	0060147
06	0060148
06	0060149
06	0060150
06	0060151
06	0060152
06	0060153
06	0060154
06	0060155
06	0060156
06	0060157
06	0060158
06	0060159
06	0060160
06	0060161
06	0060162
06	0060163
06	0060164
06	0060165
06	0060166
06	0060167
06	0060168
06	0060169
06	0060170
06	0060171
06	0060172
06	0060173
06	0060174
06	0060175
06	0060176
06	0060177
06	0060178
06	0060179
06	0060180
06	0060181
06	0060182
06	0060183
06	0060184
06	0060185
06	0060186
06	0060187
06	0060188
06	0060189
06	0060190
06	0060191
06	0060192
06	0060193
06	0060194
06	0060195
06	0060196
06	0060197
06	0060198
06	0060199
06	0060200
06	0060201
06	0060202
06	0060203
06	0060204
06	0060205
06	0060206
06	0060207
06	0060208
06	0060209
06	0060210
06	0060211
06	0060212
06	0060213
06	0060214
06	0060215
06	0060216
06	0060217
06	0060218
06	0060219
06	0060220
06	0060221
06	0060222
06	0060223
06	0060224
06	0060225
06	0060226
06	0060227
06	0060228
06	0060229
06	0060230
06	0060231
06	0060232
06	0060233
06	0060234
06	0060235
06	0060236
06	0060237
06	0060238
06	0060239
06	0060240
06	0060241
06	0060242
06	0060243
06	0060244
06	0060245
06	0060246
06	0060247
06	0060248
06	0060249
06	0060250
06	0060251
06	0060252
06	0060253
06	0060254
06	0060255
06	0060256
06	0060257
06	0060258
06	0060259
06	0060260
06	0060261
06	0060262
06	0060263
06	0060264
06	0060265
06	0060266
06	0060267
06	0060268
06	0060269
06	0060270
06	0060271
06	0060272
06	0060273
06	0060274
06	0060275
06	0060276
06	0060277
06	0060278
06	0060279
06	0060280
06	0060281
06	0060282
06	0060283
06	0060284
06	0060285
06	0060286
06	0060287
06	0060288
06	0060289
06	0060290
06	0060291
06	0060292
06	0060293
06	0060294
06	0060295
06	0060296
06	0060297
06	0060298
06	0060299
06	0060300
06	0060301
06	0060302
06	0060303
06	0060304
06	0060305
06	0060306
06	0060307
06	0060308
06	0060309
06	0060310
06	0060311
06	0060312
06	0060313
06	0060314
06	0060315
06	0060316
06	0060317
06	0060318
06	0060319
06	0060320
06	0060321
06	0060322
06	0060323
06	0060324
06	0060325
06	0060326
06	0060327
06	0060328
06	0060329
06	0060330
06	0060331
06	0060332
06	0060333
06	0060334
06	0060335
06	0060336
06	0060337
06	0060338
06	0060339
06	0060340
06	0060341
06	0060342
06	0060343
06	0060344
06	0060345
06	0060346
06	0060347
06	0060348
06	0060349
06	0060350
06	0060351
06	0060352
06	0060353
06	0060354
06	0060355
06	0060356
06	0060357
06	0060358
06	0060359
06	0060360
06	0060361
06	0060362
06	0060363
06	0060364
06	0060365
06	0060366
06	0060367
06	0060368
06	0060369
06	0060370
06	0060371
06	0060372
06	0060373
06	0060374
06	0060375
06	0060376
06	0060377
06	0060378
06	0060379
06	0060380
06	0060381
06	0060382
06	0060383
06	0060384
06	0060385
06	0060386
06	0060387
06	0060388
06	0060389
06	0060390
06	0060391
06	0060392
06	0060393
06	0060394
06	0060395
06	0060396
06	0060397
06	0060398
06	0060399
06	0060400
06	0060401
06	0060402
06	0060403
06	0060404
06	0060405
06	0060406
06	0060407
06	0060408
06	0060409
06	0060410
06	0060411
06	0060412
06	0060413
06	0060414
06	0060415
06	0060416
06	0060417
06	0060418
06	0060419
06	0060420
06	0060421
06	0060422
06	0060423
06	0060424
06	0060425
06	0060426
06	0060427
06	0060428
06	0060429
06	0060430
06	0060431
06	0060432
06	0060433
06	0060434
06	0060435
06	0060436
06	0060437
06	0060438
06	0060439
06	0060440
06	0060441
06	0060442
06	0060443
06	0060444
06	0060445
06	0060446
06	0060447
06	0060448
06	0060449
06	0060450
06	0060451
06	0060452
06	0060453
06	0060454
06	0060455
06	0060456
06	0060457
06	0060458
06	0060459
06	0060460
06	0060461
06	0060462
06	0060463
06	0060464
06	0060465
06	0060466
06	0060467
06	0060468
06	0060469
06	0060470
06	0060471
06	0060472
06	0060473
06	0060474
06	0060475
06	0060476
06	0060477
06	0060478
06	0060479
06	0060480
06	0060481
06	0060482
06	0060483
06	0060484
06	0060485
06	0060486
06	0060487
06	0060488
06	0060489
06	0060490
06	0060491
06	0060492
06	0060493
06	0060494
06	0060495
06	0060496
06	0060497
06	0060498
06	0060499
06	0060500
06	0060501
06	0060502
06	0060503
06	0060504
06	0060505
06	0060506
06	0060507
06	0060508
06	0060509
06	0060510
06	0060511
06	0060512
06	0060513
06	0060514
06	0060515
06	0060516
06	0060517
06	0060518
06	0060519
06	0060520
06	0060521
06	0060522
06	0060523
06	0060524
06	0060525
06	0060526
06	0060527
06	0060528
06	0060529
06	0060530
06	0060531
06	0060532
06	0060533
06	0060534
06	0060535
06	0060536
06	0060537
06	0060538
06	0060539
06	0060540
06	0060541
06	0060542
06	0060543
06	0060544
06	0060545
06	0060546
06	0060547
06	0060548
06	0060549
06	0060550
06	0060551
06	0060552
06	0060553
06	0060554
06	0060555
06	0060556
06	0060557
06	0060558
06	0060559
06	0060560
06	0060561
06	0060562
06	0060563
06	0060564
06	0060565
06	0060566
06	0060567
06	0060568
06	0060569
06	0060570
06	0060571
06	0060572
06	0060573
06	0060574
06	0060575
06	0060576
06	0060577
06	0060578
06	0060579
06	0060580
06	0060581
06	0060582
06	0060583
06	0060584
06	0060585
06	0060586
06	0060587
06	0060588
06	0060589
06	0060590
06	0060591
06	0060592
06	0060593
06	0060594
06	0060595
06	0060596
06	0060597
06	0060598
06	0060599
06	0060600
06	0060601
06	0060602
06	0060603
06	0060604
06	0060605
06	0060606
06	0060607
06	0060608
06	0060609
06	0060610
06	0060611
06	0060612
06	0060613
06	0060614
06	0060615
06	0060616
06	0060617
06	0060618
06	0060619
06	0060620
06	0060621
06	0060622
06	0060623
06	0060624
06	0060625
06	0060626
06	0060627
06	0060628
06	0060629
06	0060630
06	0060631
06	0060632
06	0060633
06	0060634
06	0060635
06	0060636
06	0060637
06	0060638
06	0060639
06	0060640
06	0060641
06	0060642
06	0060643
06	0060644
06	0060645
06	0060646
06	0060647
06	0060648
06	0060649
06	0060650
06	0060651
06	0060652
06	0060653
06	0060654
06	0060655
06	0060656
06	0060657
06	0060658
06	0060659
06	0060660
06	0060661
06	0060662
06	0060663
06	0060664
06	0060665
06	0060666
06	0060667
06	0060668
06	0060669
06	0060670
06	0060671
06	0060672
06	0060673
06	0060674
06	0060675
06	0060676
06	0060677
06	0060678
06	0060679
06	0060680
06	0060681
06	0060682
06	0060683
06	0060684
06	0060685
06	0060686
06	0060687
06	0060688
06	0060689
06	0060690
06	0060691
06	0060692
06	0060693
06	0060694
06	0060695
06	0060696
06	0060697
06	0060698
06	0060699
06	0060700
06	0060701
06	0060702
06	0060703
06	0060704
06	0060705
06	0060706
06	0060707
06	0060708
06	0060709
06	0060710
06	0060711
06	0060712
06	0060713
06	0060714
06	0060715
06	0060716
06	0060717
06	0060718
06	0060719
06	0060720
06	0060721
06	0060722
06	0060723
06	0060724
06	0060725
06	0060726
06	0060727
06	0060728
06	0060729
06	0060730
06	0060731
06	0060732
06	0060733
06	0060734
06	0060735
06	0060736
06	0060737
06	0060738
06	0060739
06	0060740
06	0060741
06	0060742
06	0060743
06	0060744
06	0060745
06	0060746
06	0060747
06	0060748
06	0060749
06	0060750
06	0060751
06	0060752
06	0060753
06	0060754
06	0060755
06	0060756
06	0060757
06	0060758
06	0060759
06	0060760
06	0060761
06	0060762
06	0060763
06	0060764
06	0060765
06	0060766
06	0060767
06	0060768
06	0060769
06	0060770
06	0060771
06	0060772
06	0060773
06	0060774
06	0060775
06	0060776
06	0060777
06	0060778
06	0060779
06	0060780
06	0060781
06	0060782
06	0060783
06	0060784
06	0060785
06	0060786
06	0060787
06	0060788
06	0060789
06	0060790
06	0060791
06	0060792
06	0060793
06	0060794
06	0060795
06	0060796
06	0060797
06	0060798
06	0060799
06	0060800
06	0060801
06	0060802
06	0060803
06	0060804
06	0060805
06	0060806
06	0060807
06	0060808
06	0060809
06	0060810
06	0060811
06	0060812
06	0060813
06	0060814
06	0060815
06	0060816
06	0060817
06	0060818
06	0060819
06	0060820
06	0060821
06	0060822
06	0060823
06	0060824
06	0060825
06	0060826
06	0060827
06	0060828
06	0060829
06	0060830
06	0060831
06	0060832
06	0060833
06	0060834
06	0060835
06	0060836
06	0060837
06	0060838
06	0060839
06	0060840
06	0060841
06	0060842
06	0060843
06	0060844
06	0060845
06	0060846
06	0060847
06	0060848
06	0060849
06	0060850
06	0060851
06	0060852
06	0060853
06	0060854
06	0060855
06	0060856
06	0060857
06	0060858
06	0060859
06	0060860
06	0060861
06	0060862
06	0060863
06	0060864
06	0060865
06	0060866
06	0060867
06	0060868
06	0060869
06	0060870
06	0060871
06	0060872
06	0060873
06	0060874
06	0060875
06	0060876
06	0060877
06	0060878
06	0060879
06	0060880
06	0060881
06	0060882
06	0060883
06	0060884
06	0060885
06	0060886
06	0060887
06	0060888
06	0060889
06	0060890
06	0060891
06	0060892
06	0060893
06	0060894
06	0060895
06	0060896
06	0060897
06	0060898
06	0060899
06	0060900
06	0060901
06	0060902
06	0060903
06	0060904
06	0060905
06	0060906
06	0060907
06	0060908
06	0060909
06	0060910
06	0060911
06	0060912
06	0060913
06	0060914
06	0060915
06	0060916
06	0060917
06	0060918
06	0060919
06	0060920
06	0060921
06	0060922
06	0060923
06	0060924
06	0060925
06	0060926
06	0060927
06	0060928
06	0060929
06	0060930
06	0060931
06	0060932
06	0060933
06	0060934
06	0060935
06	0060936
06	0060937
06	0060938
06	0060939
06	0060940
06	0060941
06	0060942
06	0060943
06	0060944
06	0060945
06	0060946
06	0060947
06	0060948
06	0060949
06	0060950
06	0060951
06	0060952
06	0060953
06	0060954
06	0060955
06	0060956
06	0060957
06	0060958
06	0060959
06	0060960
06	0060961
06	0060962
06	0060963
06	0060964
06	0060965
06	0060966
06	0060967
06	0060968
06	0060969
06	0060970
06	0060971
06	0060972
06	0060973
06	0060974
06	0060975
06	0060976
06	0060977
06	0060978
06	0060979
06	0060980
06	0060981
06	0060982
06	0060983
06	0060984
06	0060985
06	0060986
06	0060987
06	0060988
06	0060989
06	0060990
06	0060991
06	0060992
06	0060993
06	0060994
06	0060995
06	0060996
06	0060997
06	0060998
06	0060999
06	0061000
06	0061001
06	0061002
06	0061003
06	0061004
06	0061005
06	0061006
06	0061007
06	0061008
06	0061009
06	0061010
06	0061011
06	0061012
06	0061013
06	0061014
06	0061015
06	0061016
06	0061017
06	0061018
06	0061019
06	0061020
06	0061021
06	0061022
06	0061023
06	0061024
06	0061025
06	0061026
06	0061027
06	0061028
06	0061029
06	0061030
06	0061031
06	0061032
06	0061033
06	0061034
06	0061035
06	0061036
06	0061037
06	0061038
06	0061039
06	0061040
06	0061041
06	0061042
06	0061043
06	0061044
06	0061045
06	0061046
06	0061047
06	0061048
06	0061049
06	0061050
06	0061051
06	0061052
06	0061053
06	0061054
06	0061055
06	0061056
06	0061057
06	0061058
06	0061059
06	0061060
06	0061061
06	0061062
06	0061063
06	0061064
06	0061065
06	0061066
06	0061067
06	0061068
06	0061069
06	0061070
06	0061071
06	0061072
06	0061073
06	0061074
06	0061075
06	0061076
06	0061077
06	0061078
06	0061079
06	0061080
06	0061081
06	0061082
06	0061083
06	0061084
06	0061085
06	0061086
06	0061087
06	0061088
06	0061089
06	0061090
06	0061091
06	0061092
06	0061093
06	0061094
06	0061095
06	0061096
06	0061097
06	0061098
06	0061099
06	0061100
06	0061101
06	0061102
06	0061103
06	0061104
06	0061105
06	0061106
06	0061107
06	0061108
06	0061109
06	0061110
06	0061111
06	0061112
06	0061113
06	0061114
06	0061115
06	0061116
06	0061117
06	0061118
06	0061119
06	0061120
06	0061121
06	0061122
06	0061123
06	0061124
06	0061125
06	0061126
06	0061127
06	0061128
06	0061129
06	0061130
06	0061131
06	0061132
06	0061133
06	0061134
06	0061135
06	0061136
06	0061137
06	0061138
06	0061139
06	0061140
06	0061141
06	0061142
06	0061143
06	0061144
06	0061145
06	0061146
06	0061147
06	0061148
06	0061149
06	0061150
06	0061151
06	0061152
06	0061153
06	0061154
06	0061155
06	0061156
06	0061157
06	0061158
06	0061159
06	0061160
06	0061161
06	0061162
06	0061163
06	0061164
06	0061165
06	0061166
06	0061167
06	0061168
06	0061169
06	0061170
06	0061171
06	0061172
06	0061173
06	0061174
06	0061175
06	0061176
06	0061177
06	0061178
06	0061179
06	0061180
06	0061181
06	0061182
06	0061183
06	0061184
06	0061185
06	0061186
06	0061187
06	0061188
06	0061189
06	0061190
06	0061191
06	0061192
06	0061193
06	0061194
06	0061195
06	0061196
06	0061197
06	0061198
06	0061199
06	0061200
06	0061201
06	0061202
06	0061203
06	0061204
06	0061205
06	0061206
06	0061207
06	0061208
06	0061209
06	0061210
06	0061211
06	0061212
06	0061213
06	0061214
06	0061215
06	0061216
06	0061217
06	0061218
06	0061219
06	0061220
06	0061221
06	0061222
06	0061223
06	0061224
06	0061225
06	0061226
06	0061227
06	0061228
06	0061229
06	0061230
06	0061231
06	0061232
06	0061233
06	0061234
06	0061235
06	0061236
06	0061237
06	0061238
06	0061239
06	0061240
06	0061241
06	0061242
06	0061243
06	0061244
06	0061245
06	0061246
06	0061247
06	0061248
06	0061249
06	0061250
06	0061251
06	0061252
06	0061253
06	0061254
06	0061255
06	0061256
06	0061257
06	0061258
06	0061259
06	0061260
06	0061261
06	0061262
06	0061263
06	0061264
06	0061265
06	0061266
06	0061267
06	0061268
06	0061269
06	0061270
06	0061271
06	0061272
06	0061273
06	0061274
06	0061275
06	0061276
06	0061277
06	0061278
06	0061279
06	0061280
06	0061281
06	0061282
06	0061283
06	0061284
06	0061285
06	0061286
06	0061287
06	0061288
06	0061289
06	0061290
06	0061291
06	0061292
06	0061293
06	0061294
06	0061295
06	0061296
06	0061297
06	0061298
06	0061299
06	0061300
06	0061301
06	0061302
06	0061303
06	0061304
06	0061305
06	0061306
06	0061307
06	0061308
06	0061309
06	0061310
06	0061311
06	0061312
06	0061313
06	0061314
06	0061315
06	0061316
06	0061317
06	0061318
06	0061319
06	0061320
06	0061321
06	0061322
06	0061323
06	0061324
06	0061325
06	0061326
06	0061327
06	0061328
06	0061329
06	0061330
06	0061331
06	0061332
06	0061333
06	0061334
06	0061335
06	0061336
06	0061337
06	0061338
06	0061339
06	0061340
06	0061341
06	0061342
06	0061343
06	0061344
06	0061345
06	0061346
06	0061347
06	0061348
06	0061349
06	0061350
06	0061351
06	0061352
06	0061353
06	0061354
06	0061355
06	0061356
06	0061357
06	0061358
06	0061359
06	0061360
06	0061361
06	0061362
06	0061363
06	0061364
06	0061365
06	0061366
06	0061367
06	0061368
06	0061369
06	0061370
06	0061371
06	0061372
06	0061373
06	0061374
06	0061375
06	0061376
06	0061377
06	0061378
06	0061379
06	0061380
06	0061381
06	0061382
06	0061383
06	0061384
06	0061385
06	0061386
06	0061387
06	0061388
06	0061389
06	0061390
06	0061391
06	0061392
06	0061393
06	0061394
06	0061395
06	0061396
06	0061397
06	0061398
06	0061399
06	0061400
06	0061401
06	0061402
06	0061403
06	0061404
06	0061405
06	0061406
06	0061407
06	0061408
06	0061409
06	0061410
06	0061411
06	0061412
06	0061413
06	0061414
06	0061415
06	0061416
06	0061417
06	0061418
06	0061419
06	0061420
06	0061421
06	0061422
06	0061423
06	0061424
06	0061425
06	0061426
06	0061427
06	0061428
06	0061429
06	0061430
06	0061431
06	0061432
06	0061433
06	0061434
06	0061435
06	0061436
06	0061437
06	0061438
06	0061439
06	0061440
06	0061441
06	0061442
06	0061443
06	0061444
06	0061445
06	0061446
06	0061447
06	0061448
06	0061449
06	0061450
06	0061451
06	0061452
06	0061453
06	0061454
06	0061455
06	0061456
06	0061457
06	0061458
06	0061459
06	0061460
06	0061461
06	0061462
06	0061463
06	0061464
06	0061465
06	0061466
06	0061467
06	0061468
06	0061469
06	0061470
06	0061471
06	0061472
06	0061473
06	0061474
06	0061475
06	0061476
06	0061477
06	0061478
06	0061479
06	0061480
06	0061481
06	0061482
06	0061483
06	0061484
06	0061485
06	0061486
06	0061487
06	0061488
06	0061489
06	0061490
06	0061491
06	0061492
06	0061493
06	0061494
06	0061495
06	0061496
06	0061497
06	0061498
06	0061499
06	0061500
06	0061501
06	0061502
06	0061503
06	0061504
06	0061505
06	0061506
06	0061507
06	0061508
06	0061509
06	0061510
06	0061511
06	0061512
06	0061513
06	0061514
06	0061515
06	0061516
06	0061517
06	0061518
06	0061519
06	0061520
06	0061521
06	0061522
06	0061523
06	0061524
06	0061525
06	0061526
06	0061527
06	0061528
06	0061529
06	0061530
06	0061531
06	0061532
06	0061533
06	0061534
06	0061535
06	0061536
06	0061537
06	0061538
06	0061539
06	0061540
06	0061541
06	0061542
06	0061543
06	0061544
06	0061545
06	0061546
06	0061547
06	0061548
06	0061549
06	0061550
06	0061551
06	0061552
06	0061553
06	0061554
06	0061555
06	0061556
06	0061557
06	0061558
06	0061559
06	0061560
06	0061561
06	0061562
06	0061563
06	0061564
06	0061565
06	0061566
06	0061567
06	0061568
06	0061569
06	0061570
06	0061571
06	0061572
06	0061573
06	0061574
06	0061575
06	0061576
06	0061577
06	0061578
06	0061579
06	0061580
06	0061581
06	0061582
06	0061583
06	0061584
06	0061585
06	0061586
06	0061587
06	0061588
06	0061589
06	0061590
06	0061591
06	0061592
06	0061593
06	0061594
06	0061595
06	0061596
06	0061597
06	0061598
06	0061599
06	0061600
06	0061601
06	0061602
06	0061603
06	0061604
06	0061605
06	0061606
06	0061607
06	0061608
06	0061609
06	0061610
06	0061611
06	0061612
06	0061613
06	0061614
06	0061615
06	0061616
06	0061617
06	0061618
06	0061619
06	0061620
06	0061621
06	0061622
06	0061623
06	0061624
06	0061625
06	0061626
06	0061627
06	0061628
06	0061629
06	0061630
06	0061631
06	0061632
06	0061633
06	0061634
06	0061635
06	0061636
06	0061637
06	0061638
06	0061639
06	0061640
06	0061641
06	0061642
06	0061643
06	0061644
06	0061645
06	0061646
06	0061647
06	0061648
06	0061649
06	0061650
06	0061651
06	0061652
06	0061653
06	0061654
06	0061655
06	0061656
06	0061657
06	0061658
06	0061659
06	0061660
06	0061661
06	0061662
06	0061663
06	0061664
06	0061665
06	0061666
06	0061667
06	0061668
06	0061669
06	0061670
06	0061671
06	0061672
06	0061673
06	0061674
06	0061675
06	0061676
06	0061677
06	0061678
06	0061679
06	0061680
06	0061681
06	0061682
06	0061683
06	0061684
06	0061685
06	0061686
06	0061687
06	0061688
06	0061689
06	0061690
06	0061691
06	0061692
06	0061693
06	0061694
06	0061695
06	0061696
06	0061697
06	0061698
06	0061699
06	0061700
06	0061701
06	0061702
06	0061703
06	0061704
06	0061705
06	0061706
06	0061707
06	0061708
06	0061709
06	0061710
06	0061711
06	0061712
06	0061713
06	0061714
06	0061715
06	0061716
06	0061717
06	0061718
06	0061719
06	0061720
06	0061721
06	0061722
06	0061723
06	0061724
06	0061725
06	0061726
06	0061727
06	0061728
06	0061729
06	0061730
06	0061731
06	0061732
06	0061733
06	0061734
06	0061735
06	0061736
06	0061737
06	0061738
06	0061739
06	0061740
06	0061741
06	0061742
06	0061743
06	0061744
06	0061745
06	0061746
06	0061747
06	0061748
06	0061749
06	0061750
06	0061751
06	0061752
06	0061753
06	0061754
06	0061755
06	0061756
06	0061757
06	0061758
06	0061759
06	0061760
06	0061761
06	0061762
06	0061763
06	0061764
06	0061765
06	0061766
06	0061767
06	0061768
06	0061769
06	0061770
06	0061771
06	0061772
06	0061773
06	0061774
06	0061775
06	0061776
06	0061777
06	0061778
06	0061779
06	0061780
06	0061781
06	0061782
06	0061783
06	0061784
06	0061785
06	0061786
06	0061787
06	0061788
06	0061789
06	0061790
06	0061791
06	0061792
06	0061793
06	0061794
06	0061795
06	0061796
06	0061797
06	0061798
06	0061799
06	0061800
06	0061801
06	0061802
06	0061803
06	0061804
06	0061805
06	0061806
06	0061807
06	0061808
06	0061809
06	0061810
06	0061811
06	0061812
06	0061813
06	0061814
06	0061815
06	0061816
06	0061817
06	0061818
06	0061819
06	0061820
06	0061821
06	0061822
06	0061823
06	0061824
06	0061825
06	0061826
06	0061827
06	0061828
06	0061829
06	0061830
06	0061831
06	0061832
06	0061833
06	0061834
06	0061835
06	0061836
06	0061837
06	0061838
06	0061839
06	0061840
06	0061841
06	0061842
06	0061843
06	0061844
06	0061845
06	0061846
06	0061847
06	0061848
06	0061849
06	0061850
06	0061851
06	0061852
06	0061853
06	0061854
06	0061855
06	0061856
06	0061857
06	0061858
06	0061859
06	0061860
06	0061861
06	0061862
06	0061863
06	0061864
06	0061865
06	0061866
06	0061867
06	0061868
06	0061869
06	0061870
06	0061871
06	0061872
06	0061873
06	0061874
06	0061875
06	0061876
06	0061877
06	0061878
06	0061879
06	0061880
06	0061881
06	0061882
06	0061883
06	0061884
06	0061885
06	0061886
06	0061887
06	0061888
06	0061889
06	0061890
06	0061891
06	0061892
06	0061893
06	0061894
06	0061895
06	0061896
06	0061897
06	0061898
06	0061899
06	0061900
06	0061901
06	0061902
06	0061903
06	0061904
06	0061905
06	0061906
06	0061907
06	0061908
06	0061909
06	0061910
06	0061911
06	0061912
06	0061913
06	0061914
06	0061915
06	0061916
06	0061917
06	0061918
06	0061919
06	0061920
06	0061921
06	0061922
06	0061923
06	0061924
06	0061925
06	0061926
06	0061927
06	0061928
06	0061929
06	0061930
06	0061931
06	0061932
06	0061933
06	0061934
06	0061935
06	0061936
06	0061937
06	0061938
06	0061939
06	0061940
06	0061941
06	0061942
06	0061943
06	0061944
06	0061945
06	0061946
06	0061947
06	0061948
06	0061949
06	0061950
06	0061951
06	0061952
06	0061953
06	0061954
06	0061955
06	0061956
06	0061957
06	0061958
06	0061959
06	0061960
06	0061961
06	0061962
06	0061963
06	0061964
06	0061965
06	0061966
06	0061967
06	0061968
06	0061969
06	0061970
06	0061971
06	0061972
06	0061973
06	0061974
06	0061975
06	0061976
06	0061977
06	0061978
06	0061979
06	0061980
06	0061981
06	0061982
06	0061983
06	0061984
06	0061985
06	0061986
06	0061987
06	0061988
06	0061989
06	0061990
06	0061991
06	0061992
06	0061993
06	0061994
06	0061995
06	0061996
06	0061997
06	0061998
06	0061999
06	0062000
06	0062001
06	0062002
06	0062003
06	0062004
06	0062005
06	0062006
06	0062007
06	0062008
06	0062009
06	0062010
06	0062011
06	0062012
06	0062013
06	0062014
06	0062015
06	0062016
06	0062017
06	0062018
06	0062019
06	0062020
06	0062021
06	0062022
06	0062023
06	0062024
06	0062025
06	0062026
06	0062027
06	0062028
06	0062029
06	0062030
06	0062031
06	0062032
06	0062033
06	0062034
06	0062035
06	0062036
06	0062037
06	0062038
06	0062039
06	0062040
06	0062041
06	0062042
06	0062043
06	0062044
06	0062045
06	0062046
06	0062047
06	0062048
06	0062049
06	0062050
06	0062051
06	0062052
06	0062053
06	0062054
06	0062055
06	0062056
06	0062057
06	0062058
06	0062059
06	0062060
06	0062061
06	0062062
06	0062063
06	0062064
06	0062065
06	0062066
06	0062067
06	0062068
06	0062069
06	0062070
06	0062071
06	0062072
06	0062073
06	0062074
06	0062075
06	0062076
06	0062077
06	0062078
06	0062079
06	0062080
06	0062081
06	0062082
06	0062083
06	0062084
06	0062085
06	0062086
06	0062087
06	0062088
06	0062089
06	0062090
06	0062091
06	0062092
06	0062093
06	0062094
06	0062095
06	0062096
06	0062097
06	0062098
06	0062099
06	0062100
06	0062101
06	0062102
06	0062103
06	0062104
06	0062105
06	0062106
06	0062107
06	0062108
06	0062109
06	0062110
06	0062111
06	0062112
06	0062113
06	0062114
06	0062115
06	0062116
06	0062117
06	0062118
06	0062119
06	0062120
06	0062121
06	0062122
06	0062123
06	0062124
06	0062125
06	0062126
06	0062127
06	0062128
06	0062129
06	0062130
06	0062131
06	0062132
06	0062133
06	0062134
06	0062135
06	0062136
06	0062137
06	0062138
06	0062139
06	0062140
06	0062141
06	0062142
06	0062143
06	0062144
06	0062145
06	0062146
06	0062147
06	0062148
06	0062149
06	0062150
06	0062151
06	0062152
06	0062153
06	0062154
06	0062155
06	0062156
06	0062157
06	0062158
06	0062159
06	0062160
06	0062161
06	0062162
06	0062163
06	0062164
06	0062165
06	0062166
06	0062167
06	0062168
06	0062169
06	0062170
06	0062171
06	0062172
06	0062173
06	0062174
06	0062175
06	0062176
06	0062177
06	0062178
06	0062179
06	0062180
06	0062181
06	0062182
06	0062183
06	0062184
06	0062185
06	0062186
06	0062187
06	0062188
06	0062189
06	0062190
06	0062191
06	0062192
06	0062193
06	0062194
06	0062195
06	0062196
06	0062197
06	0062198
06	0062199
06	0062200
06	0062201
06	0062202
06	0062203
06	0062204
06	0062205
06	0062206
06	0062207
06	0062208
06	0062209
06	0062210
06	0062211
06	0062212
06	0062213
06	0062214
06	0062215
06	0062216
06	0062217
06	0062218
06	0062219
06	0062220
06	0062221
06	0062222
06	0062223
06	0062224
06	0062225
06	0062226
06	0062227
06	0062228
06	0062229
06	0062230
06	0062231
06	0062232
06	0062233
06	0062234
06	0062235
06	0062236
06	0062237
06	0062238
06	0062239
06	0062240
06	0062241
06	0062242
06	0062243
06	0062244
06	0062245
06	0062246
06	0062247
06	0062248
06	0062249
06	0062250
06	0062251
06	0062252
06	0062253
06	0062254
06	0062255
06	0062256
06	0062257
06	0062258
06	0062259
06	0062260
06	0062261
06	0062262
06	0062263
06	0062264
06	0062265
06	0062266
06	0062267
06	0062268
06	0062269
06	0062270
06	0062271
06	0062272
06	0062273
06	0062274
06	0062275
06	0062276
06	0062277
06	0062278
06	0062279
06	0062280
06	0062281
06	0062282
06	0062283
06	0062284
06	0062285
06	0062286
06	0062287
06	0062288
06	0062289
06	0062290
06	0062291
06	0062292
06	0062293
06	0062294
06	0062295
06	0062296
06	0062297
06	0062298
06	0062299
06	0062300
06	0062301
06	0062302
06	0062303
06	0062304
06	0062305
06	0062306
06	0062307
06	0062308
06	0062309
06	0062310
06	0062311
06	0062312
06	0062313
06	0062314
06	0062315
06	0062316
06	0062317
06	0062318
06	0062319
06	0062320
06	0062321
06	0062322
06	0062323
06	0062324
06	0062325
06	0062326
06	0062327
06	0062328
06	0062329
06	0062330
06	0062331
06	0062332
06	0062333
06	0062334
06	0062335
06	0062336
06	0062337
06	0062338
06	0062339
06	0062340
06	0062341
06	0062342
06	0062343
06	0062344
06	0062345
06	0062346
06	0062347
06	0062348
06	0062349
06	0062350
06	0062351
06	0062352
06	0062353
06	0062354
06	0062355
06	0062356
06	0062357
06	0062358
06	0062359
06	0062360
06	0062361
06	0062362
06	0062363
06	0062364
06	0062365
06	0062366
06	0062367
06	0062368
06	0062369
06	0062370
06	0062371
06	0062372
06	0062373
06	0062374
06	0062375
06	0062376
06	0062377
06	0062378
06	0062379
06	0062380
06	0062381
06	0062382
06	0062383
06	0062384
06	0062385
06	0062386
06	0062387
06	0062388
06	0062389
06	0062390
06	0062391
06	0062392
06	0062393
06	0062394
06	0062395
06	0062396
06	0062397
06	0062398
06	0062399
06	0062400
06	0062401
06	0062402
06	0062403
06	0062404
06	0062405
06	0062406
06	0062407
06	0062408
06	0062409
06	0062410
06	0062411
06	0062412
06	0062413
06	0062414
06	0062415
06	0062416
06	0062417
06	0062418
06	0062419
06	0062420
06	0062421
06	0062422
06	0062423
06	0062424
06	0062425
06	0062426
06	0062427
06	0062428
06	0062429
06	0062430
06	0062431
06	0062432
06	0062433
06	0062434
06	0062435
06	0062436
06	0062437
06	0062438
06	0062439
06	0062440
06	0062441
06	0062442
06	0062443
06	0062444
06	0062445
06	0062446
06	0062447
06	0062448
06	0062449
06	0062450
06	0062451
06	0062452
06	0062453
06	0062454
06	0062455
06	0062456
06	0062457
06	0062458
06	0062459
06	0062460
06	0062461
06	0062462
06	0062463
06	0062464
06	0062465
06	0062466
06	0062467
06	0062468
06	0062469
06	0062470
06	0062471
06	0062472
06	0062473
06	0062474
06	0062475
06	0062476
06	0062477
06	0062478
06	0062479
06	0062480
06	0062481
06	0062482
06	0062483
06	0062484
06	0062485
06	0062486
06	0062487
06	0062488
06	0062489
06	0062490
06	0062491
06	0062492
06	0062493
06	0062494
06	0062495
06	0062496
06	0062497
06	0062498
06	0062499
06	0062500
06	0062501
06	0062502
06	0062503
06	0062504
06	0062505
06	0062506
06	0062507
06	0062508
06	0062509
06	0062510
06	0062511
06	0062512
06	0062513
06	0062514
06	0062515
06	0062516
06	0062517
06	0062518
06	0062519
06	0062520
06	0062521
06	0062522
06	0062523
06	0062524
06	0062525
06	0062526
06	0062527
06	0062528
06	0062529
06	0062530
06	0062531
06	0062532
06	0062533
06	0062534
06	0062535
06	0062536
06	0062537
06	0062538
06	0062539
06	0062540
06	0062541
06	0062542
06	0062543
06	0062544
06	0062545
06	0062546
06	0062547
06	0062548
06	0062549
06	0062550
06	0062551
06	0062552
06	0062553
06	0062554
06	0062555
06	0062556
06	0062557
06	0062558
06	0062559
06	0062560
06	0062561
06	0062562
06	0062563
06	0062564
06	0062565
06	0062566
06	0062567
06	0062568
06	0062569
06	0062570
06	0062571
06	0062572
06	0062573
06	0062574
06	0062575
06	0062576
06	0062577
06	0062578
06	0062579
06	0062580
06	0062581
06	0062582
06	0062583
06	0062584
06	0062585
06	0062586
06	0062587
06	0062588
06	0062589
06	0062590
06	0062591
06	0062592
06	0062593
06	0062594
06	0062595
06	0062596
06	0062597
06	0062598
06	0062599
06	0062600
06	0062601
06	0062602
06	0062603
06	0062604
06	0062605
06	0062606
06	0062607
06	0062608
06	0062609
06	0062610
06	0062611
06	0062612
06	0062613
06	0062614
06	0062615
06	0062616
06	0062617
06	0062618
06	0062619
06	0062620
06	0062621
06	0062622
06	0062623
06	0062624
06	0062625
06	0062626
06	0062627
06	0062628
06	0062629
06	0062630
06	0062631
06	0062632
06	0062633
06	0062634
06	0062635
06	0062636
06	0062637
06	0062638
06	0062639
06	0062640
06	0062641
06	0062642
06	0062643
06	0062644
06	0062645
06	0062646
06	0062647
06	0062648
06	0062649
06	0062650
06	0062651
06	0062652
06	0062653
06	0062654
06	0062655
06	0062656
06	0062657
06	0062658
06	0062659
06	0062660
06	0062661
06	0062662
06	0062663
06	0062664
06	0062665
06	0062666
06	0062667
06	0062668
06	0062669
06	0062670
06	0062671
06	0062672
06	0062673
06	0062674
06	0062675
06	0062676
06	0062677
06	0062678
06	0062679
06	0062680
06	0062681
06	0062682
06	0062683
06	0062684
06	0062685
06	0062686
06	0062687
06	0062688
06	0062689
06	0062690
06	0062691
06	0062692
06	0062693
06	0062694
06	0062695
06	0062696
06	0062697
06	0062698
06	0062699
06	0062700
06	0062701
06	0062702
06	0062703
06	0062704
06	0062705
06	0062706
06	0062707
06	0062708
06	0062709
06	0062710
06	0062711
06	0062712
06	0062713
06	0062714
06	0062715
06	0062716
06	0062717
06	0062718
06	0062719
06	0062720
06	0062721
06	0062722
06	0062723
06	0062724
06	0062725
06	0062726
06	0062727
06	0062728
06	0062729
06	0062730
06	0062731
06	0062732
06	0062733
06	0062734
06	0062735
06	0062736
06	0062737
06	0062738
06	0062739
06	0062740
06	0062741
06	0062742
06	0062743
06	0062744
06	0062745
06	0062747
06	0062748
06	0062749
06	0062750
06	0062751
06	0062752
06	0062753
06	0062754
06	0062755
06	0062756
06	0062757
06	0062758
06	0062759
06	0062760
06	0062761
06	0062762
06	0062763
06	0062764
06	0062765
06	0062766
06	0062767
06	0062768
06	0062769
06	0062770
06	0062771
06	0062772
06	0062773
06	0062774
06	0062775
06	0062776
06	0062777
06	0062778
06	0062779
06	0062780
06	0062781
06	0062782
06	0062783
06	0062784
06	0062785
06	0062786
06	0062787
06	0062788
06	0062789
06	0062790
06	0062791
06	0062792
06	0062793
06	0062794
06	0062795
06	0062796
06	0062797
06	0062798
06	0062799
06	0062800
06	0062801
06	0062802
06	0062803
06	0062804
06	0062805
06	0062806
06	0062807
06	0062808
06	0062809
06	0062810
06	0062811
06	0062812
06	0062813
06	0062814
06	0062815
06	0062816
06	0062817
06	0062818
06	0062819
06	0062820
06	0062821
06	0062822
06	0062823
06	0062824
06	0062825
06	0062826
06	0062827
06	0062828
06	0062829
06	0062830
06	0062831
06	0062832
06	0062833
06	0062834
06	0062835
06	0062836
06	0062837
06	0062838
06	0062839
06	0062840
06	0062841
06	0062842
06	0062843
06	0062844
06	0062845
06	0062846
06	0062847
06	0062848
06	0062849
06	0062850
06	0062851
06	0062852
06	0062853
06	0062854
06	0062855
06	0062856
06	0062857
06	0062858
06	0062859
06	0062860
06	0062861
06	0062862
06	0062863
06	0062864
06	0062865
06	0062866
06	0062867
06	0062868
06	0062869
06	0062870
06	0062871
06	0062872
06	0062873
06	0062874
06	0062875
06	0062876
06	0062877
06	0062878
06	0062879
06	0062880
06	0062881
06	0062882
06	0062883
06	0062884
06	0062885
06	0062886
06	0062887
06	0062888
06	0062889
06	0062890
06	0062891
06	0062892
06	0062893
06	0062894
06	0062895
06	0062896
06	0062897
06	0062898
06	0062899
06	0062900
06	0062901
06	0062902
06	0062903
06	0062904
06	0062905
06	0062906
06	0062907
06	0062908
06	0062909
06	0062910
06	0062911
06	0062912
06	0062913
06	0062914
06	0062915
06	0062916
06	0062917
06	0062918
06	0062919
06	0062920
06	0062921
06	0062922
06	0062923
06	0062924
06	0062925
06	0062926
06	0062927
06	0062928
06	0062929
06	0062930
06	0062931
06	0062932
06	0062933
06	0062934
06	0062935
06	0062936
06	0062937
06	0062938
06	0062939
06	0062940
06	0062941
06	0062942
06	0062943
06	0062944
06	0062945
06	0062946
06	0062947
06	0062948
06	0062949
06	0062950
06	0062951
06	0062952
06	0062953
06	0062954
06	0062955
06	0062956
06	0062957
06	0062958
06	0062959
06	0062960
06	0062961
06	0062962
06	0062963
06	0062964
06	0062965
06	0062966
06	0062967
06	0062968
06	0062969
06	0062970
06	0062971
06	0062973
06	0062974
06	0062975
06	0062976
06	0062977
06	0062978
06	0062979
06	0062980
06	0062981
06	0062982
06	0062983
06	0062984
06	0062985
06	0062986
06	0062987
06	0062988
06	0062989
06	0062990
06	0062991
06	0062992
06	0062993
06	0062994
06	0062995
06	0062996
06	0062997
06	0062998
06	0062999
06	0063000
06	0063001
06	0063002
06	0063003
06	0063004
06	0063005
06	0063006
06	0063007
06	0063008
06	0063009
06	0063010
06	0063011
06	0063012
06	0063014
06	0063015
06	0063016
06	0063017
06	0063018
06	0063019
06	0063020
06	0063021
06	0063022
06	0063023
06	0063024
06	0063025
06	0063026
06	0063027
06	0063028
06	0063029
06	0063030
06	0063031
06	0063032
06	0063033
06	0063034
06	0063035
06	0063036
06	0063037
06	0063038
06	0063039
06	0063040
06	0063041
06	0063042
06	0063043
06	0063044
06	0063045
06	0063046
06	0063047
06	0063048
06	0063049
06	0063050
06	0063051
06	0063052
06	0063053
06	0063054
06	0063055
06	0063056
06	0063057
06	0063058
06	0063059
06	0063060
06	0063061
06	0063062
06	0063063
06	0063064
06	0063065
06	0063066
06	0063067
06	0063068
06	0063069
06	0063070
06	0063071
06	0063072
06	0063073
06	0063074
06	0063075
06	0063076
06	0063077
06	0063078
06	0063079
06	0063080
06	0063081
06	0063082
06	0063083
06	0063084
06	0063085
06	0063086
06	0063087
06	0063088
06	0063089
06	0063090
06	0063091
06	0063092
06	0063093
06	0063094
06	0063095
06	0063096
06	0063097
06	0063098
06	0063099
06	0063100
06	0063101
06	0063102
06	0063103
06	0063104
06	0063105
06	0063106
06	0063107
06	0063108
06	0063109
06	0063110
06	0063111
06	0063112
06	0063113
06	0063114
06	0063115
06	0063116
06	0063117
06	0063118
06	0063119
06	0063120
06	0063121
06	0063122
06	0063123
06	0063124
06	0063125
06	0063126
06	0063127
06	0063128
06	0063129
06	0063130
06	0063131
06	0063132
06	0063133
06	0063134
06	0063135
06	0063136
06	0063137
06	0063138
06	0063139
06	0063140
06	0063141
06	0063142
06	0063143
06	0063144
06	0063145
06	0063146
06	0063147
06	0063148
06	0063149
06	0063150
06	0063151
06	0063152
06	0063153
06	0063154
06	0063155
06	0063156
06	0063157
06	0063158
06	0063159
06	0063160
06	0063161
06	0063162
06	0063163
06	0063164
06	0063165
06	0063166
06	0063167
06	0063168
06	0063169
06	0063170
06	0063171
06	0063172
06	0063173
06	0063174
06	0063175
06	0063176
06	0063177
06	0063178
06	0063179
06	0063180
06	0063181
06	0063182
06	0063183
06	0063184
06	0063185
06	0063186
06	0063187
06	0063188
06	0063189
06	0063190
06	0063191
06	0063192
06	0063193
06	0063194
06	0063195
06	0063196
06	0063197
06	0063198
06	0063199
06	0063200
06	0063201
06	0063202
06	0063203
06	0063204
06	0063205
06	0063206
06	0063207
06	0063208
06	0063209
06	0063210
06	0063211
06	0063212
06	0063213
06	0063214
06	0063215
06	0063216
06	0063217
06	0063218
06	0063219
06	0063220
06	0063221
06	0063222
06	0063223
06	0063224
06	0063225
06	0063226
06	0063227
06	0063228
06	0063229
06	0063230
06	0063231
06	0063232
06	0063233
06	0063234
06	0063235
06	0063236
06	0063237
06	0063238
06	0063239
06	0063240
06	0063241
06	0063242
06	0063243
06	0063244
06	0063245
06	0063246
06	0063247
06	0063248
06	0063249
06	0063250
06	0063251
06	0063252
06	0063253
06	0063254
06	0063255
06	0063256
06	0063257
06	0063258
06	0063259
06	0063260
06	0063261
06	0063262
06	0063263
06	0063264
06	0063265
06	0063266
06	0063267
06	0063268
06	0063269
06	0063270
06	0063271
06	0063272
06	0063273
06	0063274
06	0063275
06	0063276
06	0063277
06	0063278
06	0063279
06	0063280
06	0063281
06	0063282
06	0063283
06	0063284
06	0063285
06	0063286
06	0063287
06	0063288
06	0063289
06	0063290
06	0063291
06	0063292
06	0063293
06	0063294
06	0063295
06	0063296
06	0063297
06	0063298
06	0063299
06	0063300
06	0063301
06	0063302
06	0063303
06	0063304
06	0063305
06	0063306
06	0063307
06	0063308
06	0063309
06	0063310
06	0063311
06	0063312
06	0063313
06	0063314
06	0063315
06	0063316
06	0063317
06	0063318
06	0063319
06	0063320
06	0063321
06	0063322
06	0063323
06	0063324
06	0063325
06	0063326
06	0063327
06	0063328
06	0063329
06	0063330
06	0063331
06	0063332
06	0063333
06	0063334
06	0063335
06	0063336
06	0063337
06	0063338
06	0063339
06	0063340
06	0063341
06	0063342
06	0063343
06	0063344
06	0063345
06	0063346
06	0063347
06	0063348
06	0063349
06	0063350
06	0063351
06	0063352
06	0063353
06	0063354
06	0063355
06	0063356
06	0063357
06	0063358
06	0063359
06	0063360
06	0063361
06	0063362
06	0063363
06	0063364
06	0063365
06	0063366
06	0063367
06	0063368
06	0063369
06	0063370
06	0063371
06	0063372
06	0063373
06	0063374
06	0063375
06	0063376
06	0063377
06	0063378
06	0063379
06	0063380
06	0063381
06	0063382
06	0063383
06	0063384
06	0063385
06	0063386
06	0063387
06	0063388
06	0063389
06	0063390
06	0063391
06	0063392
06	0063393
06	0063394
06	0063395
06	0063396
06	0063397
06	0063398
06	0063399
06	0063400
06	0063401
06	0063402
06	0063403
06	0063404
06	0063405
06	0063406
06	0063407
06	0063408
06	0063409
06	0063410
06	0063411
06	0063412
06	0063413
06	0063414
06	0063415
06	0063416
06	0063417
06	0063418
06	0063419
06	0063420
06	0063421
06	0063422
06	0063423
06	0063424
06	0063425
06	0063426
06	0063427
06	0063428
06	0063429
06	0063430
06	0063431
06	0063432
06	0063433
06	0063434
06	0063435
06	0063436
06	0063437
06	0063438
06	0063439
06	0063440
06	0063441
06	0063442
06	0063443
06	0063444
06	0063445
06	0063446
06	0063447
06	0063448
06	0063449
06	0063450
06	0063451
06	0063452
06	0063453
06	0063454
06	0063455
06	0063456
06	0063457
06	0063458
06	0063459
06	0063460
06	0063461
06	0063462
06	0063463
06	0063464
06	0063465
06	0063466
06	0063467
06	0063468
06	0063469
06	0063470
06	0063471
06	0063472
06	0063473
06	0063474
06	0063475
06	0063476
06	0063477
06	0063478
06	0063479
06	0063480
06	0063481
06	0063482
06	0063483
06	0063484
06	0063485
06	0063486
06	0063487
06	0063488
06	0063489
06	0063490
06	0063491
06	0063492
06	0063493
06	0063494
06	0063495
06	0063496
06	0063497
06	0063498
06	0063499
06	0063500
06	0063501
06	0063502
06	0063503
06	0063504
06	0063505
06	0063506
06	0063507
06	0063508
06	0063509
06	0063510
06	0063511
06	0063512
06	0063513
06	0063514
06	0063515
06	0063516
06	0063517
06	0063518
06	0063519
06	0063520
06	0063521
06	0063522
06	0063523
06	0063524
06	0063525
06	0063526
06	0063527
06	0063528
06	0063529
06	0063530
06	0063531
06	0063532
06	0063533
06	0063534
06	0063535
06	0063536
06	0063537
06	0063538
06	0063539
06	0063540
06	0063541
06	0063542
06	0063543
06	0063544
06	0063545
06	0063546
06	0063547
06	0063548
06	0063549
06	0063550
06	0063551
06	0063552
06	0063553
06	0063554
06	0063555
06	0063556
06	0063557
06	0063558
06	0063559
06	0063560
06	0063561
06	0063562
06	0063563
06	0063564
06	0063565
06	0063566
06	0063567
06	0063568
06	0063569
06	0063570
06	0063571
06	0063572
06	0063573
06	0063574
06	0063575
06	0063576
06	0063577
06	0063578
06	0063579
06	0063580
06	0063581
06	0063582
06	0063583
06	0063584
06	0063585
06	0063586
06	0063587
06	0063588
06	0063589
06	0063590
06	0063591
06	0063592
06	0063593
06	0063594
06	0063595
06	0063596
06	0063597
06	0063598
06	0063599
06	0063600
06	0063601
06	0063602
06	0063603
06	0063604
06	0063605
06	0063606
06	0063607
06	0063608
06	0063609
06	0063610
06	0063611
06	0063612
06	0063613
06	0063614
06	0063615
06	0063616
06	0063617
06	0063618
06	0063619
06	0063620
06	0063621
06	0063622
06	0063623
06	0063624
06	0063625
06	0063626
06	0063627
06	0063628
06	0063629
06	0063630
06	0063631
06	0063632
06	0063633
06	0063634
06	0063635
06	0063636
06	0063637
06	0063638
06	0063639
06	0063640
06	0063641
06	0063642
06	0063643
06	0063644
06	0063645
06	0063646
06	0063647
06	0063648
06	0063649
06	0063650
06	0063651
06	0063652
06	0063653
06	0063654
06	0063655
06	0063656
06	0063657
06	0063658
06	0063659
06	0063660
06	0063661
06	0063662
06	0063663
06	0063664
06	0063665
06	0063666
06	0063667
06	0063668
06	0063669
06	0063670
06	0063671
06	0063672
06	0063673
06	0063674
06	0063675
06	0063676
06	0063677
06	0063678
06	0063679
06	0063680
06	0063681
06	0063682
06	0063683
06	0063684
06	0063685
06	0063686
06	0063687
06	0063688
06	0063689
06	0063690
06	0063691
06	0063692
06	0063693
06	0063694
06	0063695
06	0063696
06	0063697
06	0063698
06	0063699
06	0063700
06	0063701
06	0063702
06	0063703
06	0063704
06	0063705
06	0063706
06	0063707
06	0063708
06	0063709
06	0063710
06	0063711
06	0063712
06	0063713
06	0063714
06	0063715
06	0063716
06	0063717
06	0063718
06	0063719
06	0063720
06	0063721
06	0063722
06	0063723
06	0063724
06	0063725
06	0063726
06	0063727
06	0063728
06	0063729
06	0063730
06	0063731
06	0063732
06	0063733
06	0063734
06	0063735
06	0063736
06	0063737
06	0063738
06	0063739
06	0063740
06	0063741
06	0063742
06	0063743
06	0063744
06	0063745
06	0063746
06	0063747
06	0063748
06	0063749
06	0063750
06	0063751
06	0063752
06	0063753
06	0063754
06	0063755
06	0063756
06	0063757
06	0063758
06	0063759
06	0063760
06	0063761
06	0063762
06	0063763
06	0063764
06	0063765
06	0063766
06	0063767
06	0063768
06	0063769
06	0063770
06	0063771
06	0063772
06	0063773
06	0063774
06	0063775
06	0063776
06	0063777
06	0063778
06	0063779
06	0063780
06	0063781
06	0063782
06	0063783
06	0063784
06	0063785
06	0063786
06	0063787
06	0063788
06	0063789
06	0063790
06	0063791
06	0063792
06	0063793
06	0063794
06	0063795
06	0063796
06	0063797
06	0063798
06	0063799
06	0063800
06	0063801
06	0063802
06	0063803
06	0063804
06	0063805
06	0063806
06	0063807
06	0063808
06	0063809
06	0063810
06	0063811
06	0063812
06	0063813
06	0063814
06	0063815
06	0063816
06	0063817
06	0063818
06	0063819
06	0063820
06	0063821
06	0063822
06	0063823
06	0063824
06	0063825
06	0063826
06	0063827
06	0063828
06	0063829
06	0063830
06	0063831
06	0063832
06	0063833
06	0063834
06	0063835
06	0063836
06	0063837
06	0063838
06	0063839
06	0063840
06	0063841
06	0063842
06	0063843
06	0063844
06	0063845
06	0063846
06	0063847
06	0063848
06	0063849
06	0063850
06	0063851
06	0063852
06	0063853
06	0063854
06	0063855
06	0063856
06	0063857
06	0063858
06	0063859
06	0063860
06	0063861
06	0063862
06	0063863
06	0063864
06	0063865
06	0063866
06	0063867
06	0063868
06	0063869
06	0063870
06	0063871
06	0063872
06	0063873
06	0063874
06	0063875
06	0063876
06	0063877
06	0063878
06	0063879
06	0063880
06	0063881
06	0063882
06	0063883
06	0063884
06	0063885
06	0063886
06	0063887
06	0063888
06	0063889
06	0063890
06	0063891
06	0063892
06	0063893
06	0063894
06	0063895
06	0063896
06	0063897
06	0063898
06	0063899
06	0063900
06	0063901
06	0063902
06	0063903
06	0063904
06	0063905
06	0063906
06	0063907
06	0063908
06	0063909
06	0063910
06	0063911
06	0063912
06	0063913
06	0063914
06	0063915
06	0063916
06	0063917
06	0063918
06	0063919
06	0063920
06	0063921
06	0063922
06	0063923
06	0063924
06	0063925
06	0063926
06	0063927
06	0063928
06	0063929
06	0063930
06	0063931
06	0063932
06	0063933
06	0063934
06	0063935
06	0063936
06	0063937
06	0063938
06	0063939
06	0063940
06	0063941
06	0063942
06	0063943
06	0063944
06	0063945
06	0063946
06	0063947
06	0063948
06	0063949
06	0063950
06	0063951
06	0063952
06	0063953
06	0063954
06	0063955
06	0063956
06	0063957
06	0063958
06	0063959
06	0063960
06	0063961
06	0063962
06	0063963
06	0063964
06	0063965
06	0063966
06	0063967
06	0063968
06	0063969
06	0063970
06	0063971
06	0063972
06	0063973
06	0063974
06	0063975
06	0063976
06	0063977
06	0063978
06	0063979
06	0063980
06	0063981
06	0063982
06	0063983
06	0063984
06	0063985
06	0063986
06	0063987
06	0063988
06	0063989
06	0063990
06	0063991
06	0063992
06	0063993
06	0063994
06	0063995
06	0063996
06	0063997
06	0063998
06	0063999
06	0064000
06	0064001
06	0064002
06	0064003
06	0064004
06	0064005
06	0064006
06	0064007
06	0064008
06	0064009
06	0064010
06	0064011
06	0064012
06	0064013
06	0064014
06	0064015
06	0064016
06	0064017
06	0064018
06	0064019
06	0064020
06	0064021
06	0064022
06	0064023
06	0064024
06	0064025
06	0064026
06	0064027
06	0064028
06	0064029
06	0064030
06	0064031
06	0064032
06	0064033
06	0064034
06	0064035
06	0064036
06	0064037
06	0064038
06	0064039
06	0064040
06	0064041
06	0064042
06	0064043
06	0064044
06	0064045
06	0064046
06	0064047
06	0064048
06	0064049
06	0064050
06	0064051
06	0064052
06	0064053
06	0064054
06	0064055
06	0064056
06	0064057
06	0064058
06	0064059
06	0064060
06	0064061
06	0064062
06	0064063
06	0064064
06	0064065
06	0064066
06	0064067
06	0064068
06	0064069
06	0064070
06	0064071
06	0064072
06	0064073
06	0064074
06	0064075
06	0064076
06	0064077
06	0064078
06	0064079
06	0064080
06	0064081
06	0064082
06	0064083
06	0064084
06	0064085
06	0064086
06	0064087
06	0064088
06	0064089
06	0064090
06	0064091
06	0064092
06	0064093
06	0064094
06	0064095
06	0064096
06	0064097
06	0064098
06	0064099
06	0064100
06	0064101
06	0064102
06	0064103
06	0064104
06	0064105
06	0064106
06	0064107
06	0064108
06	0064109
06	0064110
06	0064111
06	0064112
06	0064113
06	0064114
06	0064115
06	0064116
06	0064117
06	0064118
06	0064119
06	0064120
06	0064121
06	0064122
06	0064123
06	0064124
06	0064125
06	0064126
06	0064127
06	0064128
06	0064129
06	0064130
06	0064131
06	0064132
06	0064133
06	0064134
06	0064135
06	0064136
06	0064137
06	0064138
06	0064139
06	0064140
06	0064141
06	0064142
06	0064143
06	0064144
06	0064145
06	0064146
06	0064147
06	0064148
06	0064149
06	0064150
06	0064151
06	0064152
06	0064153
06	0064154
06	0064155
06	0064156
06	0064157
06	0064158
06	0064159
06	0064160
06	0064161
06	0064162
06	0064163
06	0064164
06	0064165
06	0064166
06	0064167
06	0064168
06	0064169
06	0064170
06	0064171
06	0064172
06	0064173
06	0064174
06	0064175
06	0064176
06	0064177
06	0064178
06	0064179
06	0064180
06	0064181
06	0064182
06	0064183
06	0064184
06	0064185
06	0064186
06	0064187
06	0064188
06	0064189
06	0064190
06	0064191
06	0064192
06	0064193
06	0064194
06	0064195
06	0064196
06	0064197
06	0064198
06	0064199
06	0064200
06	0064201
06	0064202
06	0064203
06	0064204
06	0064205
06	0064206
06	0064207
06	0064208
06	0064209
06	0064210
06	0064211
06	0064212
06	0064213
06	0064214
06	0064215
06	0064216
06	0064217
06	0064218
06	0064219
06	0064220
06	0064221
06	0064222
06	0064223
06	0064224
06	0064225
06	0064226
06	0064227
06	0064228
06	0064229
06	0064230
06	0064231
06	0064232
06	0064233
06	0064234
06	0064235
06	0064236
06	0064237
06	0064238
06	0064239
06	0064240
06	0064241
06	0064242
06	0064243
06	0064244
06	0064245
06	0064246
06	0064247
06	0064248
06	0064249
06	0064250
06	0064251
06	0064252
06	0064253
06	0064254
06	0064255
06	0064256
06	0064257
06	0064258
06	0064259
06	0064260
06	0064261
06	0064262
06	0064263
06	0064264
06	0064265
06	0064266
06	0064267
06	0064268
06	0064269
06	0064270
06	0064271
06	0064272
06	0064273
06	0064274
06	0064275
06	0064276
06	0064277
06	0064278
06	0064279
06	0064280
06	0064281
06	0064282
06	0064283
06	0064284
06	0064285
06	0064286
06	0064287
06	0064288
06	0064289
06	0064290
06	0064291
06	0064292
06	0064293
06	0064294
06	0064295
06	0064296
06	0064297
06	0064298
06	0064299
06	0064300
06	0064301
06	0064302
06	0064303
06	0064304
06	0064305
06	0064306
06	0064307
06	0064308
06	0064309
06	0064310
06	0064311
06	0064312
06	0064313
06	0064314
06	0064315
06	0064316
06	0064317
06	0064318
06	0064319
06	0064320
06	0064321
06	0064322
06	0064323
06	0064324
06	0064325
06	0064326
06	0064327
06	0064328
06	0064329
06	0064330
06	0064331
06	0064332
06	0064333
06	0064334
06	0064335
06	0064336
06	0064337
06	0064338
06	0064339
06	0064340
06	0064341
06	0064342
06	0064343
06	0064344
06	0064345
06	0064346
06	0064347
06	0064348
06	0064349
06	0064350
06	0064351
06	0064352
06	0064353
06	0064354
06	0064355
06	0064356
06	0064357
06	0064358
06	0064359
06	0064360
06	0064361
06	0064362
06	0064363
06	0064364
06	0064365
06	0064366
06	0064367
06	0064368
06	0064369
06	0064370
06	0064371
06	0064372
06	0064373
06	0064374
06	0064375
06	0064376
06	0064377
06	0064378
06	0064379
06	0064380
06	0064381
06	0064382
06	0064383
06	0064384
06	0064385
06	0064386
06	0064387
06	0064388
06	0064389
06	0064390
06	0064391
06	0064392
06	0064393
06	0064394
06	0064395
06	0064396
06	0064397
06	0064398
06	0064399
06	0064400
06	0064401
06	0064402
06	0064403
06	0064404
06	0064405
06	0064406
06	0064407
06	0064408
06	0064409
06	0064410
06	0064411
06	0064412
06	0064413
06	0064414
06	0064415
06	0064416
06	0064417
06	0064418
06	0064419
06	0064420
06	0064421
06	0064422
06	0064423
06	0064424
06	0064425
06	0064426
06	0064427
06	0064428
06	0064429
06	0064430
06	0064431
06	0064432
06	0064433
06	0064434
06	0064435
06	0064436
06	0064437
06	0064438
06	0064439
06	0064440
06	0064441
06	0064442
06	0064443
06	0064444
06	0064445
06	0064446
06	0064447
06	0064448
06	0064449
06	0064450
06	0064451
06	0064452
06	0064453
06	0064454
06	0064455
06	0064456
06	0064457
06	0064458
06	0064459
06	0064460
06	0064461
06	0064462
06	0064463
06	0064464
06	0064465
06	0064466
06	0064467
06	0064468
06	0064469
06	0064470
06	0064471
06	0064472
06	0064473
06	0064474
06	0064475
06	0064476
06	0064477
06	0064478
06	0064479
06	0064480
06	0064481
06	0064482
06	0064483
06	0064484
06	0064485
06	0064486
06	0064487
06	0064488
06	0064489
06	0064490
06	0064491
06	0064492
06	0064493
06	0064494
06	0064495
06	0064496
06	0064497
06	0064498
06	0064499
06	0064500
06	0064501
06	0064502
06	0064503
06	0064504
06	0064505
06	0064506
06	0064507
06	0064508
06	0064509
06	0064510
06	0064511
06	0064512
06	0064513
06	0064514
06	0064515
06	0064516
06	0064517
06	0064518
06	0064519
06	0064520
06	0064521
06	0064522
06	0064523
06	0064524
06	0064525
06	0064526
06	0064527
06	0064528
06	0064529
06	0064530
06	0064531
06	0064532
06	0064533
06	0064534
06	0064535
06	0064536
06	0064537
06	0064538
06	0064539
06	0064540
06	0064541
06	0064542
06	0064543
06	0064544
06	0064545
06	0064546
06	0064547
06	0064548
06	0064549
06	0064550
06	0064551
06	0064552
06	0064553
06	0064554
06	0064555
06	0064556
06	0064557
06	0064558
06	0064559
06	0064560
06	0064561
06	0064562
06	0064563
06	0064564
06	0064565
06	0064566
06	0064567
06	0064568
06	0064569
06	0064570
06	0064571
06	0064572
06	0064573
06	0064574
06	0064575
06	0064576
06	0064577
06	0064578
06	0064579
06	0064580
06	0064581
06	0064582
06	0064583
06	0064584
06	0064585
06	0064586
06	0064587
06	0064588
06	0064589
06	0064590
06	0064591
06	0064592
06	0064593
06	0064594
06	0064595
06	0064596
06	0064597
06	0064598
06	0064599
06	0064600
06	0064601
06	0064602
06	0064603
06	0064604
06	0064605
06	0064606
06	0064607
06	0064608
06	0064609
06	0064610
06	0064611
06	0064612
06	0064613
06	0064614
06	0064615
06	0064616
06	0064617
06	0064618
06	0064619
06	0064620
06	0064621
06	0064622
06	0064623
06	0064624
06	0064625
06	0064626
06	0064627
06	0064628
06	0064629
06	0064630
06	0064631
06	0064632
06	0064633
06	0064634
06	0064635
06	0064636
06	0064637
06	0064638
06	0064639
06	0064640
06	0064641
06	0064642
06	0064643
06	0064644
06	0064645
06	0064646
06	0064647
06	0064648
06	0064649
06	0064650
06	0064651
06	0064652
06	0064653
06	0064654
06	0064655
06	0064656
06	0064657
06	0064658
06	0064659
06	0064660
06	0064661
06	0064662
06	0064663
06	0064664
06	0064665
06	0064666
06	0064667
06	0064668
06	0064669
06	0064670
06	0064671
06	0064672
06	0064673
06	0064674
06	0064675
06	0064676
06	0064677
06	0064678
06	0064679
06	0064680
06	0064681
06	0064682
06	0064683
06	0064684
06	0064685
06	0064686
06	0064687
06	0064688
06	0064689
06	0064690
06	0064691
06	0064692
06	0064693
06	0064694
06	0064695
06	0064696
06	0064697
06	0064698
06	0064699
06	0064700
06	0064701
06	0064702
06	0064703
06	0064704
06	0064705
06	0064706
06	0064707
06	0064708
06	0064709
06	0064710
06	0064711
06	0064712
06	0064713
06	0064714
06	0064715
06	0064716
06	0064717
06	0064718
06	0064719
06	0064720
06	0064721
06	0064722
06	0064723
06	0064724
06	0064725
06	0064726
06	0064727
06	0064728
06	0064729
06	0064730
06	0064731
06	0064732
06	0064733
06	0064734
06	0064735
06	0064736
06	0064737
06	0064738
06	0064739
06	0064740
06	0064741
06	0064742
06	0064743
06	0064744
06	0064745
06	0064746
06	0064747
06	0064748
06	0064749
06	0064750
06	0064751
06	0064752
06	0064753
06	0064754
06	0064755
06	0064756
06	0064757
06	0064758
06	0064759
06	0064760
06	0064761
06	0064762
06	0064763
06	0064764
06	0064765
06	0064766
06	0064767
06	0064768
06	0064769
06	0064770
06	0064771
06	0064772
06	0064773
06	0064774
06	0064775
06	0064776
06	0064777
06	0064778
06	0064779
06	0064780
06	0064781
06	0064782
06	0064783
06	0064784
06	0064785
06	0064786
06	0064787
06	0064788
06	0064789
06	0064790
06	0064791
06	0064792
06	0064793
06	0064794
06	0064795
06	0064796
06	0064797
06	0064798
06	0064799
06	0064800
06	0064801
06	0064802
06	0064803
06	0064804
06	0064805
06	0064806
06	0064807
06	0064808
06	0064809
06	0064810
06	0064811
06	0064812
06	0064813
06	0064814
06	0064815
06	0064816
06	0064817
06	0064818
06	0064819
06	0064820
06	0064821
06	0064822
06	0064823
06	0064824
06	0064825
06	0064826
06	0064827
06	0064828
06	0064829
06	0064830
06	0064831
06	0064832
06	0064833
06	0064834
06	0064835
06	0064836
06	0064837
06	0064838
06	0064839
06	0064840
06	0064841
06	0064842
06	0064843
06	0064844
06	0064845
06	0064846
06	0064847
06	0064848
06	0064849
06	0064850
06	0064851
06	0064852
06	0064853
06	0064854
06	0064855
06	0064856
06	0064857
06	0064858
06	0064859
06	0064860
06	0064861
06	0064862
06	0064863
06	0064864
06	0064865
06	0064866
06	0064867
06	0064868
06	0064869
06	0064870
06	0064871
06	0064872
06	0064873
06	0064874
06	0064875
06	0064876
06	0064877
06	0064878
06	0064879
06	0064880
06	0064881
06	0064882
06	0064883
06	0064884
06	0064885
06	0064886
06	0064887
06	0064888
06	0064889
06	0064890
06	0064891
06	0064892
06	0064893
06	0064894
06	0064895
06	0064896
06	0064897
06	0064898
06	0064899
06	0064900
06	0064901
06	0064902
06	0064903
06	0064904
06	0064905
06	0064906
06	0064907
06	0064908
06	0064909
06	0064910
06	0064911
06	0064912
06	0064913
06	0064914
06	0064915
06	0064916
06	0064917
06	0064918
06	0064919
06	0064920
06	0064921
06	0064922
06	0064923
06	0064924
06	0064925
06	0064926
06	0064927
06	0064928
06	0064929
06	0064930
06	0064931
06	0064932
06	0064933
06	0064934
06	0064935
06	0064936
06	0064937
06	0064938
06	0064939
06	0064940
06	0064941
06	0064942
06	0064943
06	0064944
06	0064945
06	0064946
06	0064947
06	0064948
06	0064949
06	0064950
06	0064951
06	0064952
06	0064953
06	0064954
06	0064955
06	0064956
06	0064957
06	0064958
06	0064959
06	0064960
06	0064961
06	0064962
06	0064963
06	0064964
06	0064965
06	0064966
06	0064967
06	0064968
06	0064969
06	0064970
06	0064971
06	0064972
06	0064973
06	0064974
06	0064975
06	0064976
06	0064977
06	0064978
06	0064979
06	0064980
06	0064981
06	0064982
06	0064983
06	0064984
06	0064985
06	0064986
06	0064987
06	0064988
06	0064989
06	0064990
06	0064991
06	0064992
06	0064993
06	0064994
06	0064995
06	0064996
06	0064997
06	0064998
06	0064999
06	0065000
06	0065001
06	0065002
06	0065003
06	0065004
06	0065005
06	0065006
06	0065007
06	0065008
06	0065009
06	0065010
06	0065011
06	0065012
06	0065013
06	0065014
06	0065015
06	0065016
06	0065017
06	0065018
06	0065019
06	0065020
06	0065021
06	0065022
06	0065023
06	0065024
06	0065025
06	0065026
06	0065027
06	0065028
06	0065029
06	0065030
06	0065031
06	0065032
06	0065033
06	0065034
06	0065035
06	0065036
06	0065037
06	0065038
06	0065039
06	0065040
06	0065041
06	0065042
06	0065043
06	0065044
06	0065045
06	0065046
06	0065047
06	0065048
06	0065049
06	0065050
06	0065051
06	0065052
06	0065053
06	0065054
06	0065055
06	0065056
06	0065057
06	0065058
06	0065059
06	0065060
06	0065061
06	0065062
06	0065063
06	0065064
06	0065065
06	0065066
06	0065067
06	0065068
06	0065069
06	0065070
06	0065071
06	0065072
06	0065073
06	0065074
06	0065075
06	0065076
06	0065077
06	0065078
06	0065079
06	0065080
06	0065081
06	0065082
06	0065083
06	0065084
06	0065085
06	0065086
06	0065087
06	0065088
06	0065090
06	0065091
06	0065092
06	0065093
06	0065094
06	0065095
06	0065096
06	0065097
06	0065098
06	0065099
06	0065100
06	0065101
06	0065102
06	0065103
06	0065104
06	0065105
06	0065106
06	0065107
06	0065108
06	0065109
06	0065110
06	0065111
06	0065112
06	0065113
06	0065114
06	0065115
06	0065116
06	0065117
06	0065118
06	0065119
06	0065120
06	0065121
06	0065122
06	0065123
06	0065124
06	0065125
06	0065126
06	0065127
06	0065128
06	0065129
06	0065130
06	0065131
06	0065132
06	0065133
06	0065134
06	0065135
06	0065136
06	0065137
06	0065138
06	0065139
06	0065140
06	0065141
06	0065142
06	0065143
06	0065144
06	0065145
06	0065146
06	0065147
06	0065148
06	0065149
06	0065150
06	0065151
06	0065152
06	0065153
06	0065154
06	0065155
06	0065156
06	0065157
06	0065158
06	0065159
06	0065160
06	0065161
06	0065162
06	0065163
06	0065164
06	0065165
06	0065166
06	0065167
06	0065168
06	0065169
06	0065170
06	0065171
06	0065172
06	0065173
06	0065174
06	0065175
06	0065176
06	0065177
06	0065178
06	0065179
06	0065180
06	0065181
06	0065182
06	0065183
06	0065184
06	0065185
06	0065186
06	0065187
06	0065188
06	0065189
06	0065190
06	0065191
06	0065192
06	0065193
06	0065194
06	0065195
06	0065196
06	0065197
06	0065198
06	0065199
06	0065200
06	0065201
06	0065202
06	0065203
06	0065204
06	0065205
06	0065206
06	0065207
06	0065208
06	0065209
06	0065210
06	0065211
06	0065212
06	0065213
06	0065214
06	0065215
06	0065216
06	0065217
06	0065218
06	0065219
06	0065220
06	0065221
06	0065222
06	0065223
06	0065224
06	0065225
06	0065226
06	0065227
06	0065228
06	0065229
06	0065230
06	0065231
06	0065232
06	0065233
06	0065234
06	0065235
06	0065236
06	0065237
06	0065238
06	0065239
06	0065240
06	0065241
06	0065242
06	0065243
06	0065244
06	0065245
06	0065246
06	0065247
06	0065248
06	0065249
06	0065250
06	0065251
06	0065252
06	0065253
06	0065254
06	0065256
06	0065257
06	0065258
06	0065259
06	0065260
06	0065261
06	0065262
06	0065263
06	0065264
06	0065265
06	0065266
06	0065267
06	0065268
06	0065269
06	0065270
06	0065271
06	0065272
06	0065273
06	0065274
06	0065275
06	0065276
06	0065277
06	0065278
06	0065279
06	0065280
06	0065281
06	0065282
06	0065283
06	0065284
06	0065285
06	0065286
06	0065287
06	0065288
06	0065289
06	0065290
06	0065291
06	0065292
06	0065293
06	0065294
06	0065295
06	0065296
06	0065297
06	0065298
06	0065299
06	0065300
06	0065301
06	0065302
06	0065303
06	0065304
06	0065305
06	0065306
06	0065307
06	0065308
06	0065309
06	0065310
06	0065311
06	0065312
06	0065313
06	0065314
06	0065315
06	0065316
06	0065317
06	0065318
06	0065319
06	0065320
06	0065321
06	0065322
06	0065323
06	0065324
06	0065325
06	0065326
06	0065327
06	0065328
06	0065329
06	0065330
06	0065331
06	0065332
06	0065333
06	0065334
06	0065335
06	0065336
06	0065337
06	0065338
06	0065339
06	0065340
06	0065341
06	0065342
06	0065343
06	0065344
06	0065345
06	0065346
06	0065347
06	0065348
06	0065349
06	0065350
06	0065351
06	0065352
06	0065353
06	0065354
06	0065355
06	0065356
06	0065357
06	0065358
06	0065359
06	0065360
06	0065361
06	0065362
06	0065363
06	0065364
06	0065365
06	0065366
06	0065367
06	0065368
06	0065369
06	0065370
06	0065371
06	0065372
06	0065373
06	0065374
06	0065375
06	0065376
06	0065377
06	0065378
06	0065379
06	0065380
06	0065381
06	0065382
06	0065383
06	0065384
06	0065385
06	0065386
06	0065387
06	0065388
06	0065389
06	0065390
06	0065391
06	0065392
06	0065393
06	0065394
06	0065395
06	0065396
06	0065397
06	0065398
06	0065399
06	0065400
06	0065401
06	0065402
06	0065403
06	0065404
06	0065405
06	0065406
06	0065407
06	0065408
06	0065409
06	0065410
06	0065411
06	0065412
06	0065413
06	0065414
06	0065415
06	0065416
06	0065417
06	0065418
06	0065419
06	0065420
06	0065421
06	0065422
06	0065423
06	0065424
06	0065425
06	0065426
06	0065427
06	0065428
06	0065429
06	0065430
06	0065431
06	0065432
06	0065433
06	0065434
06	0065435
06	0065436
06	0065437
06	0065438
06	0065439
06	0065440
06	0065441
06	0065442
06	0065443
06	0065444
06	0065445
06	0065446
06	0065447
06	0065448
06	0065449
06	0065450
06	0065451
06	0065452
06	0065453
06	0065454
06	0065455
06	0065456
06	0065457
06	0065458
06	0065459
06	0065460
06	0065461
06	0065462
06	0065463
06	0065464
06	0065465
06	0065466
06	0065467
06	0065468
06	0065469
06	0065470
06	0065471
06	0065472
06	0065473
06	0065474
06	0065475
06	0065476
06	0065477
06	0065478
06	0065479
06	0065480
06	0065481
06	0065482
06	0065483
06	0065484
06	0065485
06	0065486
06	0065487
06	0065488
06	0065489
06	0065490
06	0065491
06	0065492
06	0065493
06	0065494
06	0065495
06	0065496
06	0065497
06	0065498
06	0065499
06	0065500
06	0065501
06	0065502
06	0065503
06	0065504
06	0065505
06	0065506
06	0065507
06	0065508
06	0065509
06	0065510
06	0065511
06	0065512
06	0065513
06	0065514
06	0065515
06	0065516
06	0065517
06	0065518
06	0065519
06	0065520
06	0065521
06	0065522
06	0065523
06	0065524
06	0065525
06	0065526
06	0065527
06	0065528
06	0065529
06	0065530
06	0065531
06	0065532
06	0065533
06	0065534
06	0065535
06	0065536
06	0065537
06	0065538
06	0065539
06	0065540
06	0065541
06	0065542
06	0065543
06	0065544
06	0065545
06	0065546
06	0065547
06	0065548
06	0065549
06	0065550
06	0065551
06	0065552
06	0065553
06	0065554
06	0065555
06	0065556
06	0065557
06	0065558
06	0065559
06	0065560
06	0065561
06	0065562
06	0065563
06	0065564
06	0065565
06	0065566
06	0065567
06	0065568
06	0065569
06	0065570
06	0065571
06	0065572
06	0065573
06	0065574
06	0065575
06	0065576
06	0065577
06	0065578
06	0065579
06	0065580
06	0065581
06	0065582
06	0065583
06	0065584
06	0065585
06	0065586
06	0065587
06	0065588
06	0065589
06	0065590
06	0065591
06	0065592
06	0065593
06	0065594
06	0065595
06	0065596
06	0065597
06	0065598
06	0065599
06	0065600
06	0065601
06	0065602
06	0065603
06	0065604
06	0065605
06	0065606
06	0065607
06	0065608
06	0065609
06	0065610
06	0065611
06	0065612
06	0065613
06	0065614
06	0065615
06	0065616
06	0065617
06	0065618
06	0065619
06	0065620
06	0065621
06	0065622
06	0065623
06	0065624
06	0065625
06	0065626
06	0065627
06	0065628
06	0065629
06	0065630
06	0065631
06	0065632
06	0065633
06	0065634
06	0065635
06	0065636
06	0065637
06	0065638
06	0065639
06	0065640
06	0065641
06	0065642
06	0065643
06	0065644
06	0065645
06	0065646
06	0065647
06	0065648
06	0065649
06	0065650
06	0065651
06	0065652
06	0065653
06	0065654
06	0065655
06	0065656
06	0065657
06	0065658
06	0065659
06	0065660
06	0065661
06	0065662
06	0065663
06	0065664
06	0065665
06	0065666
06	0065667
06	0065668
06	0065669
06	0065670
06	0065671
06	0065672
06	0065673
06	0065674
06	0065675
06	0065676
06	0065677
06	0065679
06	0065680
06	0065681
06	0065682
06	0065683
06	0065684
06	0065685
06	0065686
06	0065687
06	0065688
06	0065689
06	0065690
06	0065691
06	0065692
06	0065693
06	0065694
06	0065695
06	0065696
06	0065697
06	0065698
06	0065699
06	0065700
06	0065701
06	0065702
06	0065703
06	0065704
06	0065705
06	0065706
06	0065707
06	0065708
06	0065709
06	0065710
06	0065711
06	0065712
06	0065713
06	0065714
06	0065715
06	0065716
06	0065717
06	0065718
06	0065719
06	0065720
06	0065721
06	0065722
06	0065723
06	0065724
06	0065725
06	0065726
06	0065727
06	0065728
06	0065729
06	0065730
06	0065731
06	0065732
06	0065733
06	0065734
06	0065735
06	0065736
06	0065737
06	0065738
06	0065739
06	0065740
06	0065741
06	0065742
06	0065743
06	0065744
06	0065745
06	0065746
06	0065747
06	0065748
06	0065749
06	0065750
06	0065751
06	0065752
06	0065753
06	0065754
06	0065755
06	0065756
06	0065757
06	0065758
06	0065759
06	0065760
06	0065761
06	0065762
06	0065763
06	0065764
06	0065765
06	0065766
06	0065767
06	0065768
06	0065769
06	0065770
06	0065771
06	0065772
06	0065773
06	0065774
06	0065775
06	0065776
06	0065777
06	0065778
06	0065779
06	0065780
06	0065781
06	0065782
06	0065783
06	0065784
06	0065785
06	0065786
06	0065787
06	0065788
06	0065789
06	0065790
06	0065791
06	0065792
06	0065793
06	0065794
06	0065795
06	0065796
06	0065797
06	0065798
06	0065799
06	0065800
06	0065801
06	0065802
06	0065803
06	0065804
06	0065805
06	0065806
06	0065807
06	0065808
06	0065809
06	0065810
06	0065811
06	0065812
06	0065813
06	0065814
06	0065815
06	0065816
06	0065817
06	0065818
06	0065819
06	0065820
06	0065821
06	0065822
06	0065823
06	0065824
06	0065825
06	0065826
06	0065827
06	0065828
06	0065829
06	0065830
06	0065831
06	0065832
06	0065833
06	0065834
06	0065835
06	0065836
06	0065837
06	0065838
06	0065839
06	0065840
06	0065841
06	0065842
06	0065843
06	0065844
06	0065845
06	0065846
06	0065847
06	0065848
06	0065849
06	0065850
06	0065851
06	0065852
06	0065853
06	0065854
06	0065855
06	0065856
06	0065857
06	0065858
06	0065859
06	0065860
06	0065861
06	0065862
06	0065863
06	0065864
06	0065865
06	0065866
06	0065867
06	0065868
06	0065869
06	0065870
06	0065871
06	0065872
06	0065873
06	0065874
06	0065875
06	0065876
06	0065877
06	0065878
06	0065879
06	0065880
06	0065881
06	0065882
06	0065883
06	0065884
06	0065885
06	0065886
06	0065887
06	0065888
06	0065889
06	0065890
06	0065891
06	0065892
06	0065893
06	0065894
06	0065895
06	0065896
06	0065897
06	0065898
06	0065899
06	0065900
06	0065901
06	0065902
06	0065903
06	0065904
06	0065905
06	0065906
06	0065907
06	0065908
06	0065909
06	0065910
06	0065911
06	0065912
06	0065913
06	0065914
06	0065915
06	0065916
06	0065917
06	0065918
06	0065919
06	0065920
06	0065921
06	0065922
06	0065923
06	0065924
06	0065925
06	0065926
06	0065927
06	0065928
06	0065929
06	0065930
06	0065931
06	0065932
06	0065933
06	0065934
06	0065935
06	0065936
06	0065937
06	0065938
06	0065939
06	0065940
06	0065941
06	0065942
06	0065943
06	0065944
06	0065945
06	0065946
06	0065947
06	0065948
06	0065949
06	0065950
06	0065951
06	0065952
06	0065953
06	0065954
06	0065955
06	0065956
06	0065957
06	0065958
06	0065959
06	0065960
06	0065961
06	0065962
06	0065963
06	0065964
06	0065965
06	0065966
06	0065967
06	0065968
06	0065969
06	0065970
06	0065971
06	0065972
06	0065973
06	0065974
06	0065975
06	0065976
06	0065977
06	0065978
06	0065979
06	0065980
06	0065981
06	0065982
06	0065983
06	0065984
06	0065985
06	0065986
06	0065987
06	0065988
06	0065989
06	0065990
06	0065991
06	0065992
06	0065993
06	0065994
06	0065995
06	0065996
06	0065997
06	0065998
06	0065999
06	0066000
06	0066001
06	0066002
06	0066003
06	0066004
06	0066005
06	0066006
06	0066007
06	0066008
06	0066009
06	0066010
06	0066011
06	0066012
06	0066013
06	0066014
06	0066015
06	0066016
06	0066017
06	0066018
06	0066019
06	0066020
06	0066021
06	0066022
06	0066023
06	0066024
06	0066025
06	0066026
06	0066027
06	0066028
06	0066029
06	0066030
06	0066031
06	0066032
06	0066033
06	0066034
06	0066035
06	0066036
06	0066037
06	0066038
06	0066039
06	0066040
06	0066041
06	0066042
06	0066043
06	0066044
06	0066045
06	0066046
06	0066047
06	0066048
06	0066049
06	0066050
06	0066051
06	0066052
06	0066053
06	0066054
06	0066055
06	0066056
06	0066057
06	0066058
06	0066059
06	0066060
06	0066061
06	0066062
06	0066063
06	0066064
06	0066065
06	0066066
06	0066067
06	0066068
06	0066069
06	0066070
06	0066071
06	0066072
06	0066073
06	0066074
06	0066075
06	0066076
06	0066077
06	0066078
06	0066079
06	0066080
06	0066081
06	0066082
06	0066083
06	0066084
06	0066085
06	0066086
06	0066087
06	0066088
06	0066089
06	0066090
06	0066091
06	0066092
06	0066093
06	0066094
06	0066095
06	0066096
06	0066097
06	0066098
06	0066099
06	0066100
06	0066101
06	0066102
06	0066103
06	0066104
06	0066105
06	0066106
06	0066107
06	0066108
06	0066109
06	0066110
06	0066111
06	0066112
06	0066113
06	0066114
06	0066115
06	0066116
06	0066117
06	0066118
06	0066119
06	0066120
06	0066121
06	0066122
06	0066123
06	0066124
06	0066125
06	0066126
06	0066127
06	0066128
06	0066129
06	0066130
06	0066131
06	0066132
06	0066133
06	0066134
06	0066135
06	0066136
06	0066137
06	0066138
06	0066139
06	0066140
06	0066141
06	0066142
06	0066143
06	0066144
06	0066145
06	0066146
06	0066147
06	0066148
06	0066149
06	0066150
06	0066151
06	0066152
06	0066153
06	0066154
06	0066155
06	0066156
06	0066157
06	0066158
06	0066159
06	0066160
06	0066161
06	0066162
06	0066163
06	0066164
06	0066165
06	0066166
06	0066167
06	0066168
06	0066169
06	0066170
06	0066171
06	0066172
06	0066173
06	0066174
06	0066175
06	0066176
06	0066177
06	0066178
06	0066179
06	0066180
06	0066181
06	0066182
06	0066183
06	0066184
06	0066185
06	0066186
06	0066187
06	0066188
06	0066189
06	0066190
06	0066191
06	0066192
06	0066193
06	0066194
06	0066195
06	0066196
06	0066197
06	0066198
06	0066199
06	0066200
06	0066201
06	0066202
06	0066203
06	0066204
06	0066205
06	0066206
06	0066207
06	0066208
06	0066209
06	0066210
06	0066211
06	0066212
06	0066213
06	0066214
06	0066215
06	0066216
06	0066217
06	0066218
06	0066219
06	0066220
06	0066221
06	0066222
06	0066223
06	0066224
06	0066225
06	0066226
06	0066227
06	0066228
06	0066229
06	0066230
06	0066231
06	0066232
06	0066233
06	0066234
06	0066235
06	0066236
06	0066237
06	0066238
06	0066239
06	0066240
06	0066241
06	0066242
06	0066243
06	0066244
06	0066245
06	0066246
06	0066247
06	0066248
06	0066249
06	0066250
06	0066251
06	0066252
06	0066253
06	0066254
06	0066255
06	0066256
06	0066257
06	0066258
06	0066259
06	0066260
06	0066261
06	0066262
06	0066263
06	0066264
06	0066265
06	0066266
06	0066267
06	0066268
06	0066269
06	0066270
06	0066271
06	0066272
06	0066273
06	0066274
06	0066275
06	0066276
06	0066277
06	0066278
06	0066279
06	0066280
06	0066281
06	0066282
06	0066283
06	0066284
06	0066285
06	0066286
06	0066287
06	0066288
06	0066289
06	0066290
06	0066291
06	0066292
06	0066293
06	0066294
06	0066295
06	0066296
06	0066297
06	0066298
06	0066299
06	0066300
06	0066301
06	0066302
06	0066303
06	0066304
06	0066305
06	0066306
06	0066307
06	0066308
06	0066309
06	0066310
06	0066311
06	0066312
06	0066313
06	0066314
06	0066315
06	0066316
06	0066317
06	0066318
06	0066319
06	0066320
06	0066321
06	0066322
06	0066323
06	0066324
06	0066325
06	0066326
06	0066327
06	0066328
06	0066329
06	0066330
06	0066331
06	0066332
06	0066333
06	0066334
06	0066335
06	0066336
06	0066337
06	0066338
06	0066339
06	0066340
06	0066341
06	0066342
06	0066343
06	0066344
06	0066345
06	0066346
06	0066347
06	0066348
06	0066349
06	0066350
06	0066351
06	0066352
06	0066353
06	0066354
06	0066355
06	0066356
06	0066357
06	0066358
06	0066359
06	0066360
06	0066361
06	0066362
06	0066363
06	0066364
06	0066365
06	0066366
06	0066367
06	0066368
06	0066369
06	0066370
06	0066371
06	0066372
06	0066373
06	0066374
06	0066375
06	0066376
06	0066377
06	0066378
06	0066379
06	0066380
06	0066381
06	0066382
06	0066383
06	0066384
06	0066385
06	0066386
06	0066387
06	0066388
06	0066389
06	0066390
06	0066391
06	0066392
06	0066393
06	0066394
06	0066395
06	0066396
06	0066397
06	0066398
06	0066399
06	0066400
06	0066401
06	0066402
06	0066403
06	0066404
06	0066405
06	0066406
06	0066407
06	0066408
06	0066409
06	0066410
06	0066411
06	0066412
06	0066413
06	0066414
06	0066415
06	0066416
06	0066417
06	0066418
06	0066419
06	0066420
06	0066421
06	0066422
06	0066423
06	0066424
06	0066425
06	0066426
06	0066427
06	0066428
06	0066429
06	0066430
06	0066431
06	0066432
06	0066433
06	0066434
06	0066435
06	0066436
06	0066437
06	0066438
06	0066439
06	0066440
06	0066441
06	0066442
06	0066443
06	0066444
06	0066445
06	0066446
06	0066447
06	0066448
06	0066449
06	0066450
06	0066451
06	0066452
06	0066453
06	0066454
06	0066455
06	0066456
06	0066457
06	0066458
06	0066459
06	0066460
06	0066461
06	0066462
06	0066463
06	0066464
06	0066465
06	0066466
06	0066467
06	0066468
06	0066469
06	0066470
06	0066471
06	0066472
06	0066473
06	0066474
06	0066475
06	0066476
06	0066477
06	0066478
06	0066479
06	0066480
06	0066481
06	0066482
06	0066483
06	0066484
06	0066485
06	0066486
06	0066487
06	0066488
06	0066489
06	0066490
06	0066491
06	0066492
06	0066493
06	0066494
06	0066495
06	0066496
06	0066497
06	0066498
06	0066499
06	0066500
06	0066501
06	0066502
06	0066503
06	0066504
06	0066505
06	0066506
06	0066507
06	0066508
06	0066509
06	0066510
06	0066511
06	0066512
06	0066513
06	0066514
06	0066515
06	0066516
06	0066517
06	0066518
06	0066519
06	0066520
06	0066521
06	0066522
06	0066523
06	0066524
06	0066525
06	0066526
06	0066527
06	0066528
06	0066529
06	0066530
06	0066531
06	0066532
06	0066533
06	0066534
06	0066535
06	0066536
06	0066537
06	0066538
06	0066539
06	0066540
06	0066541
06	0066542
06	0066543
06	0066544
06	0066545
06	0066546
06	0066547
06	0066548
06	0066549
06	0066550
06	0066551
06	0066552
06	0066553
06	0066554
06	0066555
06	0066556
06	0066557
06	0066558
06	0066559
06	0066560
06	0066561
06	0066562
06	0066563
06	0066564
06	0066565
06	0066566
06	0066567
06	0066568
06	0066569
06	0066570
06	0066571
06	0066572
06	0066573
06	0066574
06	0066575
06	0066576
06	0066577
06	0066578
06	0066579
06	0066580
06	0066581
06	0066582
06	0066583
06	0066584
06	0066585
06	0066586
06	0066587
06	0066588
06	0066589
06	0066590
06	0066591
06	0066592
06	0066593
06	0066594
06	0066595
06	0066596
06	0066597
06	0066598
06	0066599
06	0066600
06	0066601
06	0066602
06	0066603
06	0066604
06	0066605
06	0066606
06	0066607
06	0066608
06	0066609
06	0066610
06	0066611
06	0066612
06	0066613
06	0066614
06	0066615
06	0066616
06	0066617
06	0066618
06	0066619
06	0066620
06	0066621
06	0066622
06	0066623
06	0066624
06	0066625
06	0066626
06	0066627
06	0066628
06	0066629
06	0066630
06	0066631
06	0066632
06	0066633
06	0066634
06	0066635
06	0066636
06	0066637
06	0066638
06	0066639
06	0066640
06	0066641
06	0066642
06	0066643
06	0066644
06	0066645
06	0066646
06	0066647
06	0066648
06	0066649
06	0066650
06	0066651
06	0066652
06	0066653
06	0066654
06	0066655
06	0066656
06	0066657
06	0066658
06	0066659
06	0066660
06	0066661
06	0066662
06	0066663
06	0066664
06	0066665
06	0066666
06	0066667
06	0066668
06	0066669
06	0066670
06	0066671
06	0066672
06	0066673
06	0066674
06	0066675
06	0066676
06	0066677
06	0066678
06	0066679
06	0066680
06	0066681
06	0066682
06	0066683
06	0066684
06	0066685
06	0066686
06	0066687
06	0066688
06	0066689
06	0066690
06	0066691
06	0066692
06	0066693
06	0066694
06	0066695
06	0066696
06	0066697
06	0066698
06	0066699
06	0066700
06	0066701
06	0066702
06	0066703
06	0066704
06	0066705
06	0066706
06	0066707
06	0066708
06	0066709
06	0066710
06	0066711
06	0066712
06	0066713
06	0066714
06	0066715
06	0066716
06	0066717
06	0066718
06	0066719
06	0066720
06	0066721
06	0066722
06	0066723
06	0066724
06	0066725
06	0066726
06	0066727
06	0066728
06	0066729
06	0066730
06	0066731
06	0066732
06	0066733
06	0066734
06	0066735
06	0066736
06	0066737
06	0066738
06	0066739
06	0066740
06	0066741
06	0066742
06	0066743
06	0066744
06	0066745
06	0066746
06	0066747
06	0066748
06	0066749
06	0066750
06	0066751
06	0066752
06	0066753
06	0066754
06	0066755
06	0066756
06	0066757
06	0066758
06	0066759
06	0066760
06	0066761
06	0066762
06	0066763
06	0066764
06	0066765
06	0066766
06	0066767
06	0066768
06	0066769
06	0066770
06	0066771
06	0066772
06	0066773
06	0066774
06	0066775
06	0066776
06	0066777
06	0066778
06	0066779
06	0066780
06	0066781
06	0066782
06	0066783
06	0066784
06	0066785
06	0066786
06	0066787
06	0066788
06	0066789
06	0066790
06	0066791
06	0066792
06	0066793
06	0066794
06	0066795
06	0066796
06	0066797
06	0066798
06	0066799
06	0066800
06	0066801
06	0066802
06	0066803
06	0066804
06	0066805
06	0066806
06	0066807
06	0066808
06	0066809
06	0066810
06	0066811
06	0066812
06	0066813
06	0066814
06	0066815
06	0066816
06	0066817
06	0066818
06	0066819
06	0066820
06	0066821
06	0066822
06	0066823
06	0066824
06	0066825
06	0066826
06	0066827
06	0066828
06	0066829
06	0066830
06	0066831
06	0066832
06	0066833
06	0066834
06	0066835
06	0066836
06	0066837
06	0066838
06	0066839
06	0066840
06	0066841
06	0066842
06	0066843
06	0066844
06	0066845
06	0066846
06	0066847
06	0066848
06	0066849
06	0066850
06	0066851
06	0066852
06	0066853
06	0066854
06	0066855
06	0066856
06	0066857
06	0066858
06	0066859
06	0066860
06	0066861
06	0066862
06	0066863
06	0066864
06	0066865
06	0066866
06	0066867
06	0066868
06	0066869
06	0066870
06	0066871
06	0066872
06	0066873
06	0066874
06	0066875
06	0066876
06	0066877
06	0066878
06	0066879
06	0066880
06	0066881
06	0066882
06	0066883
06	0066884
06	0066885
06	0066886
06	0066887
06	0066888
06	0066889
06	0066890
06	0066891
06	0066892
06	0066893
06	0066894
06	0066895
06	0066896
06	0066897
06	0066898
06	0066899
06	0066900
06	0066901
06	0066902
06	0066903
06	0066904
06	0066905
06	0066906
06	0066907
06	0066908
06	0066909
06	0066910
06	0066911
06	0066912
06	0066913
06	0066914
06	0066915
06	0066916
06	0066917
06	0066918
06	0066919
06	0066920
06	0066921
06	0066922
06	0066923
06	0066924
06	0066925
06	0066926
06	0066927
06	0066928
06	0066929
06	0066930
06	0066931
06	0066932
06	0066933
06	0066934
06	0066935
06	0066936
06	0066937
06	0066938
06	0066939
06	0066940
06	0066941
06	0066942
06	0066943
06	0066944
06	0066945
06	0066946
06	0066947
06	0066948
06	0066949
06	0066950
06	0066951
06	0066952
06	0066953
06	0066954
06	0066955
06	0066956
06	0066957
06	0066958
06	0066959
06	0066960
06	0066961
06	0066962
06	0066963
06	0066964
06	0066965
06	0066966
06	0066967
06	0066968
06	0066969
06	0066970
06	0066971
06	0066972
06	0066973
06	0066974
06	0066975
06	0066976
06	0066977
06	0066978
06	0066979
06	0066980
06	0066981
06	0066982
06	0066983
06	0066984
06	0066985
06	0066986
06	0066987
06	0066988
06	0066989
06	0066990
06	0066991
06	0066992
06	0066993
06	0066994
06	0066995
06	0066996
06	0066997
06	0066998
06	0066999
06	0067000
06	0067001
06	0067002
06	0067003
06	0067004
06	0067005
06	0067006
06	0067007
06	0067008
06	0067009
06	0067010
06	0067011
06	0067012
06	0067013
06	0067014
06	0067015
06	0067016
06	0067017
06	0067018
06	0067019
06	0067020
06	0067021
06	0067022
06	0067023
06	0067024
06	0067025
06	0067026
06	0067027
06	0067028
06	0067029
06	0067030
06	0067031
06	0067032
06	0067033
06	0067034
06	0067035
06	0067036
06	0067037
06	0067038
06	0067039
06	0067040
06	0067041
06	0067042
06	0067043
06	0067044
06	0067045
06	0067046
06	0067047
06	0067048
06	0067049
06	0067050
06	0067051
06	0067052
06	0067053
06	0067054
06	0067055
06	0067056
06	0067057
06	0067058
06	0067059
06	0067060
06	0067061
06	0067062
06	0067063
06	0067064
06	0067065
06	0067066
06	0067067
06	0067068
06	0067069
06	0067070
06	0067071
06	0067072
06	0067073
06	0067074
06	0067075
06	0067076
06	0067077
06	0067078
06	0067079
06	0067080
06	0067081
06	0067082
06	0067083
06	0067084
06	0067085
06	0067086
06	0067087
06	0067088
06	0067089
06	0067090
06	0067091
06	0067092
06	0067093
06	0067094
06	0067095
06	0067096
06	0067097
06	0067098
06	0067099
06	0067100
06	0067101
06	0067102
06	0067103
06	0067104
06	0067105
06	0067106
06	0067107
06	0067108
06	0067109
06	0067110
06	0067111
06	0067112
06	0067113
06	0067114
06	0067115
06	0067116
06	0067117
06	0067118
06	0067119
06	0067120
06	0067121
06	0067122
06	0067123
06	0067124
06	0067125
06	0067126
06	0067127
06	0067128
06	0067129
06	0067130
06	0067131
06	0067132
06	0067133
06	0067134
06	0067135
06	0067136
06	0067137
06	0067138
06	0067139
06	0067140
06	0067141
06	0067142
06	0067143
06	0067144
06	0067145
06	0067146
06	0067147
06	0067148
06	0067149
06	0067150
06	0067151
06	0067152
06	0067153
06	0067154
06	0067155
06	0067156
06	0067157
06	0067158
06	0067159
06	0067160
06	0067161
06	0067162
06	0067163
06	0067164
06	0067165
06	0067166
06	0067167
06	0067168
06	0067169
06	0067170
06	0067171
06	0067172
06	0067173
06	0067174
06	0067175
06	0067176
06	0067177
06	0067178
06	0067179
06	0067180
06	0067181
06	0067182
06	0067183
06	0067184
06	0067185
06	0067186
06	0067187
06	0067188
06	0067189
06	0067190
06	0067191
06	0067192
06	0067193
06	0067194
06	0067195
06	0067196
06	0067197
06	0067198
06	0067199
06	0067200
06	0067201
06	0067202
06	0067203
06	0067204
06	0067205
06	0067206
06	0067207
06	0067208
06	0067209
06	0067210
06	0067211
06	0067212
06	0067213
06	0067214
06	0067215
06	0067216
06	0067217
06	0067218
06	0067219
06	0067220
06	0067221
06	0067222
06	0067223
06	0067224
06	0067225
06	0067226
06	0067227
06	0067228
06	0067229
06	0067230
06	0067231
06	0067232
06	0067233
06	0067234
06	0067235
06	0067236
06	0067237
06	0067238
06	0067239
06	0067240
06	0067241
06	0067242
06	0067243
06	0067244
06	0067245
06	0067246
06	0067247
06	0067248
06	0067249
06	0067250
06	0067251
06	0067252
06	0067253
06	0067254
06	0067255
06	0067256
06	0067257
06	0067258
06	0067259
06	0067260
06	0067261
06	0067262
06	0067263
06	0067264
06	0067265
06	0067266
06	0067267
06	0067268
06	0067269
06	0067270
06	0067271
06	0067272
06	0067273
06	0067274
06	0067275
06	0067276
06	0067277
06	0067278
06	0067279
06	0067280
06	0067281
06	0067282
06	0067283
06	0067284
06	0067285
06	0067286
06	0067287
06	0067288
06	0067289
06	0067290
06	0067291
06	0067292
06	0067293
06	0067294
06	0067295
06	0067296
06	0067297
06	0067298
06	0067299
06	0067300
06	0067301
06	0067302
06	0067303
06	0067304
06	0067305
06	0067306
06	0067307
06	0067308
06	0067309
06	0067310
06	0067311
06	0067312
06	0067313
06	0067314
06	0067315
06	0067316
06	0067317
06	0067318
06	0067319
06	0067320
06	0067321
06	0067322
06	0067323
06	0067324
06	0067325
06	0067326
06	0067327
06	0067328
06	0067329
06	0067330
06	0067331
06	0067332
06	0067333
06	0067334
06	0067335
06	0067336
06	0067337
06	0067338
06	0067339
06	0067340
06	0067341
06	0067342
06	0067343
06	0067344
06	0067345
06	0067346
06	0067347
06	0067348
06	0067349
06	0067350
06	0067351
06	0067352
06	0067353
06	0067354
06	0067355
06	0067356
06	0067357
06	0067358
06	0067359
06	0067360
06	0067361
06	0067362
06	0067363
06	0067364
06	0067365
06	0067366
06	0067367
06	0067368
06	0067369
06	0067370
06	0067371
06	0067372
06	0067373
06	0067374
06	0067375
06	0067376
06	0067377
06	0067378
06	0067379
06	0067380
06	0067381
06	0067382
06	0067383
06	0067384
06	0067385
06	0067386
06	0067387
06	0067388
06	0067389
06	0067390
06	0067391
06	0067392
06	0067393
06	0067394
06	0067395
06	0067396
06	0067397
06	0067398
06	0067399
06	0067400
06	0067401
06	0067402
06	0067403
06	0067404
06	0067405
06	0067406
06	0067407
06	0067408
06	0067409
06	0067410
06	0067411
06	0067412
06	0067413
06	0067414
06	0067415
06	0067416
06	0067417
06	0067418
06	0067419
06	0067420
06	0067421
06	0067422
06	0067423
06	0067424
06	0067425
06	0067426
07	0067427
07	0067428
07	0067429
07	0067430
07	0067431
07	0067432
07	0067433
07	0067434
07	0067435
07	0067436
07	0067437
07	0067438
07	0067439
07	0067440
07	0067441
07	0067442
07	0067443
07	0067444
07	0067445
07	0067446
07	0067447
07	0067448
07	0067449
07	0067450
07	0067451
07	0067452
07	0067453
07	0067454
07	0067455
07	0067456
07	0067457
07	0067458
07	0067459
07	0067460
07	0067461
07	0067462
07	0067463
07	0067464
07	0067465
07	0067466
07	0067467
07	0067468
07	0067469
07	0067470
07	0067471
07	0067472
07	0067473
07	0067474
07	0067475
07	0067476
07	0067477
07	0067478
07	0067479
07	0067480
07	0067481
07	0067482
07	0067483
07	0067484
07	0067485
07	0067486
07	0067487
07	0067488
07	0067489
07	0067490
07	0067491
07	0067492
07	0067493
07	0067494
07	0067495
07	0067496
07	0067497
07	0067498
07	0067499
07	0067500
07	0067501
07	0067502
07	0067503
07	0067504
07	0067505
07	0067506
07	0067507
07	0067508
07	0067509
07	0067510
07	0067511
07	0067512
07	0067513
07	0067514
07	0067515
07	0067516
07	0067517
07	0067518
07	0067519
07	0067520
07	0067521
07	0067522
07	0067523
07	0067525
07	0067526
07	0067527
07	0067528
07	0067529
07	0067530
07	0067531
07	0067532
07	0067533
07	0067534
07	0067535
07	0067536
07	0067537
07	0067538
07	0067539
07	0067540
07	0067541
07	0067542
07	0067543
07	0067544
07	0067545
07	0067546
07	0067547
07	0067548
07	0067549
07	0067550
07	0067551
07	0067552
07	0067553
07	0067554
07	0067555
07	0067556
07	0067557
07	0067558
07	0067559
07	0067560
07	0067561
07	0067562
07	0067563
07	0067564
07	0067565
07	0067566
07	0067567
07	0067568
07	0067569
07	0067570
07	0067571
07	0067572
07	0067573
07	0067574
07	0067575
07	0067576
07	0067577
07	0067578
07	0067579
07	0067580
07	0067581
07	0067582
07	0067583
07	0067584
07	0067585
07	0067586
07	0067587
07	0067588
07	0067589
07	0067590
07	0067591
07	0067592
07	0067593
07	0067594
07	0067595
07	0067596
07	0067597
07	0067598
07	0067599
07	0067600
07	0067601
07	0067602
07	0067603
07	0067604
07	0067605
07	0067606
07	0067607
07	0067608
07	0067609
07	0067610
07	0067611
07	0067612
07	0067613
07	0067614
07	0067615
07	0067616
07	0067617
07	0067618
07	0067619
07	0067620
07	0067621
07	0067622
07	0067623
07	0067624
07	0067625
07	0067626
07	0067627
07	0067628
07	0067629
07	0067630
07	0067631
07	0067632
07	0067633
07	0067634
07	0067635
07	0067636
07	0067637
07	0067638
07	0067639
07	0067640
07	0067641
07	0067642
07	0067643
07	0067644
07	0067645
07	0067646
07	0067647
07	0067648
07	0067649
07	0067650
07	0067651
07	0067652
07	0067653
07	0067654
07	0067655
07	0067656
07	0067657
07	0067658
07	0067659
07	0067660
07	0067661
07	0067662
07	0067663
07	0067664
07	0067665
07	0067666
07	0067667
07	0067668
07	0067669
07	0067670
07	0067671
07	0067672
07	0067673
07	0067674
07	0067675
07	0067676
07	0067677
07	0067678
07	0067679
07	0067680
07	0067681
07	0067682
07	0067683
07	0067684
07	0067685
07	0067686
07	0067687
07	0067688
07	0067689
07	0067690
07	0067691
07	0067692
07	0067693
07	0067694
07	0067695
07	0067696
07	0067697
07	0067698
07	0067699
07	0067700
07	0067701
07	0067702
07	0067703
07	0067704
07	0067705
07	0067706
07	0067707
07	0067708
07	0067709
07	0067710
07	0067711
07	0067712
07	0067713
07	0067714
07	0067715
07	0067716
07	0067717
07	0067718
07	0067719
07	0067720
07	0067721
07	0067722
07	0067723
07	0067724
07	0067725
07	0067726
07	0067727
07	0067728
07	0067729
07	0067730
07	0067731
07	0067732
07	0067733
07	0067734
07	0067735
07	0067736
07	0067737
07	0067738
07	0067739
07	0067740
07	0067741
07	0067742
07	0067743
07	0067744
07	0067745
07	0067746
07	0067747
07	0067748
07	0067749
07	0067750
07	0067751
07	0067752
07	0067753
07	0067754
07	0067755
07	0067756
07	0067757
07	0067758
07	0067759
07	0067760
07	0067761
07	0067762
07	0067763
07	0067764
07	0067765
07	0067766
07	0067767
07	0067768
07	0067769
07	0067770
07	0067771
07	0067772
07	0067773
07	0067774
07	0067775
07	0067776
07	0067777
07	0067778
07	0067779
07	0067780
07	0067781
07	0067782
07	0067783
07	0067784
07	0067785
07	0067786
07	0067787
07	0067788
07	0067789
07	0067790
07	0067791
07	0067792
07	0067793
07	0067794
07	0067795
07	0067796
07	0067797
07	0067798
07	0067799
07	0067800
07	0067801
07	0067802
07	0067803
07	0067804
07	0067805
07	0067806
07	0067807
07	0067808
07	0067809
07	0067810
07	0067811
07	0067812
07	0067813
07	0067814
07	0067815
07	0067816
07	0067817
07	0067818
07	0067819
07	0067820
07	0067821
07	0067822
07	0067823
07	0067824
07	0067825
07	0067826
07	0067827
07	0067828
07	0067829
07	0067830
07	0067831
07	0067832
07	0067833
07	0067834
07	0067835
07	0067836
07	0067837
07	0067838
07	0067839
07	0067840
07	0067841
07	0067842
07	0067843
07	0067844
07	0067845
07	0067846
07	0067847
07	0067848
07	0067849
07	0067850
07	0067851
07	0067852
07	0067853
07	0067854
07	0067855
07	0067856
07	0067857
07	0067858
07	0067859
07	0067860
07	0067861
07	0067862
07	0067863
07	0067864
07	0067865
07	0067866
07	0067867
07	0067868
07	0067869
07	0067870
07	0067871
07	0067872
07	0067873
07	0067874
07	0067875
07	0067876
07	0067877
07	0067878
07	0067879
07	0067880
07	0067881
07	0067882
07	0067883
07	0067884
07	0067885
07	0067886
07	0067887
07	0067888
07	0067889
07	0067890
07	0067891
07	0067892
07	0067893
07	0067894
07	0067895
07	0067896
07	0067897
07	0067898
07	0067899
07	0067900
07	0067901
07	0067902
07	0067903
07	0067904
07	0067905
07	0067906
07	0067907
07	0067908
07	0067909
07	0067910
07	0067911
07	0067912
07	0067913
07	0067914
07	0067915
07	0067916
07	0067917
07	0067918
07	0067919
07	0067920
07	0067921
07	0067922
07	0067923
07	0067924
07	0067925
07	0067926
07	0067927
07	0067928
07	0067929
07	0067930
07	0067931
07	0067932
07	0067933
07	0067934
07	0067935
07	0067936
07	0067937
07	0067938
07	0067939
07	0067940
07	0067941
07	0067942
07	0067943
07	0067944
07	0067945
07	0067946
07	0067947
07	0067948
07	0067949
07	0067950
07	0067951
07	0067952
07	0067953
07	0067954
07	0067955
07	0067956
07	0067957
07	0067958
07	0067959
07	0067960
07	0067961
07	0067962
07	0067963
07	0067964
07	0067965
07	0067966
07	0067967
07	0067968
07	0067969
07	0067970
07	0067971
07	0067972
07	0067973
07	0067974
07	0067975
07	0067976
07	0067977
07	0067978
07	0067979
07	0067980
07	0067981
07	0067982
07	0067983
07	0067984
07	0067985
07	0067986
07	0067987
07	0067988
07	0067989
07	0067990
07	0067991
07	0067992
07	0067993
07	0067994
07	0067995
07	0067996
07	0067997
07	0067998
07	0067999
07	0068000
07	0068001
07	0068002
07	0068003
07	0068004
07	0068005
07	0068006
07	0068007
07	0068008
07	0068009
07	0068010
07	0068011
07	0068012
07	0068013
07	0068014
07	0068015
07	0068016
07	0068017
07	0068018
07	0068019
07	0068020
07	0068021
07	0068022
07	0068023
07	0068024
07	0068025
07	0068026
07	0068027
07	0068028
07	0068029
07	0068030
07	0068031
07	0068032
07	0068033
07	0068034
07	0068035
07	0068036
07	0068037
07	0068038
07	0068039
07	0068040
07	0068041
07	0068042
07	0068043
07	0068044
07	0068045
07	0068046
07	0068047
07	0068048
07	0068049
07	0068050
07	0068051
07	0068052
07	0068053
07	0068054
07	0068055
07	0068056
07	0068057
07	0068058
07	0068059
07	0068060
07	0068061
07	0068062
07	0068063
07	0068064
07	0068065
07	0068066
07	0068067
07	0068068
07	0068069
07	0068070
07	0068071
07	0068072
07	0068073
07	0068074
07	0068075
07	0068076
07	0068077
07	0068078
07	0068079
07	0068080
07	0068081
07	0068082
07	0068083
07	0068084
07	0068085
07	0068086
07	0068087
07	0068088
07	0068089
07	0068090
07	0068091
07	0068092
07	0068093
07	0068094
07	0068095
07	0068096
07	0068097
07	0068098
07	0068099
07	0068100
07	0068101
07	0068102
07	0068103
07	0068104
07	0068105
07	0068106
07	0068107
07	0068108
07	0068109
07	0068110
07	0068111
07	0068112
07	0068113
07	0068114
07	0068115
07	0068116
07	0068117
07	0068118
07	0068119
07	0068120
07	0068121
07	0068122
07	0068123
07	0068124
07	0068125
07	0068126
07	0068127
07	0068128
07	0068129
07	0068130
07	0068131
07	0068132
07	0068133
07	0068134
07	0068135
07	0068136
07	0068137
07	0068138
07	0068139
07	0068140
07	0068141
07	0068142
07	0068143
07	0068144
07	0068145
07	0068146
07	0068147
07	0068148
07	0068149
07	0068150
07	0068151
07	0068152
07	0068153
07	0068154
07	0068155
07	0068156
07	0068157
07	0068158
07	0068159
07	0068160
07	0068161
07	0068162
07	0068163
07	0068164
07	0068165
07	0068166
07	0068167
07	0068168
07	0068169
07	0068170
07	0068171
07	0068172
07	0068173
07	0068174
07	0068175
07	0068176
07	0068177
07	0068178
07	0068179
07	0068180
07	0068181
07	0068182
07	0068183
07	0068184
07	0068185
07	0068186
07	0068187
07	0068188
07	0068189
07	0068190
07	0068191
07	0068192
07	0068193
07	0068194
07	0068195
07	0068196
07	0068197
07	0068198
07	0068199
07	0068200
07	0068201
07	0068202
07	0068203
07	0068204
07	0068205
07	0068206
07	0068207
07	0068208
07	0068209
07	0068210
07	0068211
07	0068212
07	0068213
07	0068214
07	0068215
07	0068216
07	0068217
07	0068218
07	0068219
07	0068220
07	0068221
07	0068222
07	0068223
07	0068224
07	0068225
07	0068226
07	0068227
07	0068228
07	0068229
07	0068230
07	0068231
07	0068232
07	0068233
07	0068234
07	0068235
07	0068236
07	0068237
07	0068238
07	0068239
07	0068240
07	0068241
07	0068242
07	0068243
07	0068244
07	0068245
07	0068246
07	0068247
07	0068248
07	0068249
07	0068250
07	0068251
07	0068252
07	0068253
07	0068254
07	0068255
07	0068256
07	0068257
07	0068258
07	0068259
07	0068260
07	0068261
07	0068262
07	0068263
07	0068264
07	0068265
07	0068266
07	0068267
07	0068268
07	0068269
07	0068270
07	0068271
07	0068272
07	0068273
07	0068274
07	0068275
07	0068276
07	0068277
07	0068278
07	0068279
07	0068280
07	0068281
07	0068282
07	0068283
07	0068284
07	0068285
07	0068286
07	0068287
07	0068288
07	0068289
07	0068290
07	0068291
07	0068292
07	0068293
07	0068294
07	0068295
07	0068296
07	0068297
07	0068298
07	0068299
07	0068300
07	0068301
07	0068302
07	0068303
07	0068304
07	0068305
07	0068306
07	0068307
07	0068308
07	0068309
07	0068310
07	0068311
07	0068312
07	0068313
07	0068314
07	0068315
07	0068316
07	0068317
07	0068318
07	0068319
07	0068320
07	0068321
07	0068322
07	0068323
07	0068324
07	0068325
07	0068326
07	0068327
07	0068328
07	0068329
07	0068330
07	0068331
07	0068332
07	0068333
07	0068334
07	0068335
07	0068336
07	0068337
07	0068338
07	0068339
07	0068340
07	0068341
07	0068342
07	0068343
07	0068344
07	0068345
07	0068346
07	0068347
07	0068348
07	0068349
07	0068350
07	0068351
07	0068352
07	0068353
07	0068354
07	0068355
07	0068356
07	0068357
07	0068358
07	0068359
07	0068360
07	0068361
07	0068362
07	0068363
07	0068364
07	0068365
07	0068366
07	0068367
07	0068368
07	0068369
07	0068370
07	0068371
07	0068372
07	0068373
07	0068374
07	0068375
07	0068376
07	0068377
07	0068378
07	0068379
07	0068380
07	0068381
07	0068382
07	0068383
07	0068384
07	0068385
07	0068386
07	0068387
07	0068388
07	0068389
07	0068390
07	0068391
07	0068392
07	0068393
07	0068394
07	0068395
07	0068396
07	0068397
07	0068398
07	0068399
07	0068400
07	0068401
07	0068402
07	0068403
07	0068404
07	0068405
07	0068406
07	0068407
07	0068408
07	0068409
07	0068410
07	0068411
07	0068412
07	0068413
07	0068414
07	0068415
07	0068416
07	0068417
07	0068418
07	0068419
07	0068420
07	0068421
07	0068422
07	0068423
07	0068424
07	0068425
07	0068426
07	0068427
07	0068428
07	0068429
07	0068430
07	0068431
07	0068432
07	0068433
07	0068434
07	0068435
07	0068436
07	0068437
07	0068438
07	0068439
07	0068440
07	0068441
07	0068442
07	0068443
07	0068444
07	0068445
07	0068446
07	0068447
07	0068448
07	0068449
07	0068450
07	0068451
07	0068452
07	0068453
07	0068454
07	0068455
07	0068456
07	0068457
07	0068458
07	0068459
07	0068460
07	0068461
07	0068462
07	0068463
07	0068464
07	0068465
07	0068466
07	0068467
07	0068468
07	0068469
07	0068470
07	0068471
07	0068472
07	0068473
07	0068474
07	0068475
07	0068476
07	0068477
07	0068478
07	0068479
07	0068480
07	0068481
07	0068482
07	0068483
07	0068484
07	0068485
07	0068486
07	0068487
07	0068488
07	0068489
07	0068490
07	0068491
07	0068492
07	0068493
07	0068494
07	0068495
07	0068496
07	0068497
07	0068498
07	0068499
07	0068500
07	0068501
07	0068502
07	0068503
07	0068504
07	0068505
07	0068506
07	0068507
07	0068508
07	0068509
07	0068510
07	0068511
07	0068512
07	0068513
07	0068514
07	0068515
07	0068516
07	0068517
07	0068518
07	0068519
07	0068520
07	0068521
07	0068522
07	0068523
07	0068524
07	0068525
07	0068526
07	0068527
07	0068528
07	0068529
07	0068530
07	0068531
07	0068532
07	0068533
07	0068534
07	0068535
07	0068536
07	0068537
07	0068538
07	0068539
07	0068540
07	0068541
07	0068542
07	0068543
07	0068544
07	0068545
07	0068546
07	0068547
07	0068548
07	0068549
07	0068550
07	0068551
07	0068552
07	0068553
07	0068554
07	0068555
07	0068556
07	0068557
07	0068558
07	0068559
07	0068560
07	0068561
07	0068562
07	0068563
07	0068564
07	0068565
07	0068566
07	0068567
07	0068568
07	0068569
07	0068570
07	0068571
07	0068572
07	0068573
07	0068574
07	0068575
07	0068576
07	0068577
07	0068578
07	0068579
07	0068580
07	0068581
07	0068582
07	0068583
07	0068584
07	0068585
07	0068586
07	0068587
07	0068588
07	0068589
07	0068590
07	0068591
07	0068592
07	0068593
07	0068594
07	0068595
07	0068596
07	0068597
07	0068598
07	0068599
07	0068600
07	0068601
07	0068602
07	0068603
07	0068604
07	0068605
07	0068606
07	0068607
07	0068608
07	0068609
07	0068610
07	0068611
07	0068612
07	0068613
07	0068614
07	0068615
07	0068616
07	0068617
07	0068618
07	0068619
07	0068620
07	0068621
07	0068622
07	0068623
07	0068624
07	0068625
07	0068626
07	0068627
07	0068628
07	0068629
07	0068630
07	0068631
07	0068632
07	0068633
07	0068634
07	0068635
07	0068636
07	0068637
07	0068638
07	0068639
07	0068640
07	0068641
07	0068642
07	0068643
07	0068644
07	0068645
07	0068646
07	0068647
07	0068648
07	0068649
07	0068650
07	0068651
07	0068652
07	0068653
07	0068654
07	0068655
07	0068656
07	0068657
07	0068658
07	0068659
07	0068660
07	0068661
07	0068662
07	0068663
07	0068664
07	0068665
07	0068666
07	0068667
07	0068668
07	0068669
07	0068670
07	0068671
07	0068672
07	0068673
07	0068674
07	0068675
07	0068676
07	0068677
07	0068678
07	0068679
07	0068680
07	0068681
07	0068682
07	0068683
07	0068684
07	0068685
07	0068686
07	0068687
07	0068688
07	0068689
07	0068690
07	0068691
07	0068692
07	0068693
07	0068694
07	0068695
07	0068696
07	0068697
07	0068698
07	0068699
07	0068700
07	0068701
07	0068702
07	0068703
07	0068704
07	0068705
07	0068706
07	0068707
07	0068708
07	0068709
07	0068710
07	0068711
07	0068712
07	0068713
07	0068714
07	0068715
07	0068716
07	0068717
07	0068718
07	0068719
07	0068720
07	0068721
07	0068722
07	0068723
07	0068724
07	0068725
07	0068726
07	0068727
07	0068728
07	0068729
07	0068730
07	0068731
07	0068732
07	0068733
07	0068734
07	0068735
07	0068736
07	0068737
07	0068738
07	0068739
07	0068740
07	0068741
07	0068742
07	0068743
07	0068744
07	0068745
07	0068746
07	0068747
07	0068748
07	0068749
07	0068750
07	0068751
07	0068752
07	0068753
07	0068754
07	0068755
07	0068756
07	0068757
07	0068758
07	0068759
07	0068760
07	0068761
07	0068762
07	0068763
07	0068764
07	0068765
07	0068766
07	0068767
07	0068768
07	0068769
07	0068770
07	0068771
07	0068772
07	0068773
07	0068774
07	0068775
07	0068776
07	0068777
07	0068778
07	0068779
07	0068780
07	0068781
07	0068782
07	0068783
07	0068784
07	0068785
07	0068786
07	0068787
07	0068788
07	0068789
07	0068790
07	0068791
07	0068792
07	0068793
07	0068794
07	0068795
07	0068796
07	0068797
07	0068798
07	0068799
07	0068800
07	0068801
07	0068802
07	0068803
07	0068804
07	0068805
07	0068806
07	0068807
07	0068808
07	0068809
07	0068810
07	0068811
07	0068812
07	0068813
07	0068814
07	0068815
07	0068816
07	0068817
07	0068818
07	0068819
07	0068820
07	0068821
07	0068822
07	0068823
07	0068824
07	0068825
07	0068826
07	0068827
07	0068828
07	0068829
07	0068830
07	0068831
07	0068832
07	0068833
07	0068834
07	0068835
07	0068836
07	0068837
07	0068838
07	0068839
07	0068840
07	0068841
07	0068842
07	0068843
07	0068844
07	0068845
07	0068846
07	0068847
07	0068848
07	0068849
07	0068850
07	0068851
07	0068852
07	0068853
07	0068854
07	0068855
07	0068856
07	0068857
07	0068858
07	0068859
07	0068860
07	0068861
07	0068862
07	0068863
07	0068864
07	0068865
07	0068866
07	0068867
07	0068868
07	0068869
07	0068870
07	0068871
07	0068872
07	0068873
07	0068874
07	0068875
07	0068876
07	0068877
07	0068878
07	0068879
07	0068880
07	0068881
07	0068882
07	0068883
07	0068884
07	0068885
07	0068886
07	0068887
07	0068888
07	0068889
07	0068890
07	0068891
07	0068892
07	0068893
07	0068894
07	0068895
07	0068896
07	0068897
07	0068898
07	0068899
07	0068900
07	0068901
07	0068902
07	0068903
07	0068904
07	0068905
07	0068906
07	0068907
07	0068908
07	0068909
07	0068910
07	0068911
07	0068912
07	0068913
07	0068914
07	0068915
07	0068916
07	0068917
07	0068918
07	0068919
07	0068920
07	0068921
07	0068922
07	0068923
07	0068924
07	0068925
07	0068926
07	0068927
07	0068928
07	0068929
07	0068930
07	0068931
07	0068932
07	0068933
07	0068934
07	0068935
07	0068936
07	0068937
07	0068938
07	0068939
07	0068940
07	0068941
07	0068942
07	0068943
07	0068944
07	0068945
07	0068946
07	0068947
07	0068948
07	0068949
07	0068950
07	0068951
07	0068952
07	0068953
07	0068954
07	0068955
07	0068956
07	0068957
07	0068958
07	0068959
07	0068960
07	0068961
07	0068962
07	0068963
07	0068964
07	0068965
07	0068966
07	0068967
07	0068968
07	0068969
07	0068970
07	0068971
07	0068972
07	0068973
07	0068974
07	0068975
07	0068976
07	0068977
07	0068978
07	0068979
07	0068980
07	0068981
07	0068982
07	0068983
07	0068984
07	0068985
07	0068986
07	0068987
07	0068988
07	0068989
07	0068990
07	0068991
07	0068992
07	0068993
07	0068994
07	0068995
07	0068996
07	0068997
07	0068998
07	0068999
07	0069000
07	0069001
07	0069002
07	0069003
07	0069004
07	0069005
07	0069006
07	0069007
07	0069008
07	0069009
07	0069010
07	0069011
07	0069012
07	0069013
07	0069014
07	0069015
07	0069016
07	0069017
07	0069018
07	0069019
07	0069020
07	0069021
07	0069022
07	0069023
07	0069024
07	0069025
07	0069026
07	0069027
07	0069028
07	0069029
07	0069030
07	0069031
07	0069032
07	0069033
07	0069034
07	0069035
07	0069036
07	0069037
07	0069038
07	0069039
07	0069040
07	0069041
07	0069042
07	0069043
07	0069044
07	0069045
07	0069046
07	0069047
07	0069048
07	0069049
07	0069050
07	0069051
07	0069052
07	0069053
07	0069054
07	0069055
07	0069056
07	0069057
07	0069058
07	0069059
07	0069060
07	0069061
07	0069062
07	0069063
07	0069064
07	0069065
07	0069066
07	0069067
07	0069068
07	0069069
07	0069070
07	0069071
07	0069072
07	0069073
07	0069074
07	0069075
07	0069076
07	0069077
07	0069078
07	0069079
07	0069080
07	0069081
07	0069082
07	0069083
07	0069084
07	0069085
07	0069086
07	0069087
07	0069088
07	0069089
07	0069090
07	0069091
07	0069092
07	0069093
07	0069094
07	0069095
07	0069096
07	0069097
07	0069098
07	0069099
07	0069100
07	0069101
07	0069102
07	0069103
07	0069104
07	0069105
07	0069106
07	0069107
07	0069108
07	0069109
07	0069110
07	0069111
07	0069112
07	0069113
07	0069114
07	0069115
07	0069116
07	0069117
07	0069118
07	0069119
07	0069120
07	0069121
07	0069122
07	0069123
07	0069124
07	0069125
07	0069126
07	0069127
07	0069128
07	0069129
07	0069130
07	0069131
07	0069132
07	0069133
07	0069134
07	0069135
07	0069136
07	0069137
07	0069138
07	0069139
07	0069140
07	0069141
07	0069142
07	0069143
07	0069144
07	0069145
07	0069146
07	0069147
07	0069148
07	0069149
07	0069150
07	0069151
07	0069152
07	0069153
07	0069154
07	0069155
07	0069156
07	0069157
07	0069158
07	0069159
07	0069160
07	0069161
07	0069162
07	0069163
07	0069164
07	0069165
07	0069166
07	0069167
07	0069168
07	0069169
07	0069170
07	0069171
07	0069172
07	0069173
07	0069174
07	0069175
07	0069176
07	0069177
07	0069178
07	0069179
07	0069180
07	0069181
07	0069182
07	0069183
07	0069184
07	0069185
07	0069186
07	0069187
07	0069188
07	0069189
07	0069190
07	0069191
07	0069192
07	0069193
07	0069194
07	0069195
07	0069196
07	0069197
07	0069198
07	0069199
07	0069200
07	0069201
07	0069202
07	0069203
07	0069204
07	0069205
07	0069206
07	0069207
07	0069208
07	0069209
07	0069210
07	0069211
07	0069212
07	0069213
07	0069214
07	0069215
07	0069216
07	0069217
07	0069218
07	0069219
07	0069220
07	0069221
07	0069222
07	0069223
07	0069224
07	0069225
07	0069226
07	0069227
07	0069228
07	0069229
07	0069230
07	0069231
07	0069232
07	0069233
07	0069234
07	0069235
07	0069236
07	0069237
07	0069238
07	0069239
07	0069240
07	0069241
07	0069242
07	0069243
07	0069244
07	0069245
07	0069246
07	0069247
07	0069248
07	0069249
07	0069250
07	0069251
07	0069252
07	0069253
07	0069254
07	0069255
07	0069256
07	0069257
07	0069258
07	0069259
07	0069260
07	0069261
07	0069262
07	0069263
07	0069264
07	0069265
07	0069266
07	0069267
07	0069268
07	0069269
07	0069270
07	0069271
07	0069272
07	0069273
07	0069274
07	0069275
07	0069276
07	0069277
07	0069278
07	0069279
07	0069280
07	0069281
07	0069282
07	0069283
07	0069284
07	0069285
07	0069286
07	0069287
07	0069288
07	0069289
07	0069290
07	0069291
07	0069292
07	0069293
07	0069294
07	0069295
07	0069296
07	0069297
07	0069298
07	0069299
07	0069300
07	0069301
07	0069302
07	0069303
07	0069304
07	0069305
07	0069306
07	0069307
07	0069308
07	0069309
07	0069310
07	0069311
07	0069312
07	0069313
07	0069314
07	0069315
07	0069316
07	0069317
07	0069318
07	0069319
07	0069320
07	0069321
07	0069322
07	0069323
07	0069324
07	0069325
07	0069326
07	0069327
07	0069328
07	0069329
07	0069330
07	0069331
07	0069332
07	0069333
07	0069334
07	0069335
07	0069336
07	0069337
07	0069338
07	0069339
07	0069340
07	0069341
07	0069342
07	0069343
07	0069344
07	0069345
07	0069346
07	0069347
07	0069348
07	0069349
07	0069350
07	0069351
07	0069352
07	0069353
07	0069354
07	0069355
07	0069356
07	0069357
07	0069358
07	0069359
07	0069360
07	0069361
07	0069362
07	0069363
07	0069364
07	0069365
07	0069366
07	0069367
07	0069368
07	0069369
07	0069370
07	0069371
07	0069372
07	0069373
07	0069374
07	0069375
07	0069376
07	0069377
07	0069378
07	0069379
07	0069380
07	0069381
07	0069382
07	0069383
07	0069384
07	0069385
07	0069386
07	0069387
07	0069388
07	0069389
07	0069390
07	0069391
07	0069392
07	0069393
07	0069394
07	0069395
07	0069396
07	0069397
07	0069398
07	0069399
07	0069400
07	0069401
07	0069402
07	0069403
07	0069404
07	0069405
07	0069406
07	0069407
07	0069408
07	0069409
07	0069410
07	0069411
07	0069412
07	0069413
07	0069414
07	0069415
07	0069416
07	0069417
07	0069418
07	0069419
07	0069420
07	0069421
07	0069422
07	0069423
07	0069424
07	0069425
07	0069426
07	0069427
07	0069428
07	0069429
07	0069430
07	0069431
07	0069432
07	0069433
07	0069434
07	0069435
07	0069436
07	0069437
07	0069438
07	0069439
07	0069440
07	0069441
07	0069442
07	0069443
07	0069444
07	0069445
07	0069446
07	0069447
07	0069448
07	0069449
07	0069450
07	0069451
07	0069452
07	0069453
07	0069454
07	0069455
07	0069456
07	0069457
07	0069458
07	0069459
07	0069460
07	0069461
07	0069462
07	0069463
07	0069464
07	0069465
07	0069466
07	0069467
07	0069468
07	0069469
07	0069470
07	0069471
07	0069472
07	0069473
07	0069474
07	0069475
07	0069476
07	0069477
07	0069478
07	0069479
07	0069480
07	0069481
07	0069482
07	0069483
07	0069484
07	0069485
07	0069486
07	0069487
07	0069488
07	0069489
07	0069490
07	0069491
07	0069492
07	0069493
07	0069494
07	0069495
07	0069496
07	0069497
07	0069498
07	0069499
07	0069500
07	0069501
07	0069502
07	0069503
07	0069504
07	0069505
07	0069506
07	0069507
07	0069508
07	0069509
07	0069510
07	0069511
07	0069512
07	0069513
07	0069514
07	0069515
07	0069516
07	0069517
07	0069518
07	0069519
07	0069520
07	0069521
07	0069522
07	0069523
07	0069524
07	0069525
07	0069526
07	0069527
07	0069528
07	0069529
07	0069530
07	0069531
07	0069532
07	0069533
07	0069534
07	0069535
07	0069536
07	0069537
07	0069538
07	0069539
07	0069540
07	0069541
07	0069542
07	0069543
07	0069544
07	0069545
07	0069546
07	0069547
07	0069548
07	0069549
07	0069550
07	0069551
07	0069552
07	0069553
07	0069554
07	0069555
07	0069556
07	0069557
07	0069558
07	0069559
07	0069560
07	0069561
07	0069562
07	0069563
07	0069564
07	0069565
07	0069566
07	0069567
07	0069568
07	0069569
07	0069570
07	0069571
07	0069572
07	0069573
07	0069574
07	0069575
07	0069576
07	0069577
07	0069578
07	0069579
07	0069580
07	0069581
07	0069582
07	0069583
07	0069584
07	0069585
07	0069586
07	0069587
07	0069588
07	0069589
07	0069590
07	0069591
07	0069592
07	0069593
07	0069594
07	0069595
07	0069596
07	0069597
07	0069598
07	0069599
07	0069600
07	0069601
07	0069602
07	0069603
07	0069604
07	0069605
07	0069606
07	0069607
07	0069608
07	0069609
07	0069610
07	0069611
07	0069612
07	0069613
07	0069614
07	0069615
07	0069616
07	0069617
07	0069618
07	0069619
07	0069620
07	0069621
07	0069622
07	0069623
07	0069624
07	0069625
07	0069626
07	0069627
07	0069628
07	0069629
07	0069630
07	0069631
07	0069632
07	0069633
07	0069634
07	0069635
07	0069636
07	0069637
07	0069638
07	0069639
07	0069640
07	0069641
07	0069642
07	0069643
07	0069644
07	0069645
07	0069646
07	0069647
07	0069648
07	0069649
07	0069650
07	0069651
07	0069652
07	0069653
07	0069654
07	0069655
07	0069656
07	0069657
07	0069658
07	0069659
07	0069660
07	0069661
07	0069662
07	0069663
07	0069664
07	0069665
07	0069666
07	0069667
07	0069668
07	0069669
07	0069670
07	0069671
07	0069672
07	0069673
07	0069674
07	0069675
07	0069676
07	0069677
07	0069678
07	0069679
07	0069680
07	0069681
07	0069682
07	0069683
07	0069684
07	0069685
07	0069686
07	0069687
07	0069688
07	0069689
07	0069690
07	0069691
07	0069692
07	0069693
07	0069694
07	0069695
07	0069696
07	0069697
07	0069698
07	0069699
07	0069700
07	0069701
07	0069702
07	0069703
07	0069704
07	0069705
07	0069706
07	0069707
07	0069708
07	0069709
07	0069710
07	0069711
07	0069712
07	0069713
07	0069714
07	0069715
07	0069716
07	0069717
07	0069718
07	0069719
07	0069720
07	0069721
07	0069722
07	0069723
07	0069724
07	0069725
07	0069726
07	0069727
07	0069728
07	0069729
07	0069730
07	0069731
07	0069732
07	0069733
07	0069734
07	0069735
07	0069736
07	0069737
07	0069738
07	0069739
07	0069740
07	0069741
07	0069742
07	0069743
07	0069744
07	0069745
07	0069746
07	0069747
07	0069748
07	0069749
07	0069750
07	0069751
07	0069752
07	0069753
07	0069754
07	0069755
07	0069756
07	0069757
07	0069758
07	0069759
07	0069760
07	0069761
07	0069762
07	0069763
07	0069764
07	0069765
07	0069766
07	0069767
07	0069768
07	0069769
07	0069770
07	0069771
07	0069772
07	0069773
07	0069774
07	0069775
07	0069776
07	0069777
07	0069778
07	0069779
07	0069780
07	0069781
07	0069782
07	0069783
07	0069784
07	0069785
07	0069786
07	0069787
07	0069788
07	0069789
07	0069790
07	0069791
07	0069792
07	0069793
07	0069794
07	0069795
07	0069796
07	0069797
07	0069798
07	0069799
07	0069800
07	0069801
07	0069802
07	0069803
07	0069804
07	0069805
07	0069806
07	0069807
07	0069808
07	0069809
07	0069810
07	0069811
07	0069812
07	0069813
07	0069814
07	0069815
07	0069816
07	0069817
07	0069818
07	0069819
07	0069820
07	0069821
07	0069822
07	0069823
07	0069824
07	0069825
07	0069826
07	0069827
07	0069828
07	0069829
07	0069831
07	0069832
07	0069833
07	0069834
07	0069835
07	0069836
07	0069837
07	0069838
07	0069839
07	0069840
07	0069841
07	0069842
07	0069843
07	0069844
07	0069845
07	0069846
07	0069847
07	0069848
07	0069849
07	0069850
07	0069851
07	0069852
07	0069853
07	0069854
07	0069855
07	0069856
07	0069857
07	0069858
07	0069859
07	0069860
07	0069861
07	0069862
07	0069863
07	0069864
07	0069865
07	0069866
07	0069867
07	0069868
07	0069869
07	0069870
07	0069871
07	0069872
07	0069873
07	0069874
07	0069875
07	0069876
07	0069877
07	0069878
07	0069879
07	0069880
07	0069881
07	0069882
07	0069883
07	0069884
07	0069885
07	0069886
07	0069887
07	0069888
07	0069889
07	0069890
07	0069891
07	0069892
07	0069893
07	0069894
07	0069895
07	0069896
07	0069897
07	0069898
07	0069899
07	0069900
07	0069901
07	0069902
07	0069903
07	0069904
07	0069905
07	0069906
07	0069907
07	0069908
07	0069909
07	0069910
07	0069911
07	0069912
07	0069913
07	0069914
07	0069915
07	0069916
07	0069917
07	0069918
07	0069919
07	0069920
07	0069921
07	0069922
07	0069923
07	0069924
07	0069925
07	0069926
07	0069927
07	0069928
07	0069929
07	0069930
07	0069931
07	0069932
07	0069933
07	0069934
07	0069935
07	0069936
07	0069937
07	0069938
07	0069939
07	0069940
07	0069941
07	0069942
07	0069943
07	0069944
07	0069945
07	0069946
07	0069947
07	0069948
07	0069949
07	0069950
07	0069951
07	0069952
07	0069953
07	0069954
07	0069955
07	0069956
07	0069957
07	0069958
07	0069959
07	0069960
07	0069961
07	0069962
07	0069963
07	0069964
07	0069965
07	0069966
07	0069967
07	0069968
07	0069969
07	0069970
07	0069971
07	0069972
07	0069973
07	0069974
07	0069975
07	0069976
07	0069977
07	0069978
07	0069979
07	0069980
07	0069981
07	0069982
07	0069983
07	0069984
07	0069985
07	0069986
07	0069987
07	0069988
07	0069989
07	0069990
07	0069991
07	0069992
07	0069993
07	0069994
07	0069995
07	0069996
07	0069997
07	0069998
07	0069999
07	0070000
07	0070001
07	0070002
07	0070003
07	0070004
07	0070005
07	0070006
07	0070007
07	0070008
07	0070009
07	0070010
07	0070011
07	0070012
07	0070013
07	0070014
07	0070015
07	0070016
07	0070017
07	0070018
07	0070019
07	0070020
07	0070021
07	0070022
07	0070023
07	0070024
07	0070025
07	0070026
07	0070027
07	0070028
07	0070029
07	0070030
07	0070031
07	0070032
07	0070033
07	0070034
07	0070035
07	0070036
07	0070037
07	0070038
07	0070039
07	0070040
07	0070041
07	0070042
07	0070043
07	0070044
07	0070045
07	0070046
07	0070047
07	0070048
07	0070049
07	0070050
07	0070051
07	0070052
07	0070053
07	0070054
07	0070055
07	0070056
07	0070057
07	0070058
07	0070059
07	0070060
07	0070061
07	0070062
07	0070063
07	0070064
07	0070065
07	0070066
07	0070067
07	0070068
07	0070069
07	0070070
07	0070071
07	0070072
07	0070073
07	0070074
07	0070075
07	0070076
07	0070077
07	0070078
07	0070079
07	0070080
07	0070081
07	0070082
07	0070083
07	0070084
07	0070085
07	0070086
07	0070087
07	0070088
07	0070089
07	0070090
07	0070091
07	0070092
07	0070093
07	0070094
07	0070095
07	0070096
07	0070097
07	0070098
07	0070099
07	0070100
07	0070101
07	0070102
07	0070103
07	0070104
07	0070105
07	0070106
07	0070107
07	0070108
07	0070109
07	0070110
07	0070111
07	0070112
07	0070113
07	0070114
07	0070115
07	0070116
07	0070117
07	0070118
07	0070119
07	0070120
07	0070121
07	0070122
07	0070123
07	0070124
07	0070125
07	0070126
07	0070127
07	0070128
07	0070129
07	0070130
07	0070131
07	0070132
07	0070133
07	0070134
07	0070135
07	0070136
07	0070137
07	0070138
07	0070139
07	0070140
07	0070141
07	0070142
07	0070143
07	0070144
07	0070145
07	0070146
07	0070147
07	0070148
07	0070149
07	0070150
07	0070151
07	0070152
07	0070153
07	0070154
07	0070155
07	0070156
07	0070157
07	0070158
07	0070159
07	0070160
07	0070161
07	0070162
07	0070163
07	0070164
07	0070165
07	0070166
07	0070167
07	0070168
07	0070169
07	0070170
07	0070171
07	0070172
07	0070173
07	0070174
07	0070175
07	0070176
07	0070177
07	0070178
07	0070179
07	0070180
07	0070181
07	0070182
07	0070183
07	0070184
07	0070185
07	0070186
07	0070187
07	0070188
07	0070189
07	0070190
07	0070191
07	0070192
07	0070193
07	0070194
07	0070195
07	0070196
07	0070197
07	0070198
07	0070199
07	0070200
07	0070201
07	0070202
07	0070203
07	0070204
07	0070205
07	0070206
07	0070207
07	0070208
07	0070209
07	0070210
07	0070211
07	0070212
07	0070213
07	0070214
07	0070215
07	0070216
07	0070217
07	0070218
07	0070219
07	0070220
07	0070221
07	0070222
07	0070223
07	0070224
07	0070225
07	0070226
07	0070227
07	0070228
07	0070229
07	0070230
07	0070231
07	0070232
07	0070233
07	0070234
07	0070235
07	0070236
07	0070237
07	0070238
07	0070239
07	0070240
07	0070241
07	0070242
07	0070243
07	0070244
07	0070245
07	0070246
07	0070247
07	0070248
07	0070249
07	0070250
07	0070251
07	0070252
07	0070253
07	0070254
07	0070255
07	0070256
07	0070257
07	0070258
07	0070259
07	0070260
07	0070261
07	0070262
07	0070263
07	0070264
07	0070265
07	0070266
07	0070267
07	0070268
07	0070269
07	0070270
07	0070271
07	0070272
07	0070273
07	0070274
07	0070275
07	0070276
07	0070277
07	0070278
07	0070279
07	0070280
07	0070281
07	0070282
07	0070283
07	0070284
07	0070285
07	0070286
07	0070287
07	0070288
07	0070289
07	0070290
07	0070291
07	0070292
07	0070293
07	0070294
07	0070295
07	0070296
07	0070297
07	0070298
07	0070299
07	0070300
07	0070301
07	0070302
07	0070303
07	0070304
07	0070305
07	0070306
07	0070307
07	0070308
07	0070309
07	0070310
07	0070311
07	0070312
07	0070313
07	0070314
07	0070315
07	0070316
07	0070317
07	0070318
07	0070319
07	0070320
07	0070321
07	0070322
07	0070323
07	0070324
07	0070325
07	0070326
07	0070327
07	0070328
07	0070329
07	0070330
07	0070331
07	0070332
07	0070333
07	0070334
07	0070335
07	0070336
07	0070337
07	0070338
07	0070339
07	0070340
07	0070341
07	0070342
07	0070343
07	0070344
07	0070345
07	0070346
07	0070347
07	0070348
07	0070349
07	0070350
07	0070351
07	0070352
07	0070353
07	0070354
07	0070355
07	0070356
07	0070357
07	0070358
07	0070359
07	0070360
07	0070361
07	0070362
07	0070363
07	0070364
07	0070365
07	0070366
07	0070367
07	0070368
07	0070369
07	0070370
07	0070371
07	0070372
07	0070373
07	0070374
07	0070375
07	0070376
07	0070377
07	0070378
07	0070379
07	0070380
07	0070381
07	0070382
07	0070383
07	0070384
07	0070385
07	0070386
07	0070387
07	0070388
07	0070389
07	0070390
07	0070391
07	0070392
07	0070393
07	0070394
07	0070395
07	0070396
07	0070397
07	0070398
07	0070399
07	0070400
07	0070401
07	0070402
07	0070403
07	0070404
07	0070405
07	0070406
07	0070407
07	0070408
07	0070409
07	0070410
07	0070411
07	0070412
07	0070413
07	0070414
07	0070415
07	0070416
07	0070417
07	0070418
07	0070419
07	0070420
07	0070421
07	0070422
07	0070423
07	0070424
07	0070425
07	0070426
07	0070427
07	0070428
07	0070429
07	0070430
07	0070431
07	0070432
07	0070433
07	0070434
07	0070435
07	0070436
07	0070437
07	0070438
07	0070439
07	0070440
07	0070441
07	0070442
07	0070443
07	0070444
07	0070445
07	0070446
07	0070447
07	0070448
07	0070449
07	0070450
07	0070451
07	0070452
07	0070453
07	0070454
07	0070455
07	0070456
07	0070457
07	0070458
07	0070459
07	0070460
07	0070461
07	0070462
07	0070463
07	0070464
07	0070465
07	0070466
07	0070467
07	0070468
07	0070469
07	0070470
07	0070471
07	0070472
07	0070473
07	0070474
07	0070475
07	0070476
07	0070477
07	0070478
07	0070479
07	0070480
07	0070481
07	0070482
07	0070483
07	0070484
07	0070485
07	0070486
07	0070487
07	0070488
07	0070489
07	0070490
07	0070491
07	0070492
07	0070493
07	0070494
07	0070495
07	0070496
07	0070497
07	0070498
07	0070499
07	0070500
07	0070501
07	0070502
07	0070503
07	0070504
07	0070505
07	0070506
07	0070507
07	0070508
07	0070509
07	0070510
07	0070511
07	0070512
07	0070513
07	0070514
07	0070515
07	0070516
07	0070517
07	0070518
07	0070519
07	0070520
07	0070521
07	0070522
07	0070523
07	0070524
07	0070525
07	0070526
07	0070527
07	0070528
07	0070529
07	0070530
07	0070531
07	0070532
07	0070533
07	0070534
07	0070535
07	0070536
07	0070537
07	0070538
07	0070539
07	0070540
07	0070541
07	0070542
07	0070543
07	0070544
07	0070545
07	0070546
07	0070547
07	0070548
07	0070549
07	0070550
07	0070551
07	0070552
07	0070553
07	0070554
07	0070555
07	0070556
07	0070557
07	0070558
07	0070559
07	0070560
07	0070561
07	0070562
07	0070563
07	0070564
07	0070565
07	0070566
07	0070567
07	0070568
07	0070569
07	0070570
07	0070571
07	0070572
07	0070573
07	0070574
07	0070575
07	0070576
07	0070577
07	0070578
07	0070579
07	0070580
07	0070581
07	0070582
07	0070583
07	0070584
07	0070585
07	0070586
07	0070587
07	0070588
07	0070589
07	0070590
07	0070591
07	0070592
07	0070593
07	0070594
07	0070595
07	0070596
07	0070597
07	0070598
07	0070599
07	0070600
07	0070601
07	0070602
07	0070603
07	0070604
07	0070605
07	0070606
07	0070607
07	0070608
07	0070609
07	0070610
07	0070611
07	0070612
07	0070613
07	0070614
07	0070615
07	0070616
07	0070617
07	0070618
07	0070619
07	0070620
07	0070621
07	0070622
07	0070623
07	0070624
07	0070625
07	0070626
07	0070627
07	0070628
07	0070629
07	0070630
07	0070631
07	0070632
07	0070633
07	0070634
07	0070635
07	0070636
07	0070637
07	0070638
07	0070639
07	0070640
07	0070641
07	0070642
07	0070643
07	0070644
07	0070645
07	0070646
07	0070647
07	0070648
07	0070649
07	0070650
07	0070651
07	0070652
07	0070653
07	0070654
07	0070655
07	0070656
07	0070657
07	0070658
07	0070659
07	0070660
07	0070661
07	0070662
07	0070663
07	0070664
07	0070665
07	0070666
07	0070667
07	0070668
07	0070669
07	0070670
07	0070671
07	0070672
07	0070673
07	0070674
07	0070675
07	0070676
07	0070677
07	0070678
07	0070679
07	0070680
07	0070681
07	0070682
07	0070683
07	0070684
07	0070685
07	0070686
07	0070687
07	0070688
07	0070689
07	0070690
07	0070691
07	0070692
07	0070693
07	0070694
07	0070695
07	0070696
07	0070697
07	0070698
07	0070699
07	0070700
07	0070701
07	0070702
07	0070703
07	0070704
07	0070705
07	0070706
07	0070707
07	0070708
07	0070709
07	0070710
07	0070711
07	0070712
07	0070713
07	0070714
07	0070715
07	0070716
07	0070717
07	0070718
07	0070719
07	0070720
07	0070721
07	0070722
07	0070723
07	0070724
07	0070725
07	0070726
07	0070727
07	0070728
07	0070729
07	0070730
07	0070731
07	0070732
07	0070733
07	0070734
07	0070735
07	0070736
07	0070737
07	0070738
07	0070739
07	0070740
07	0070741
07	0070742
07	0070743
07	0070744
07	0070745
07	0070746
07	0070747
07	0070748
07	0070749
07	0070750
07	0070751
07	0070752
07	0070753
07	0070754
07	0070755
07	0070756
07	0070757
07	0070758
07	0070759
07	0070760
07	0070761
07	0070762
07	0070763
07	0070764
07	0070765
07	0070766
07	0070767
07	0070768
07	0070769
07	0070771
07	0070772
07	0070773
07	0070774
07	0070775
07	0070776
07	0070777
07	0070778
07	0070779
07	0070780
07	0070781
07	0070782
07	0070783
07	0070784
07	0070785
07	0070786
07	0070787
07	0070788
07	0070789
07	0070790
07	0070791
07	0070792
07	0070793
07	0070794
07	0070795
07	0070796
07	0070797
07	0070798
07	0070799
07	0070800
07	0070801
07	0070802
07	0070803
07	0070804
07	0070805
07	0070806
07	0070807
07	0070808
07	0070809
07	0070810
07	0070811
07	0070812
07	0070813
07	0070814
07	0070815
07	0070816
07	0070817
07	0070818
07	0070819
07	0070820
07	0070821
07	0070822
07	0070823
07	0070824
07	0070825
07	0070826
07	0070827
07	0070828
07	0070829
07	0070830
07	0070831
07	0070832
07	0070833
07	0070834
07	0070835
07	0070836
07	0070837
07	0070838
07	0070839
07	0070840
07	0070841
07	0070842
07	0070843
07	0070844
07	0070845
07	0070846
07	0070847
07	0070848
07	0070849
07	0070850
07	0070851
07	0070852
07	0070853
07	0070854
07	0070855
07	0070856
07	0070857
07	0070858
07	0070859
07	0070860
07	0070861
07	0070862
07	0070863
07	0070864
07	0070865
07	0070866
07	0070867
07	0070868
07	0070869
07	0070870
07	0070871
07	0070872
07	0070873
07	0070874
07	0070875
07	0070876
07	0070877
07	0070878
07	0070879
07	0070880
07	0070881
07	0070882
07	0070883
07	0070884
07	0070885
07	0070886
07	0070887
07	0070888
07	0070889
07	0070890
07	0070891
07	0070892
07	0070893
07	0070894
07	0070895
07	0070896
07	0070897
07	0070898
07	0070899
07	0070900
07	0070901
07	0070902
07	0070903
07	0070904
07	0070905
07	0070906
07	0070907
07	0070908
07	0070909
07	0070910
07	0070911
07	0070912
07	0070913
07	0070914
07	0070915
07	0070916
07	0070917
07	0070918
07	0070919
07	0070920
07	0070921
07	0070922
07	0070923
07	0070924
07	0070925
07	0070926
07	0070927
07	0070928
07	0070929
07	0070930
07	0070931
07	0070932
07	0070933
07	0070934
07	0070935
07	0070936
07	0070937
07	0070938
07	0070939
07	0070940
07	0070941
07	0070942
07	0070943
07	0070944
07	0070945
07	0070946
07	0070947
07	0070948
07	0070949
07	0070950
07	0070951
07	0070952
07	0070953
07	0070954
07	0070955
07	0070956
07	0070957
07	0070958
07	0070959
07	0070960
07	0070961
07	0070962
07	0070963
07	0070964
07	0070965
07	0070966
07	0070967
07	0070968
07	0070969
07	0070970
07	0070971
07	0070972
07	0070973
07	0070974
07	0070975
07	0070976
07	0070977
07	0070978
07	0070979
07	0070980
07	0070981
07	0070982
07	0070983
07	0070984
07	0070985
07	0070986
07	0070987
07	0070988
07	0070989
07	0070990
07	0070991
07	0070992
07	0070993
07	0070994
07	0070995
07	0070996
07	0070997
07	0070998
07	0070999
07	0071000
07	0071001
07	0071002
07	0071003
07	0071004
07	0071005
07	0071006
07	0071007
07	0071008
07	0071009
07	0071010
07	0071011
07	0071012
07	0071013
07	0071014
07	0071015
07	0071016
07	0071017
07	0071018
07	0071019
07	0071020
07	0071021
07	0071022
07	0071023
07	0071024
07	0071025
07	0071026
07	0071027
07	0071028
07	0071029
07	0071030
07	0071031
07	0071032
07	0071033
07	0071034
07	0071035
07	0071036
07	0071037
07	0071038
07	0071039
07	0071040
07	0071041
07	0071042
07	0071043
07	0071044
07	0071045
07	0071046
07	0071047
07	0071048
07	0071049
07	0071050
07	0071051
07	0071052
07	0071053
07	0071054
07	0071055
07	0071056
07	0071057
07	0071058
07	0071059
07	0071060
07	0071061
07	0071062
07	0071063
07	0071064
07	0071065
07	0071066
07	0071067
07	0071068
07	0071069
07	0071070
07	0071071
07	0071072
07	0071073
07	0071074
07	0071075
07	0071076
07	0071077
07	0071078
07	0071079
07	0071080
07	0071081
07	0071082
07	0071083
07	0071084
07	0071085
07	0071086
07	0071087
07	0071088
07	0071089
07	0071090
07	0071091
07	0071092
07	0071093
07	0071094
07	0071095
07	0071096
07	0071097
07	0071098
07	0071099
07	0071100
07	0071101
07	0071102
07	0071103
07	0071104
07	0071105
07	0071106
07	0071107
07	0071108
07	0071109
07	0071110
07	0071111
07	0071112
07	0071113
07	0071114
07	0071115
07	0071116
07	0071117
07	0071118
07	0071119
07	0071120
07	0071121
07	0071122
07	0071123
07	0071124
07	0071125
07	0071126
07	0071127
07	0071128
07	0071129
07	0071130
07	0071131
07	0071132
07	0071133
07	0071134
07	0071135
07	0071136
07	0071137
07	0071138
07	0071139
07	0071140
07	0071141
07	0071142
07	0071143
07	0071144
07	0071145
07	0071146
07	0071147
07	0071148
07	0071149
07	0071150
07	0071151
07	0071152
07	0071153
07	0071154
07	0071155
07	0071156
07	0071157
07	0071158
07	0071159
07	0071160
07	0071161
07	0071162
07	0071163
07	0071164
07	0071165
07	0071166
07	0071167
07	0071168
07	0071169
07	0071170
07	0071171
07	0071172
07	0071173
07	0071174
07	0071175
07	0071176
07	0071177
07	0071178
07	0071179
07	0071180
07	0071181
07	0071182
07	0071183
07	0071184
07	0071185
07	0071186
07	0071187
07	0071188
07	0071189
07	0071190
07	0071191
07	0071192
07	0071193
07	0071194
07	0071195
07	0071196
07	0071197
07	0071198
07	0071199
07	0071200
07	0071201
07	0071202
07	0071203
07	0071204
07	0071205
07	0071206
07	0071207
07	0071208
07	0071209
07	0071210
07	0071211
07	0071212
07	0071213
07	0071214
07	0071215
07	0071216
07	0071217
07	0071218
07	0071219
07	0071220
07	0071221
07	0071222
07	0071223
07	0071224
07	0071225
07	0071226
07	0071227
07	0071228
07	0071229
07	0071230
07	0071231
07	0071232
07	0071233
07	0071234
07	0071235
07	0071236
07	0071237
07	0071238
07	0071239
07	0071240
07	0071241
07	0071242
07	0071243
07	0071244
07	0071245
07	0071246
07	0071247
07	0071248
07	0071249
07	0071250
07	0071251
07	0071252
07	0071253
07	0071254
07	0071255
07	0071256
07	0071257
07	0071258
07	0071259
07	0071260
07	0071261
07	0071262
07	0071263
07	0071264
07	0071265
07	0071266
07	0071267
07	0071268
07	0071269
07	0071270
07	0071271
07	0071272
07	0071273
07	0071274
07	0071275
07	0071276
07	0071277
07	0071279
07	0071280
07	0071281
07	0071282
07	0071283
07	0071284
07	0071285
07	0071286
07	0071287
07	0071288
07	0071289
07	0071290
07	0071291
07	0071292
07	0071293
07	0071294
07	0071295
07	0071296
07	0071297
07	0071298
07	0071299
07	0071300
07	0071301
07	0071302
07	0071303
07	0071304
07	0071305
07	0071306
07	0071307
07	0071308
07	0071309
07	0071310
07	0071311
07	0071312
07	0071313
07	0071314
07	0071315
07	0071316
07	0071317
07	0071318
07	0071319
07	0071320
07	0071321
07	0071322
07	0071323
07	0071324
07	0071325
07	0071326
07	0071327
07	0071328
07	0071329
07	0071330
07	0071331
07	0071332
07	0071333
07	0071334
07	0071335
07	0071336
07	0071337
07	0071338
07	0071339
07	0071340
07	0071341
07	0071342
07	0071343
07	0071344
07	0071345
07	0071346
07	0071347
07	0071348
07	0071349
07	0071350
07	0071351
07	0071352
07	0071353
07	0071354
07	0071355
07	0071356
07	0071357
07	0071358
07	0071359
07	0071360
07	0071361
07	0071362
07	0071363
07	0071364
07	0071365
07	0071366
07	0071367
07	0071368
07	0071369
07	0071370
07	0071371
07	0071372
07	0071373
07	0071374
07	0071375
07	0071376
07	0071377
07	0071378
07	0071379
07	0071380
07	0071381
07	0071382
07	0071383
07	0071384
07	0071385
07	0071386
07	0071387
07	0071388
07	0071389
07	0071390
07	0071391
07	0071392
07	0071393
07	0071394
07	0071395
07	0071396
07	0071397
07	0071398
07	0071399
07	0071400
07	0071401
07	0071402
07	0071403
07	0071404
07	0071405
07	0071406
07	0071407
07	0071408
07	0071409
07	0071410
07	0071411
07	0071412
07	0071413
07	0071414
07	0071415
07	0071416
07	0071417
07	0071418
07	0071419
07	0071420
07	0071421
07	0071422
07	0071423
07	0071424
07	0071425
07	0071426
07	0071427
07	0071428
07	0071429
07	0071430
07	0071431
07	0071432
07	0071433
07	0071434
07	0071435
07	0071436
07	0071437
07	0071438
07	0071439
07	0071440
07	0071441
07	0071442
07	0071443
07	0071444
07	0071445
07	0071446
07	0071447
07	0071448
07	0071449
07	0071450
07	0071451
07	0071452
07	0071453
07	0071454
07	0071455
07	0071456
07	0071457
07	0071458
07	0071459
07	0071460
07	0071461
07	0071462
07	0071463
07	0071464
07	0071465
07	0071466
07	0071467
07	0071468
07	0071469
07	0071470
07	0071471
07	0071472
07	0071473
07	0071474
07	0071475
07	0071476
07	0071477
07	0071478
07	0071479
07	0071480
07	0071481
07	0071482
07	0071483
07	0071484
07	0071485
07	0071486
07	0071487
07	0071488
07	0071489
07	0071490
07	0071491
07	0071492
07	0071493
07	0071494
07	0071495
07	0071496
07	0071497
07	0071498
07	0071499
07	0071500
07	0071501
07	0071502
07	0071503
07	0071504
07	0071505
07	0071506
07	0071507
07	0071508
07	0071509
07	0071510
07	0071511
07	0071512
07	0071513
07	0071514
07	0071515
07	0071516
07	0071517
07	0071518
07	0071519
07	0071520
07	0071521
07	0071522
07	0071523
07	0071524
07	0071525
07	0071526
07	0071527
07	0071528
07	0071529
07	0071530
07	0071531
07	0071532
07	0071533
07	0071534
07	0071535
07	0071536
07	0071537
07	0071538
07	0071539
07	0071540
07	0071541
07	0071542
07	0071543
07	0071544
07	0071545
07	0071546
07	0071547
07	0071548
07	0071549
07	0071550
07	0071551
07	0071552
07	0071553
07	0071554
07	0071555
07	0071556
07	0071557
07	0071558
07	0071559
07	0071560
07	0071561
07	0071562
07	0071563
07	0071564
07	0071565
07	0071566
07	0071567
07	0071568
07	0071569
07	0071570
07	0071571
07	0071572
07	0071573
07	0071574
07	0071575
07	0071576
07	0071577
07	0071578
07	0071579
07	0071580
07	0071581
07	0071582
07	0071583
07	0071584
07	0071585
07	0071586
07	0071587
07	0071588
07	0071589
07	0071590
07	0071591
07	0071592
07	0071593
07	0071594
07	0071595
07	0071596
07	0071597
07	0071598
07	0071599
07	0071600
07	0071601
07	0071602
07	0071603
07	0071604
07	0071605
07	0071606
07	0071607
07	0071608
07	0071609
07	0071610
07	0071611
07	0071612
07	0071613
07	0071614
07	0071615
07	0071616
07	0071617
07	0071618
07	0071619
07	0071620
07	0071621
07	0071622
07	0071623
07	0071624
07	0071625
07	0071626
07	0071627
07	0071628
07	0071629
07	0071630
07	0071631
07	0071632
07	0071633
07	0071634
07	0071635
07	0071636
07	0071637
07	0071638
07	0071639
07	0071640
07	0071641
07	0071642
07	0071643
07	0071644
07	0071645
07	0071646
07	0071647
07	0071648
07	0071649
07	0071650
07	0071651
07	0071652
07	0071653
07	0071654
07	0071655
07	0071656
07	0071657
07	0071658
07	0071659
07	0071660
07	0071661
07	0071662
07	0071663
07	0071664
07	0071665
07	0071666
07	0071667
07	0071668
07	0071669
07	0071670
07	0071671
07	0071672
07	0071673
07	0071674
07	0071675
07	0071676
07	0071677
07	0071678
07	0071679
07	0071680
07	0071681
07	0071682
07	0071683
07	0071684
07	0071685
07	0071686
07	0071687
07	0071688
07	0071689
07	0071690
07	0071691
07	0071692
07	0071693
07	0071694
07	0071695
07	0071696
07	0071697
07	0071698
07	0071699
07	0071700
07	0071701
07	0071702
07	0071703
07	0071704
07	0071705
07	0071706
07	0071707
07	0071708
07	0071709
07	0071710
07	0071711
07	0071712
07	0071713
07	0071714
07	0071715
07	0071716
07	0071717
07	0071718
07	0071719
07	0071720
07	0071721
07	0071722
07	0071723
07	0071724
07	0071725
07	0071726
07	0071727
07	0071728
07	0071729
07	0071730
07	0071731
07	0071732
07	0071733
07	0071734
07	0071735
07	0071736
07	0071737
07	0071738
07	0071739
07	0071740
07	0071741
07	0071742
07	0071743
07	0071744
07	0071745
07	0071746
07	0071747
07	0071748
07	0071749
07	0071750
07	0071751
07	0071752
07	0071753
07	0071754
07	0071755
07	0071756
07	0071757
07	0071758
07	0071759
07	0071760
07	0071761
07	0071762
07	0071763
07	0071764
07	0071765
07	0071766
07	0071767
07	0071768
07	0071769
07	0071770
07	0071771
07	0071772
07	0071773
07	0071774
07	0071775
07	0071776
07	0071777
07	0071778
07	0071779
07	0071780
07	0071781
07	0071782
07	0071783
07	0071784
07	0071785
07	0071786
07	0071787
07	0071788
07	0071789
07	0071790
07	0071791
07	0071792
07	0071793
07	0071794
07	0071795
07	0071796
07	0071797
07	0071798
07	0071799
07	0071800
07	0071801
07	0071802
07	0071803
07	0071804
07	0071805
07	0071806
07	0071807
07	0071808
07	0071809
07	0071810
07	0071811
07	0071812
07	0071813
07	0071814
07	0071815
07	0071816
07	0071817
07	0071818
07	0071819
07	0071820
07	0071821
07	0071822
07	0071823
07	0071824
07	0071825
07	0071826
07	0071827
07	0071828
07	0071829
07	0071830
07	0071831
07	0071832
07	0071833
07	0071834
07	0071835
07	0071836
07	0071837
07	0071838
07	0071839
07	0071840
07	0071841
07	0071842
07	0071843
07	0071844
07	0071845
07	0071846
07	0071847
07	0071848
07	0071849
07	0071850
07	0071851
07	0071852
07	0071853
07	0071854
07	0071855
07	0071856
07	0071857
07	0071858
07	0071859
07	0071860
07	0071861
07	0071862
07	0071863
07	0071864
07	0071865
07	0071866
07	0071867
07	0071868
07	0071869
07	0071870
07	0071871
07	0071872
07	0071873
07	0071874
07	0071875
07	0071876
07	0071877
07	0071878
07	0071879
07	0071880
07	0071881
07	0071882
07	0071883
07	0071884
07	0071885
07	0071886
07	0071887
07	0071888
07	0071889
07	0071890
07	0071891
07	0071892
07	0071893
07	0071894
07	0071895
07	0071896
07	0071897
07	0071898
07	0071899
07	0071900
07	0071901
07	0071902
07	0071903
07	0071904
07	0071905
07	0071906
07	0071907
07	0071908
07	0071909
07	0071910
07	0071911
07	0071912
07	0071913
07	0071914
07	0071915
07	0071916
07	0071917
07	0071918
07	0071919
07	0071920
07	0071921
07	0071922
07	0071923
07	0071924
07	0071925
07	0071926
07	0071927
07	0071928
07	0071929
07	0071930
07	0071931
07	0071932
07	0071933
07	0071934
07	0071935
07	0071936
07	0071937
07	0071938
07	0071939
07	0071940
07	0071941
07	0071942
07	0071943
07	0071944
07	0071945
07	0071946
07	0071947
07	0071948
07	0071949
07	0071950
07	0071951
07	0071952
07	0071953
07	0071954
07	0071955
07	0071956
07	0071957
07	0071958
07	0071959
07	0071960
07	0071961
07	0071962
07	0071963
07	0071964
07	0071965
07	0071966
07	0071967
07	0071968
07	0071969
07	0071970
07	0071971
07	0071972
07	0071973
07	0071974
07	0071975
07	0071976
07	0071977
07	0071978
07	0071979
07	0071980
07	0071981
07	0071982
07	0071983
07	0071984
07	0071985
07	0071986
07	0071987
07	0071988
07	0071989
07	0071990
07	0071991
07	0071992
07	0071993
07	0071994
07	0071995
07	0071996
07	0071997
07	0071998
07	0071999
07	0072000
07	0072001
07	0072002
07	0072003
07	0072004
07	0072005
07	0072006
07	0072007
07	0072008
07	0072009
07	0072010
07	0072011
07	0072012
07	0072013
07	0072014
07	0072015
07	0072016
07	0072017
07	0072018
07	0072019
07	0072020
07	0072021
07	0072022
07	0072023
07	0072024
07	0072025
07	0072026
07	0072027
07	0072028
07	0072029
07	0072030
07	0072031
07	0072032
07	0072033
07	0072034
07	0072035
07	0072036
07	0072037
07	0072038
07	0072039
07	0072040
07	0072041
07	0072042
07	0072043
07	0072044
07	0072045
07	0072046
07	0072047
07	0072048
07	0072049
07	0072050
07	0072051
07	0072052
07	0072053
07	0072054
07	0072055
07	0072056
07	0072057
07	0072058
07	0072059
07	0072060
07	0072061
07	0072062
07	0072063
07	0072064
07	0072065
07	0072066
07	0072067
07	0072068
07	0072069
07	0072070
07	0072071
07	0072072
07	0072073
07	0072074
07	0072075
07	0072076
07	0072077
07	0072078
07	0072079
07	0072080
07	0072081
07	0072082
07	0072083
07	0072084
07	0072085
07	0072086
07	0072087
07	0072088
07	0072089
07	0072090
07	0072091
07	0072092
07	0072093
07	0072094
07	0072095
07	0072096
07	0072097
07	0072098
07	0072099
07	0072100
07	0072101
07	0072102
07	0072103
07	0072104
07	0072105
07	0072106
07	0072107
07	0072108
07	0072109
07	0072110
07	0072111
07	0072112
07	0072113
07	0072114
07	0072115
07	0072116
07	0072117
07	0072118
07	0072119
07	0072120
07	0072121
07	0072122
07	0072123
07	0072124
07	0072125
07	0072126
07	0072127
07	0072128
07	0072129
07	0072130
07	0072131
07	0072132
07	0072133
07	0072134
07	0072135
07	0072136
07	0072137
07	0072138
07	0072139
07	0072140
07	0072141
07	0072142
07	0072143
07	0072144
07	0072145
07	0072146
07	0072147
07	0072148
07	0072149
07	0072150
07	0072151
07	0072152
07	0072153
07	0072154
07	0072155
07	0072156
07	0072157
07	0072158
07	0072159
07	0072160
07	0072161
07	0072162
07	0072163
07	0072164
07	0072165
07	0072166
07	0072167
07	0072168
07	0072169
07	0072170
07	0072171
07	0072172
07	0072174
07	0072175
07	0072176
07	0072177
07	0072178
07	0072179
07	0072180
07	0072181
07	0072182
07	0072183
07	0072184
07	0072185
07	0072186
07	0072187
07	0072188
07	0072189
07	0072190
07	0072191
07	0072192
07	0072193
07	0072194
07	0072195
07	0072196
07	0072197
07	0072198
07	0072199
07	0072200
07	0072201
07	0072202
07	0072203
07	0072204
07	0072205
07	0072206
07	0072207
07	0072208
07	0072209
07	0072210
07	0072211
07	0072212
07	0072213
07	0072214
07	0072215
07	0072216
07	0072217
07	0072218
07	0072219
07	0072220
07	0072221
07	0072222
07	0072223
07	0072224
07	0072225
07	0072226
07	0072227
07	0072228
07	0072229
07	0072230
07	0072231
07	0072232
07	0072233
07	0072234
07	0072235
07	0072236
07	0072237
07	0072238
07	0072239
07	0072240
07	0072241
07	0072242
07	0072243
07	0072244
07	0072245
07	0072246
07	0072247
07	0072248
07	0072249
07	0072250
07	0072251
07	0072252
07	0072253
07	0072254
07	0072255
07	0072256
07	0072257
07	0072258
07	0072259
07	0072260
07	0072261
07	0072262
07	0072263
07	0072264
07	0072265
07	0072266
07	0072267
07	0072268
07	0072269
07	0072270
07	0072271
07	0072272
07	0072273
07	0072274
07	0072275
07	0072276
07	0072277
07	0072278
07	0072279
07	0072280
07	0072281
07	0072282
07	0072283
07	0072284
07	0072285
07	0072286
07	0072287
07	0072288
07	0072289
07	0072290
07	0072291
07	0072292
07	0072293
07	0072294
07	0072295
07	0072296
07	0072297
07	0072298
07	0072299
07	0072300
07	0072301
07	0072302
07	0072303
07	0072304
07	0072305
07	0072306
07	0072307
07	0072308
07	0072309
07	0072310
07	0072311
07	0072312
07	0072313
07	0072314
07	0072315
07	0072316
07	0072317
07	0072318
07	0072319
07	0072320
07	0072321
07	0072322
07	0072323
07	0072324
07	0072325
07	0072326
07	0072327
07	0072328
07	0072329
07	0072330
07	0072331
07	0072332
07	0072333
07	0072334
07	0072335
07	0072336
07	0072337
07	0072338
07	0072339
07	0072340
07	0072341
07	0072342
07	0072343
07	0072344
07	0072345
07	0072346
07	0072347
07	0072348
07	0072349
07	0072350
07	0072351
07	0072352
07	0072353
07	0072354
07	0072355
07	0072356
07	0072357
07	0072358
07	0072359
07	0072360
07	0072361
07	0072362
07	0072363
07	0072364
07	0072365
07	0072366
07	0072367
07	0072368
07	0072369
07	0072370
07	0072371
07	0072372
07	0072373
07	0072374
07	0072375
07	0072376
07	0072377
07	0072378
07	0072379
07	0072380
07	0072381
07	0072382
07	0072383
07	0072384
07	0072385
07	0072386
07	0072387
07	0072388
07	0072389
07	0072390
07	0072391
07	0072392
07	0072393
07	0072394
07	0072395
07	0072396
07	0072397
07	0072398
07	0072399
07	0072400
07	0072401
07	0072402
07	0072403
07	0072404
07	0072405
07	0072406
07	0072407
07	0072408
07	0072409
07	0072410
07	0072411
07	0072412
07	0072413
07	0072414
07	0072415
07	0072416
07	0072417
07	0072418
07	0072419
07	0072420
07	0072421
07	0072422
07	0072423
07	0072424
07	0072425
07	0072426
07	0072427
07	0072428
07	0072429
07	0072430
07	0072431
07	0072432
07	0072433
07	0072434
07	0072435
07	0072436
07	0072437
07	0072438
07	0072439
07	0072440
07	0072441
07	0072442
07	0072443
07	0072444
07	0072445
07	0072446
07	0072447
07	0072448
07	0072449
07	0072450
07	0072451
07	0072452
07	0072453
07	0072454
07	0072455
07	0072456
07	0072457
07	0072458
07	0072459
07	0072460
07	0072461
07	0072462
07	0072463
07	0072464
07	0072465
07	0072466
07	0072467
07	0072468
07	0072469
07	0072470
07	0072471
07	0072472
07	0072473
07	0072474
07	0072475
07	0072476
07	0072477
07	0072478
07	0072479
07	0072480
07	0072481
07	0072482
07	0072483
07	0072484
07	0072485
07	0072486
07	0072487
07	0072488
07	0072489
07	0072490
07	0072491
07	0072492
07	0072493
07	0072494
07	0072495
07	0072496
07	0072497
07	0072498
07	0072499
07	0072500
07	0072501
07	0072502
07	0072503
07	0072504
07	0072505
07	0072506
07	0072507
07	0072508
07	0072509
07	0072510
07	0072511
07	0072512
07	0072513
07	0072514
07	0072515
07	0072516
07	0072517
07	0072518
07	0072519
07	0072520
07	0072521
07	0072522
07	0072523
07	0072524
07	0072525
07	0072526
07	0072527
07	0072528
07	0072529
07	0072530
07	0072531
07	0072532
07	0072533
07	0072534
07	0072535
07	0072536
07	0072537
07	0072538
07	0072539
07	0072540
07	0072541
07	0072542
07	0072543
07	0072544
07	0072545
07	0072546
07	0072547
07	0072548
07	0072549
07	0072550
07	0072551
07	0072552
07	0072553
07	0072554
07	0072555
07	0072557
07	0072558
07	0072559
07	0072560
07	0072561
07	0072562
07	0072563
07	0072564
07	0072565
07	0072566
07	0072567
07	0072568
07	0072569
07	0072570
07	0072571
07	0072572
07	0072573
07	0072574
07	0072575
07	0072576
07	0072577
07	0072578
07	0072579
07	0072580
07	0072581
07	0072582
07	0072583
07	0072584
07	0072585
07	0072586
07	0072587
07	0072588
07	0072589
07	0072590
07	0072591
07	0072592
07	0072593
07	0072594
07	0072595
07	0072596
07	0072597
07	0072598
07	0072599
07	0072600
07	0072601
07	0072602
07	0072603
07	0072604
07	0072605
07	0072606
07	0072607
07	0072608
07	0072609
07	0072610
07	0072611
07	0072612
07	0072613
07	0072614
07	0072615
07	0072616
07	0072617
07	0072618
07	0072619
07	0072620
07	0072621
07	0072622
07	0072623
07	0072624
07	0072625
07	0072626
07	0072627
07	0072628
07	0072629
07	0072630
07	0072631
07	0072632
07	0072633
07	0072634
07	0072635
07	0072636
07	0072637
07	0072638
07	0072639
07	0072640
07	0072641
07	0072642
07	0072643
07	0072644
07	0072645
07	0072646
07	0072647
07	0072648
07	0072649
07	0072650
07	0072651
07	0072652
07	0072653
07	0072654
07	0072655
07	0072656
07	0072657
07	0072658
07	0072659
07	0072660
07	0072661
07	0072662
07	0072663
07	0072664
07	0072665
07	0072666
07	0072667
07	0072668
07	0072669
07	0072670
07	0072671
07	0072672
07	0072673
07	0072674
07	0072675
07	0072676
07	0072677
07	0072678
07	0072679
07	0072680
07	0072681
07	0072682
07	0072683
07	0072684
07	0072685
07	0072686
07	0072687
07	0072688
07	0072689
07	0072690
07	0072691
07	0072692
07	0072693
07	0072694
07	0072695
07	0072696
07	0072697
07	0072698
07	0072699
07	0072700
07	0072701
07	0072702
07	0072703
07	0072704
07	0072705
07	0072706
07	0072707
07	0072708
07	0072709
07	0072710
07	0072711
07	0072712
07	0072713
07	0072714
07	0072715
07	0072716
07	0072717
07	0072718
07	0072719
07	0072720
07	0072721
07	0072722
07	0072723
07	0072724
07	0072725
07	0072726
07	0072727
07	0072728
07	0072729
07	0072730
07	0072731
07	0072732
07	0072733
07	0072734
07	0072735
07	0072736
07	0072737
07	0072738
07	0072739
07	0072740
07	0072741
07	0072742
07	0072743
07	0072744
07	0072745
07	0072746
07	0072747
07	0072748
07	0072749
07	0072750
07	0072751
07	0072752
07	0072753
07	0072754
07	0072755
07	0072756
07	0072757
07	0072758
07	0072759
07	0072760
07	0072761
07	0072762
07	0072763
07	0072764
07	0072765
07	0072766
07	0072767
07	0072768
07	0072769
07	0072770
07	0072771
07	0072772
07	0072773
07	0072774
07	0072775
07	0072776
07	0072777
07	0072778
07	0072779
07	0072780
07	0072781
07	0072782
07	0072783
07	0072784
07	0072785
07	0072786
07	0072787
07	0072788
07	0072789
07	0072790
07	0072791
07	0072792
07	0072793
07	0072794
07	0072795
07	0072796
07	0072797
07	0072798
07	0072799
07	0072800
07	0072801
07	0072802
07	0072803
07	0072804
07	0072805
07	0072806
07	0072807
07	0072808
07	0072809
07	0072810
07	0072811
07	0072812
07	0072813
07	0072814
07	0072815
07	0072816
07	0072817
07	0072818
07	0072819
07	0072820
07	0072821
07	0072822
07	0072823
07	0072824
07	0072825
07	0072826
07	0072827
07	0072828
07	0072829
07	0072830
07	0072831
07	0072832
07	0072833
07	0072834
07	0072835
07	0072836
07	0072837
07	0072838
07	0072839
07	0072840
07	0072841
07	0072842
07	0072843
07	0072844
07	0072845
07	0072846
07	0072847
07	0072848
07	0072849
07	0072850
07	0072851
07	0072852
07	0072853
07	0072854
07	0072855
07	0072856
07	0072857
07	0072858
07	0072859
07	0072860
07	0072861
07	0072862
07	0072863
07	0072864
07	0072865
07	0072866
07	0072867
07	0072868
07	0072869
07	0072870
07	0072871
07	0072872
07	0072873
07	0072874
07	0072875
07	0072876
07	0072877
07	0072878
07	0072879
07	0072880
07	0072881
07	0072882
07	0072883
07	0072884
07	0072885
07	0072886
07	0072887
07	0072888
07	0072889
07	0072890
07	0072891
07	0072892
07	0072893
07	0072894
07	0072895
07	0072896
07	0072897
07	0072898
07	0072899
07	0072900
07	0072901
07	0072902
07	0072903
07	0072904
07	0072905
07	0072906
07	0072907
07	0072908
07	0072909
07	0072910
07	0072911
07	0072912
07	0072913
07	0072914
07	0072915
07	0072916
07	0072917
07	0072918
07	0072919
07	0072920
07	0072921
07	0072922
07	0072923
07	0072924
07	0072925
07	0072926
07	0072927
07	0072928
07	0072929
07	0072930
07	0072931
07	0072932
07	0072933
07	0072934
07	0072935
07	0072936
07	0072937
07	0072938
07	0072939
07	0072940
07	0072941
07	0072942
07	0072943
07	0072944
07	0072945
07	0072946
07	0072947
07	0072948
07	0072949
07	0072950
07	0072951
07	0072952
07	0072953
07	0072954
07	0072955
07	0072956
07	0072957
07	0072958
07	0072959
07	0072960
07	0072961
07	0072962
07	0072963
07	0072964
07	0072965
07	0072966
07	0072967
07	0072968
07	0072969
07	0072970
07	0072971
07	0072972
07	0072973
07	0072974
07	0072975
07	0072976
07	0072977
07	0072978
07	0072979
07	0072980
07	0072981
07	0072982
07	0072983
07	0072984
07	0072985
07	0072986
07	0072987
07	0072988
07	0072989
07	0072990
07	0072991
07	0072992
07	0072993
07	0072994
07	0072995
07	0072996
07	0072997
07	0072998
07	0072999
07	0073000
07	0073001
07	0073002
07	0073003
07	0073004
07	0073005
07	0073006
07	0073007
07	0073008
07	0073009
07	0073010
07	0073011
07	0073012
07	0073013
07	0073014
07	0073015
07	0073016
07	0073017
07	0073018
07	0073019
07	0073020
07	0073021
07	0073022
07	0073023
07	0073024
07	0073025
07	0073026
07	0073027
07	0073028
07	0073029
07	0073030
07	0073031
07	0073032
07	0073033
07	0073034
07	0073035
07	0073036
07	0073037
07	0073038
07	0073039
07	0073040
07	0073041
07	0073042
07	0073043
07	0073044
07	0073045
07	0073046
07	0073047
07	0073048
07	0073049
07	0073050
07	0073051
07	0073052
07	0073053
07	0073054
07	0073055
07	0073056
07	0073057
07	0073058
07	0073059
07	0073060
07	0073061
07	0073062
07	0073063
07	0073064
07	0073065
07	0073066
07	0073067
07	0073068
07	0073069
07	0073070
07	0073071
07	0073072
07	0073073
07	0073074
07	0073075
07	0073076
07	0073077
07	0073078
07	0073079
07	0073080
07	0073081
07	0073082
07	0073083
07	0073084
07	0073085
07	0073086
07	0073087
07	0073088
07	0073089
07	0073090
07	0073091
07	0073092
07	0073093
07	0073094
07	0073095
07	0073096
07	0073097
07	0073098
07	0073099
07	0073100
07	0073101
07	0073102
07	0073103
07	0073104
07	0073105
07	0073106
07	0073107
07	0073108
07	0073109
07	0073110
07	0073111
07	0073112
07	0073113
07	0073114
07	0073115
07	0073116
07	0073117
07	0073118
07	0073119
07	0073120
07	0073121
07	0073122
07	0073123
07	0073124
07	0073125
07	0073126
07	0073127
07	0073128
07	0073129
07	0073130
07	0073131
07	0073132
07	0073133
07	0073134
07	0073135
07	0073136
07	0073137
07	0073138
07	0073139
07	0073140
07	0073141
07	0073142
07	0073143
07	0073144
07	0073145
07	0073146
07	0073147
07	0073148
07	0073149
07	0073150
07	0073151
07	0073152
07	0073153
07	0073154
07	0073155
07	0073156
07	0073157
07	0073158
07	0073159
07	0073160
07	0073161
07	0073162
07	0073163
07	0073164
07	0073165
07	0073166
07	0073167
07	0073168
07	0073169
07	0073170
07	0073171
07	0073172
07	0073173
07	0073174
07	0073175
07	0073176
07	0073177
07	0073178
07	0073179
07	0073180
07	0073181
07	0073182
07	0073183
07	0073184
07	0073185
07	0073186
07	0073187
07	0073188
07	0073189
07	0073190
07	0073191
07	0073192
07	0073193
07	0073194
07	0073195
07	0073196
07	0073197
07	0073198
07	0073199
07	0073200
07	0073201
07	0073202
07	0073203
07	0073204
07	0073205
07	0073206
07	0073207
07	0073208
07	0073209
07	0073210
07	0073211
07	0073212
07	0073213
07	0073214
07	0073215
07	0073216
07	0073217
07	0073218
07	0073219
07	0073220
07	0073221
07	0073222
07	0073223
07	0073224
07	0073225
07	0073226
07	0073227
07	0073228
07	0073229
07	0073230
07	0073231
07	0073232
07	0073233
07	0073234
07	0073235
07	0073236
07	0073237
07	0073238
07	0073239
07	0073240
07	0073241
07	0073242
07	0073243
07	0073244
07	0073245
07	0073246
07	0073247
07	0073248
07	0073249
07	0073250
07	0073251
07	0073252
07	0073253
07	0073254
07	0073255
07	0073256
07	0073257
07	0073258
07	0073259
07	0073260
07	0073261
07	0073262
07	0073263
07	0073264
07	0073265
07	0073266
07	0073267
07	0073268
07	0073269
07	0073270
07	0073271
07	0073272
07	0073273
07	0073274
07	0073275
07	0073276
07	0073277
07	0073278
07	0073279
07	0073280
07	0073281
07	0073282
07	0073283
07	0073284
07	0073285
07	0073286
07	0073287
07	0073288
07	0073289
07	0073290
07	0073291
07	0073292
07	0073293
07	0073294
07	0073295
07	0073296
07	0073297
07	0073298
07	0073299
07	0073300
07	0073301
07	0073302
07	0073303
07	0073304
07	0073305
07	0073306
07	0073307
07	0073308
07	0073309
07	0073310
07	0073311
07	0073312
07	0073313
07	0073314
07	0073315
07	0073316
07	0073317
07	0073318
07	0073319
07	0073320
07	0073321
07	0073322
07	0073323
07	0073324
07	0073325
07	0073326
07	0073327
07	0073328
07	0073329
07	0073330
07	0073331
07	0073332
07	0073333
07	0073334
07	0073335
07	0073336
07	0073337
07	0073338
07	0073339
07	0073340
07	0073341
07	0073342
07	0073343
07	0073344
07	0073345
07	0073346
07	0073347
07	0073348
07	0073349
07	0073350
07	0073351
07	0073352
07	0073353
07	0073354
07	0073355
07	0073356
07	0073357
07	0073358
07	0073359
07	0073361
07	0073362
07	0073363
07	0073364
07	0073365
07	0073366
07	0073367
07	0073368
07	0073369
07	0073370
07	0073371
07	0073372
07	0073373
07	0073374
07	0073375
07	0073376
07	0073377
07	0073378
07	0073379
07	0073380
07	0073381
07	0073382
07	0073383
07	0073384
07	0073385
07	0073386
07	0073387
07	0073388
07	0073389
07	0073390
07	0073391
07	0073392
07	0073393
07	0073394
07	0073395
07	0073396
07	0073397
07	0073398
07	0073399
07	0073400
07	0073401
07	0073402
07	0073403
07	0073404
07	0073405
07	0073406
07	0073407
07	0073408
07	0073409
07	0073410
07	0073411
07	0073412
07	0073413
07	0073414
07	0073415
07	0073416
07	0073417
07	0073418
07	0073419
07	0073420
07	0073421
07	0073422
07	0073423
07	0073424
07	0073425
07	0073426
07	0073427
07	0073428
07	0073429
07	0073430
07	0073431
07	0073432
07	0073433
07	0073434
07	0073435
07	0073436
07	0073437
07	0073438
07	0073439
07	0073440
07	0073441
07	0073442
07	0073443
07	0073444
07	0073445
07	0073446
07	0073447
07	0073448
07	0073449
07	0073450
07	0073451
07	0073452
07	0073453
07	0073454
07	0073455
07	0073456
07	0073457
07	0073458
07	0073459
07	0073460
07	0073461
07	0073462
07	0073463
07	0073464
07	0073465
07	0073466
07	0073467
07	0073468
07	0073469
07	0073470
07	0073471
07	0073472
07	0073473
07	0073474
07	0073475
07	0073476
07	0073477
07	0073478
07	0073479
07	0073480
07	0073481
07	0073482
07	0073483
07	0073484
07	0073485
07	0073486
07	0073487
07	0073488
07	0073489
07	0073490
07	0073491
07	0073492
07	0073493
07	0073494
07	0073495
07	0073496
07	0073497
07	0073498
07	0073499
07	0073500
07	0073501
07	0073502
07	0073503
07	0073504
07	0073505
07	0073506
07	0073507
07	0073508
07	0073509
07	0073510
07	0073511
07	0073512
07	0073513
07	0073514
07	0073515
07	0073516
07	0073517
07	0073518
07	0073519
07	0073520
07	0073521
07	0073522
07	0073523
07	0073524
07	0073525
07	0073526
07	0073527
07	0073528
07	0073529
07	0073530
07	0073531
07	0073532
07	0073533
07	0073534
07	0073535
07	0073536
07	0073537
07	0073538
07	0073539
07	0073540
07	0073541
07	0073542
07	0073543
07	0073544
07	0073545
07	0073546
07	0073547
07	0073548
07	0073549
07	0073550
07	0073551
07	0073552
07	0073553
07	0073554
07	0073555
07	0073556
07	0073557
07	0073558
07	0073559
07	0073560
07	0073561
07	0073562
07	0073563
07	0073564
07	0073565
07	0073566
07	0073567
07	0073568
07	0073569
07	0073570
07	0073571
07	0073572
07	0073573
07	0073574
07	0073575
07	0073576
07	0073577
07	0073578
07	0073579
07	0073580
07	0073581
07	0073582
07	0073583
07	0073584
07	0073585
07	0073586
07	0073587
07	0073588
07	0073589
07	0073590
07	0073591
07	0073592
07	0073593
07	0073594
07	0073595
07	0073596
07	0073597
07	0073598
07	0073599
07	0073600
07	0073601
07	0073602
07	0073603
07	0073604
07	0073605
07	0073606
07	0073607
07	0073608
07	0073609
07	0073610
07	0073611
07	0073612
07	0073613
07	0073614
07	0073615
07	0073616
07	0073617
07	0073618
07	0073619
07	0073620
07	0073621
07	0073622
07	0073623
07	0073624
07	0073625
07	0073626
07	0073627
07	0073628
07	0073629
07	0073630
07	0073631
07	0073632
07	0073633
07	0073634
07	0073635
07	0073636
07	0073637
07	0073638
07	0073639
07	0073640
07	0073641
07	0073642
07	0073643
07	0073644
07	0073645
07	0073646
07	0073647
07	0073648
07	0073649
07	0073650
07	0073651
07	0073652
07	0073653
07	0073654
07	0073655
07	0073656
07	0073657
07	0073658
07	0073659
07	0073660
07	0073661
07	0073662
07	0073663
07	0073664
07	0073665
07	0073666
07	0073667
07	0073668
07	0073669
07	0073670
07	0073671
07	0073672
07	0073673
07	0073674
07	0073675
07	0073676
07	0073677
07	0073678
07	0073679
07	0073680
07	0073681
07	0073682
07	0073683
07	0073684
07	0073685
07	0073686
07	0073687
07	0073688
07	0073689
07	0073690
07	0073691
07	0073692
07	0073693
07	0073694
07	0073695
07	0073696
07	0073697
07	0073698
07	0073699
07	0073700
07	0073701
07	0073702
07	0073703
07	0073704
07	0073705
07	0073706
07	0073707
07	0073708
07	0073709
07	0073710
07	0073711
07	0073712
07	0073713
07	0073714
07	0073715
07	0073716
07	0073717
07	0073718
07	0073719
07	0073720
07	0073721
07	0073722
07	0073723
07	0073724
07	0073725
07	0073726
07	0073727
07	0073728
07	0073729
07	0073730
07	0073731
07	0073732
07	0073733
07	0073734
07	0073735
07	0073736
07	0073737
07	0073738
07	0073739
07	0073740
07	0073741
07	0073742
07	0073743
07	0073744
07	0073745
07	0073746
07	0073747
07	0073748
07	0073749
07	0073750
07	0073751
07	0073752
07	0073753
07	0073754
07	0073755
07	0073756
07	0073757
07	0073758
07	0073759
07	0073760
07	0073761
07	0073762
07	0073763
07	0073764
07	0073765
07	0073766
07	0073767
07	0073768
07	0073769
07	0073770
07	0073771
07	0073772
07	0073773
07	0073774
07	0073775
07	0073776
07	0073777
07	0073778
07	0073779
07	0073780
07	0073781
07	0073782
07	0073783
07	0073784
07	0073785
07	0073786
07	0073787
07	0073788
07	0073789
07	0073790
07	0073791
07	0073792
07	0073793
07	0073794
07	0073795
07	0073796
07	0073797
07	0073798
07	0073799
07	0073800
07	0073801
07	0073802
07	0073803
07	0073804
07	0073805
07	0073806
07	0073807
07	0073808
07	0073809
07	0073810
07	0073811
07	0073812
07	0073813
07	0073814
07	0073815
07	0073816
07	0073817
07	0073818
07	0073819
07	0073820
07	0073821
07	0073822
07	0073823
07	0073824
07	0073825
07	0073826
07	0073827
07	0073828
07	0073829
07	0073830
07	0073831
07	0073832
07	0073833
07	0073834
07	0073835
07	0073836
07	0073837
07	0073838
07	0073839
07	0073840
07	0073841
07	0073842
07	0073843
07	0073844
07	0073845
07	0073846
07	0073847
07	0073848
07	0073849
07	0073850
07	0073851
07	0073852
07	0073853
07	0073854
07	0073855
07	0073856
07	0073857
07	0073858
07	0073859
07	0073860
07	0073861
07	0073862
07	0073863
07	0073864
07	0073865
07	0073866
07	0073867
07	0073868
07	0073869
07	0073870
07	0073871
07	0073872
07	0073873
07	0073874
07	0073875
07	0073876
07	0073877
07	0073878
07	0073879
07	0073880
07	0073881
07	0073882
07	0073883
07	0073884
07	0073885
07	0073886
07	0073887
07	0073888
07	0073889
07	0073890
07	0073891
07	0073892
07	0073893
07	0073894
07	0073895
07	0073896
07	0073897
07	0073898
07	0073899
07	0073900
07	0073901
07	0073902
07	0073903
07	0073904
07	0073905
07	0073906
07	0073907
07	0073908
07	0073909
07	0073910
07	0073911
07	0073912
07	0073913
07	0073914
07	0073915
07	0073916
07	0073917
07	0073918
07	0073919
07	0073920
07	0073921
07	0073922
07	0073923
07	0073924
07	0073925
07	0073926
07	0073927
07	0073928
07	0073929
07	0073930
07	0073931
07	0073932
07	0073933
07	0073934
07	0073935
07	0073936
07	0073937
07	0073938
07	0073939
07	0073940
07	0073941
07	0073942
07	0073943
07	0073944
07	0073945
07	0073946
07	0073947
07	0073948
07	0073949
07	0073950
07	0073951
07	0073952
07	0073953
07	0073954
07	0073955
07	0073956
07	0073957
07	0073958
07	0073959
07	0073960
07	0073961
07	0073962
07	0073963
07	0073964
07	0073965
07	0073966
07	0073967
07	0073968
07	0073969
07	0073970
07	0073971
07	0073972
07	0073973
07	0073974
07	0073975
07	0073976
07	0073977
07	0073978
07	0073979
07	0073980
07	0073981
07	0073982
07	0073983
07	0073984
07	0073985
07	0073986
07	0073987
07	0073988
07	0073989
07	0073990
07	0073991
07	0073992
07	0073993
07	0073994
07	0073995
07	0073996
07	0073997
07	0073998
07	0073999
07	0074000
07	0074001
07	0074002
07	0074003
07	0074004
07	0074005
07	0074006
07	0074007
07	0074008
07	0074009
07	0074010
07	0074011
07	0074012
07	0074013
07	0074014
07	0074015
07	0074016
07	0074017
07	0074018
07	0074019
07	0074020
07	0074021
07	0074022
07	0074023
07	0074024
07	0074025
07	0074026
07	0074027
07	0074028
07	0074029
07	0074030
07	0074031
07	0074032
07	0074033
07	0074034
07	0074035
07	0074036
07	0074037
07	0074038
07	0074039
07	0074040
07	0074041
07	0074042
07	0074043
07	0074044
07	0074045
07	0074046
07	0074047
07	0074048
07	0074049
07	0074050
07	0074051
07	0074052
07	0074053
07	0074054
07	0074055
07	0074056
07	0074057
07	0074058
07	0074059
07	0074060
07	0074061
07	0074062
07	0074063
07	0074064
07	0074065
07	0074066
07	0074067
07	0074068
07	0074069
07	0074070
07	0074071
07	0074072
07	0074073
07	0074074
07	0074075
07	0074076
07	0074077
07	0074078
07	0074079
07	0074080
07	0074081
07	0074082
07	0074083
07	0074084
07	0074085
07	0074086
07	0074087
07	0074088
07	0074089
07	0074090
07	0074091
07	0074092
07	0074093
07	0074094
07	0074095
07	0074096
07	0074097
07	0074098
07	0074099
07	0074100
07	0074101
07	0074102
07	0074103
07	0074104
07	0074105
07	0074106
07	0074107
07	0074108
07	0074109
07	0074110
07	0074111
07	0074112
07	0074113
07	0074114
07	0074115
07	0074116
07	0074117
07	0074118
07	0074119
07	0074120
07	0074121
07	0074122
07	0074123
07	0074124
07	0074125
07	0074126
07	0074127
07	0074128
07	0074129
07	0074130
07	0074131
07	0074132
07	0074133
07	0074134
07	0074135
07	0074136
07	0074137
07	0074138
07	0074139
07	0074140
07	0074141
07	0074142
07	0074143
07	0074144
07	0074145
07	0074146
07	0074147
07	0074148
07	0074149
07	0074150
07	0074151
07	0074152
07	0074153
07	0074154
07	0074155
07	0074156
07	0074157
07	0074158
07	0074159
07	0074160
07	0074161
07	0074162
07	0074163
07	0074164
07	0074165
07	0074166
07	0074167
07	0074168
07	0074169
07	0074170
07	0074171
07	0074172
07	0074173
07	0074174
07	0074175
07	0074176
07	0074177
07	0074178
07	0074179
07	0074180
07	0074181
07	0074182
07	0074183
07	0074184
07	0074185
07	0074186
07	0074187
07	0074188
07	0074189
07	0074190
07	0074191
07	0074192
07	0074193
07	0074194
07	0074195
07	0074196
07	0074197
07	0074198
07	0074199
07	0074200
07	0074201
07	0074202
07	0074203
07	0074204
07	0074205
07	0074206
07	0074207
07	0074208
07	0074209
07	0074210
07	0074211
07	0074212
07	0074213
07	0074214
07	0074215
07	0074216
07	0074217
07	0074218
07	0074219
07	0074220
07	0074221
07	0074222
07	0074223
07	0074224
07	0074225
07	0074226
07	0074227
07	0074228
07	0074229
07	0074230
07	0074231
07	0074232
07	0074233
07	0074234
07	0074235
07	0074236
07	0074237
07	0074238
07	0074239
07	0074240
07	0074241
07	0074242
07	0074243
07	0074244
07	0074245
07	0074246
07	0074247
07	0074248
07	0074249
07	0074250
07	0074251
07	0074252
07	0074253
07	0074254
07	0074255
07	0074256
07	0074257
07	0074258
07	0074259
07	0074260
07	0074261
07	0074262
07	0074263
07	0074264
07	0074265
07	0074266
07	0074267
07	0074268
07	0074269
07	0074270
07	0074271
07	0074272
07	0074273
07	0074274
07	0074275
07	0074276
07	0074277
07	0074278
07	0074279
07	0074280
07	0074281
07	0074282
07	0074283
07	0074284
07	0074285
07	0074286
07	0074287
07	0074288
07	0074289
07	0074290
07	0074291
07	0074292
07	0074293
07	0074294
07	0074295
07	0074296
07	0074297
07	0074298
07	0074299
07	0074300
07	0074301
07	0074302
07	0074303
07	0074304
07	0074305
07	0074306
07	0074307
07	0074308
07	0074309
07	0074310
07	0074311
07	0074312
07	0074313
07	0074314
07	0074315
07	0074316
07	0074317
07	0074318
07	0074319
07	0074320
07	0074321
07	0074322
07	0074323
07	0074324
07	0074325
07	0074326
07	0074327
07	0074328
07	0074329
07	0074330
07	0074331
07	0074332
07	0074333
07	0074334
07	0074335
07	0074336
07	0074337
07	0074338
07	0074339
07	0074340
07	0074341
07	0074342
07	0074343
07	0074344
07	0074345
07	0074346
07	0074347
07	0074348
07	0074349
07	0074350
07	0074351
07	0074352
07	0074353
07	0074354
07	0074355
07	0074356
07	0074357
07	0074358
07	0074359
07	0074360
07	0074361
07	0074362
07	0074363
07	0074364
07	0074365
07	0074366
07	0074367
07	0074368
07	0074369
07	0074370
07	0074371
07	0074372
07	0074373
07	0074374
07	0074375
07	0074376
07	0074377
07	0074378
07	0074379
07	0074380
07	0074381
07	0074382
07	0074383
07	0074384
07	0074385
07	0074386
07	0074387
07	0074388
07	0074389
07	0074390
07	0074391
07	0074392
07	0074393
07	0074394
07	0074395
07	0074396
07	0074397
07	0074398
07	0074399
07	0074400
07	0074401
07	0074402
07	0074403
07	0074404
07	0074405
07	0074406
07	0074407
07	0074408
07	0074409
07	0074410
07	0074411
07	0074412
07	0074413
07	0074414
07	0074415
07	0074416
07	0074417
07	0074418
07	0074419
07	0074420
07	0074421
07	0074422
07	0074423
07	0074424
07	0074425
07	0074426
07	0074427
07	0074428
07	0074429
07	0074430
07	0074431
07	0074432
07	0074433
07	0074434
07	0074435
07	0074436
07	0074437
07	0074438
07	0074439
07	0074440
07	0074441
07	0074442
07	0074443
07	0074444
07	0074445
07	0074446
07	0074447
07	0074448
07	0074449
07	0074450
07	0074451
07	0074452
07	0074453
07	0074454
07	0074455
07	0074456
07	0074457
07	0074458
07	0074459
07	0074460
07	0074461
07	0074462
07	0074463
07	0074464
07	0074465
07	0074466
07	0074467
07	0074468
07	0074469
07	0074470
07	0074471
07	0074472
07	0074473
07	0074474
07	0074475
07	0074476
07	0074477
07	0074478
07	0074479
07	0074480
07	0074481
07	0074482
07	0074483
07	0074484
07	0074485
07	0074486
07	0074487
07	0074488
07	0074489
07	0074490
07	0074491
07	0074492
07	0074493
07	0074494
07	0074495
07	0074496
07	0074497
07	0074498
07	0074499
07	0074500
07	0074501
07	0074502
07	0074503
07	0074504
07	0074505
07	0074506
07	0074507
07	0074508
07	0074509
07	0074510
07	0074511
07	0074512
07	0074513
07	0074514
07	0074515
07	0074516
07	0074517
07	0074518
07	0074519
07	0074520
07	0074521
07	0074522
07	0074523
07	0074524
07	0074525
07	0074526
07	0074527
07	0074528
07	0074529
07	0074530
07	0074531
07	0074532
07	0074533
07	0074534
07	0074535
07	0074536
07	0074537
07	0074538
07	0074539
07	0074540
07	0074541
07	0074542
07	0074543
07	0074544
07	0074545
07	0074546
07	0074547
07	0074548
07	0074549
07	0074550
07	0074551
07	0074552
07	0074553
07	0074554
07	0074555
07	0074556
07	0074557
07	0074558
07	0074559
07	0074560
07	0074561
07	0074562
07	0074563
07	0074564
07	0074565
07	0074566
07	0074567
07	0074568
07	0074569
07	0074570
07	0074571
07	0074572
07	0074573
07	0074574
07	0074575
07	0074576
07	0074577
07	0074578
07	0074579
07	0074580
07	0074581
07	0074582
07	0074583
07	0074584
07	0074585
07	0074586
07	0074587
07	0074588
07	0074589
07	0074590
07	0074591
07	0074592
07	0074593
07	0074594
07	0074595
07	0074596
07	0074597
07	0074598
07	0074599
07	0074600
07	0074601
07	0074602
07	0074603
07	0074604
07	0074605
07	0074606
07	0074607
07	0074608
07	0074609
07	0074610
07	0074611
07	0074613
07	0074614
07	0074615
07	0074616
07	0074617
07	0074618
07	0074619
07	0074620
07	0074621
07	0074622
07	0074623
07	0074624
07	0074625
07	0074626
07	0074627
07	0074628
07	0074629
07	0074630
07	0074631
07	0074632
07	0074633
07	0074634
07	0074635
07	0074636
07	0074637
07	0074638
07	0074639
07	0074640
07	0074641
07	0074642
07	0074643
07	0074644
07	0074645
07	0074646
07	0074647
07	0074648
07	0074649
07	0074650
07	0074651
07	0074652
07	0074653
07	0074654
07	0074655
07	0074656
07	0074657
07	0074658
07	0074659
07	0074660
07	0074661
07	0074662
07	0074663
07	0074664
07	0074665
07	0074666
07	0074667
07	0074668
07	0074669
07	0074670
07	0074671
07	0074672
07	0074673
07	0074674
07	0074675
07	0074676
07	0074677
07	0074678
07	0074679
07	0074680
07	0074681
07	0074682
07	0074683
07	0074684
07	0074685
07	0074686
07	0074687
07	0074688
07	0074689
07	0074690
07	0074691
07	0074692
07	0074693
07	0074694
07	0074695
07	0074696
07	0074697
07	0074698
07	0074699
07	0074700
07	0074701
07	0074702
07	0074703
07	0074704
07	0074705
07	0074706
07	0074707
07	0074708
07	0074709
07	0074710
07	0074711
07	0074712
07	0074713
07	0074714
07	0074715
07	0074716
07	0074717
07	0074718
07	0074719
07	0074720
07	0074721
07	0074722
07	0074723
07	0074724
07	0074725
07	0074726
07	0074727
07	0074728
07	0074729
07	0074730
07	0074731
07	0074732
07	0074733
07	0074734
07	0074735
07	0074736
07	0074737
07	0074738
07	0074739
07	0074740
07	0074741
07	0074742
07	0074743
07	0074744
07	0074745
07	0074746
07	0074747
07	0074748
07	0074749
07	0074750
07	0074751
07	0074752
07	0074753
07	0074754
07	0074755
07	0074756
07	0074757
07	0074758
07	0074759
07	0074760
07	0074761
07	0074762
07	0074763
07	0074764
07	0074765
07	0074766
07	0074767
07	0074768
07	0074769
07	0074770
07	0074771
07	0074772
07	0074773
07	0074774
07	0074775
07	0074776
07	0074777
07	0074778
07	0074779
07	0074780
07	0074781
07	0074782
07	0074783
07	0074784
07	0074785
07	0074786
07	0074787
07	0074788
07	0074789
07	0074790
07	0074791
07	0074792
07	0074793
07	0074794
07	0074795
07	0074796
07	0074797
07	0074798
07	0074799
07	0074800
07	0074801
07	0074802
07	0074803
07	0074804
07	0074805
07	0074806
07	0074807
07	0074808
07	0074809
07	0074810
07	0074811
07	0074812
07	0074813
07	0074814
07	0074815
07	0074816
07	0074817
07	0074818
07	0074819
07	0074820
07	0074821
07	0074822
07	0074823
07	0074824
07	0074825
07	0074826
07	0074827
07	0074828
07	0074829
07	0074830
07	0074831
07	0074832
07	0074833
07	0074834
07	0074835
07	0074836
07	0074837
07	0074838
07	0074839
07	0074840
07	0074841
07	0074842
07	0074844
07	0074845
07	0074846
07	0074847
07	0074848
07	0074849
07	0074850
07	0074851
07	0074852
07	0074853
07	0074854
07	0074855
07	0074856
07	0074857
07	0074858
07	0074859
07	0074860
07	0074861
07	0074862
07	0074863
07	0074864
07	0074865
07	0074866
07	0074867
07	0074868
07	0074869
07	0074870
07	0074871
07	0074872
07	0074873
07	0074874
07	0074875
07	0074876
07	0074877
07	0074878
07	0074879
07	0074880
07	0074881
07	0074882
07	0074883
07	0074884
07	0074885
07	0074886
07	0074887
07	0074888
07	0074889
07	0074890
07	0074891
07	0074892
07	0074893
07	0074894
07	0074895
07	0074896
07	0074897
07	0074898
07	0074899
07	0074900
07	0074901
07	0074902
07	0074903
07	0074904
07	0074905
07	0074906
07	0074907
07	0074908
07	0074909
07	0074910
07	0074911
07	0074912
07	0074913
07	0074914
07	0074915
07	0074916
07	0074917
07	0074918
07	0074919
07	0074920
07	0074921
07	0074922
07	0074923
07	0074924
07	0074925
07	0074926
07	0074927
07	0074928
07	0074929
07	0074930
07	0074931
07	0074932
07	0074933
07	0074934
07	0074935
07	0074936
07	0074937
07	0074938
07	0074939
07	0074940
07	0074941
07	0074942
07	0074943
07	0074944
07	0074945
07	0074946
07	0074947
07	0074948
07	0074949
07	0074950
07	0074951
07	0074952
07	0074953
07	0074954
07	0074955
07	0074956
07	0074957
07	0074958
07	0074959
07	0074960
07	0074961
07	0074962
07	0074963
07	0074964
07	0074965
07	0074966
07	0074967
07	0074968
07	0074969
07	0074970
07	0074971
07	0074972
07	0074973
07	0074974
07	0074975
07	0074976
07	0074977
07	0074978
07	0074979
07	0074980
07	0074981
07	0074982
07	0074983
07	0074984
07	0074985
07	0074986
07	0074987
07	0074988
07	0074989
07	0074990
07	0074991
07	0074992
07	0074993
07	0074994
07	0074995
07	0074996
07	0074997
07	0074998
07	0074999
07	0075000
07	0075001
07	0075002
07	0075003
07	0075004
07	0075005
07	0075006
07	0075007
07	0075008
07	0075009
07	0075010
07	0075011
07	0075012
07	0075013
07	0075014
07	0075015
07	0075016
07	0075017
07	0075018
07	0075019
07	0075020
07	0075021
07	0075022
07	0075023
07	0075024
07	0075025
07	0075026
07	0075027
07	0075028
07	0075029
07	0075030
07	0075031
07	0075032
07	0075033
07	0075034
07	0075035
07	0075036
07	0075037
07	0075038
07	0075039
07	0075040
07	0075041
07	0075042
07	0075043
07	0075044
07	0075045
07	0075046
07	0075047
07	0075048
07	0075049
07	0075050
07	0075051
07	0075052
07	0075053
07	0075054
07	0075055
07	0075056
07	0075057
07	0075058
07	0075059
07	0075060
07	0075061
07	0075062
07	0075063
07	0075064
07	0075065
07	0075066
07	0075067
07	0075068
07	0075069
07	0075070
07	0075071
07	0075072
07	0075073
07	0075074
07	0075075
07	0075076
07	0075077
07	0075078
07	0075079
07	0075080
07	0075081
07	0075082
07	0075083
07	0075084
07	0075085
07	0075086
07	0075087
07	0075088
07	0075089
07	0075090
07	0075091
07	0075092
07	0075093
07	0075094
07	0075095
07	0075096
07	0075097
07	0075098
07	0075099
07	0075100
07	0075101
07	0075102
07	0075103
07	0075104
07	0075105
07	0075106
07	0075107
07	0075108
07	0075109
07	0075110
07	0075111
07	0075112
07	0075113
07	0075114
07	0075115
07	0075116
07	0075117
07	0075118
07	0075119
07	0075120
07	0075121
07	0075122
07	0075123
07	0075124
07	0075125
07	0075126
07	0075127
07	0075128
07	0075129
07	0075130
07	0075131
07	0075132
07	0075133
07	0075134
07	0075135
07	0075136
07	0075137
07	0075138
07	0075139
07	0075140
07	0075141
07	0075142
07	0075143
07	0075144
07	0075145
07	0075146
07	0075147
07	0075148
07	0075149
07	0075150
07	0075151
07	0075152
07	0075153
07	0075154
07	0075155
07	0075156
07	0075157
07	0075158
07	0075159
07	0075160
07	0075161
07	0075162
07	0075163
07	0075164
07	0075165
07	0075166
07	0075167
07	0075168
07	0075169
07	0075170
07	0075171
07	0075172
07	0075173
07	0075174
07	0075175
07	0075176
07	0075177
07	0075178
07	0075179
07	0075180
07	0075181
07	0075182
07	0075183
07	0075184
07	0075185
07	0075186
07	0075187
07	0075188
07	0075189
07	0075190
07	0075191
07	0075192
07	0075193
07	0075194
07	0075195
07	0075196
07	0075197
07	0075198
07	0075199
07	0075200
07	0075201
07	0075202
07	0075203
07	0075204
07	0075205
07	0075206
07	0075207
07	0075208
07	0075209
07	0075210
07	0075211
07	0075212
07	0075213
07	0075214
07	0075215
07	0075216
07	0075217
07	0075218
07	0075219
07	0075220
07	0075221
07	0075222
07	0075223
07	0075224
07	0075225
07	0075226
07	0075227
07	0075228
07	0075229
07	0075230
07	0075231
07	0075232
07	0075233
07	0075234
07	0075235
07	0075236
07	0075237
07	0075238
07	0075239
07	0075240
07	0075241
07	0075242
07	0075243
07	0075244
07	0075245
07	0075246
07	0075247
07	0075248
07	0075249
07	0075250
07	0075251
07	0075252
07	0075253
07	0075254
07	0075255
07	0075256
07	0075257
07	0075258
07	0075259
07	0075260
07	0075261
07	0075262
07	0075263
07	0075264
07	0075265
07	0075266
07	0075267
07	0075268
07	0075269
07	0075270
07	0075271
07	0075272
07	0075273
07	0075274
07	0075275
07	0075276
07	0075277
07	0075278
07	0075279
07	0075280
07	0075281
07	0075282
07	0075283
07	0075284
07	0075285
07	0075286
07	0075287
07	0075288
07	0075289
07	0075290
07	0075291
07	0075292
07	0075293
07	0075294
07	0075295
07	0075296
07	0075297
07	0075298
07	0075299
07	0075300
07	0075301
07	0075302
07	0075303
07	0075304
07	0075305
07	0075306
07	0075307
07	0075308
07	0075309
07	0075310
07	0075311
07	0075312
07	0075313
07	0075314
07	0075315
07	0075316
07	0075317
07	0075318
07	0075319
07	0075320
07	0075321
07	0075322
07	0075323
07	0075324
07	0075325
07	0075326
07	0075327
07	0075328
07	0075329
07	0075330
07	0075331
07	0075332
07	0075333
07	0075334
07	0075335
07	0075336
07	0075337
07	0075338
07	0075339
07	0075340
07	0075341
07	0075342
07	0075343
07	0075344
07	0075345
07	0075346
07	0075347
07	0075348
07	0075349
07	0075350
07	0075351
07	0075352
07	0075353
07	0075354
07	0075355
07	0075356
07	0075357
07	0075358
07	0075359
07	0075360
07	0075361
07	0075362
07	0075363
07	0075364
07	0075365
07	0075366
07	0075367
07	0075368
07	0075369
07	0075370
07	0075371
07	0075372
07	0075373
07	0075374
07	0075375
07	0075376
07	0075377
07	0075378
07	0075379
07	0075380
07	0075381
07	0075382
07	0075383
07	0075384
07	0075385
07	0075386
07	0075387
07	0075388
07	0075389
07	0075390
07	0075391
07	0075392
07	0075393
07	0075394
07	0075395
07	0075396
07	0075397
07	0075398
07	0075399
07	0075400
07	0075401
07	0075402
07	0075403
07	0075404
07	0075405
07	0075406
07	0075407
07	0075408
07	0075409
07	0075410
07	0075411
07	0075412
07	0075413
07	0075414
07	0075415
07	0075416
07	0075417
07	0075418
07	0075419
07	0075420
07	0075421
07	0075422
07	0075423
07	0075424
07	0075425
07	0075426
07	0075427
07	0075428
07	0075429
07	0075430
07	0075431
07	0075432
07	0075433
07	0075434
07	0075435
07	0075436
07	0075437
07	0075438
07	0075439
07	0075440
07	0075441
07	0075442
07	0075443
07	0075444
07	0075445
07	0075446
07	0075447
07	0075448
07	0075449
07	0075450
07	0075451
07	0075452
07	0075453
07	0075454
07	0075455
07	0075456
07	0075457
07	0075458
07	0075459
07	0075460
07	0075461
07	0075462
07	0075463
07	0075464
07	0075465
07	0075466
07	0075467
07	0075468
07	0075469
07	0075470
07	0075471
07	0075472
07	0075473
07	0075474
07	0075475
07	0075476
07	0075477
07	0075478
07	0075479
07	0075480
07	0075481
07	0075482
07	0075483
07	0075484
07	0075485
07	0075486
07	0075487
07	0075488
07	0075489
07	0075490
07	0075491
07	0075492
07	0075493
07	0075494
07	0075495
07	0075496
07	0075497
07	0075498
07	0075499
07	0075500
07	0075501
07	0075502
07	0075503
07	0075504
07	0075505
07	0075506
07	0075507
07	0075508
07	0075509
07	0075510
07	0075511
07	0075512
07	0075513
07	0075514
07	0075515
07	0075516
07	0075517
07	0075518
07	0075519
07	0075520
07	0075521
07	0075522
07	0075523
07	0075524
07	0075525
07	0075526
07	0075527
07	0075528
07	0075529
07	0075530
07	0075531
07	0075532
07	0075533
07	0075534
07	0075535
07	0075536
07	0075537
07	0075538
07	0075539
07	0075540
07	0075541
07	0075542
07	0075543
07	0075544
07	0075545
07	0075546
07	0075547
07	0075548
07	0075549
07	0075550
07	0075551
07	0075552
07	0075553
07	0075554
07	0075555
07	0075556
07	0075557
07	0075558
07	0075559
07	0075560
07	0075561
07	0075562
07	0075563
07	0075564
07	0075565
07	0075566
07	0075567
07	0075568
07	0075569
07	0075570
07	0075571
07	0075572
07	0075573
07	0075574
07	0075575
07	0075576
07	0075577
07	0075578
07	0075579
07	0075580
07	0075581
07	0075582
07	0075583
07	0075584
07	0075585
07	0075586
07	0075587
07	0075588
07	0075589
07	0075590
07	0075591
07	0075592
07	0075593
07	0075594
07	0075595
07	0075596
07	0075597
07	0075598
07	0075599
07	0075600
07	0075601
07	0075602
07	0075603
07	0075604
07	0075605
07	0075606
07	0075607
07	0075608
07	0075609
07	0075610
07	0075611
07	0075612
07	0075613
07	0075614
07	0075615
07	0075616
07	0075617
07	0075618
07	0075619
07	0075620
07	0075621
07	0075622
07	0075623
07	0075624
07	0075625
07	0075626
07	0075627
07	0075628
07	0075629
07	0075630
07	0075631
07	0075632
07	0075633
07	0075634
07	0075635
07	0075636
07	0075637
07	0075638
07	0075639
07	0075640
07	0075641
07	0075642
07	0075643
07	0075644
07	0075645
07	0075646
07	0075647
07	0075648
07	0075649
07	0075650
07	0075651
07	0075652
07	0075653
07	0075654
07	0075655
07	0075656
07	0075657
07	0075658
07	0075659
07	0075660
07	0075661
07	0075662
07	0075663
07	0075664
07	0075665
07	0075666
07	0075667
07	0075668
07	0075669
07	0075670
07	0075671
07	0075672
07	0075673
07	0075674
07	0075675
07	0075676
07	0075677
07	0075678
07	0075679
07	0075680
07	0075681
07	0075682
07	0075683
07	0075684
07	0075685
07	0075686
07	0075687
07	0075688
07	0075689
07	0075690
07	0075691
07	0075692
07	0075693
07	0075694
07	0075695
07	0075696
07	0075697
07	0075698
07	0075699
07	0075700
07	0075701
07	0075702
07	0075703
07	0075704
07	0075705
07	0075706
07	0075707
07	0075708
07	0075709
07	0075710
07	0075711
07	0075712
07	0075713
07	0075714
07	0075715
07	0075716
07	0075717
07	0075718
07	0075719
07	0075720
07	0075721
07	0075722
07	0075723
07	0075724
07	0075725
07	0075726
07	0075727
07	0075728
07	0075729
07	0075730
07	0075731
07	0075732
07	0075733
07	0075734
07	0075735
07	0075736
07	0075737
07	0075738
07	0075739
07	0075740
07	0075741
07	0075742
07	0075743
07	0075744
07	0075745
07	0075746
07	0075747
07	0075748
07	0075749
07	0075750
07	0075752
07	0075753
07	0075754
07	0075755
07	0075756
07	0075757
07	0075758
07	0075759
07	0075760
07	0075761
07	0075762
07	0075763
07	0075764
07	0075765
07	0075766
07	0075767
07	0075768
07	0075769
07	0075770
07	0075771
07	0075772
07	0075773
07	0075774
07	0075775
07	0075776
07	0075777
07	0075778
07	0075779
07	0075780
07	0075781
07	0075782
07	0075783
07	0075784
07	0075785
07	0075786
07	0075787
07	0075788
07	0075789
07	0075790
07	0075791
07	0075792
07	0075793
07	0075794
07	0075795
07	0075796
07	0075797
07	0075798
07	0075799
07	0075800
07	0075801
07	0075802
07	0075803
07	0075804
07	0075805
07	0075806
07	0075807
07	0075808
07	0075809
07	0075810
07	0075811
07	0075812
07	0075813
07	0075814
07	0075815
07	0075816
07	0075817
07	0075818
07	0075819
07	0075820
07	0075821
07	0075822
07	0075823
07	0075824
07	0075825
07	0075826
07	0075827
07	0075828
07	0075829
07	0075830
07	0075831
07	0075832
07	0075833
07	0075834
07	0075835
07	0075836
07	0075837
07	0075838
07	0075839
07	0075840
07	0075841
07	0075842
07	0075843
07	0075844
07	0075845
07	0075846
07	0075847
07	0075848
07	0075849
07	0075850
07	0075851
07	0075852
07	0075853
07	0075854
07	0075855
07	0075856
07	0075857
07	0075858
07	0075859
07	0075860
07	0075861
07	0075862
07	0075863
07	0075864
07	0075865
07	0075866
07	0075867
07	0075868
07	0075869
07	0075870
07	0075871
07	0075872
07	0075873
07	0075874
07	0075875
07	0075876
07	0075877
07	0075878
07	0075879
07	0075880
07	0075881
07	0075882
07	0075883
07	0075884
07	0075885
07	0075886
07	0075887
07	0075888
07	0075889
07	0075890
07	0075891
07	0075892
07	0075893
07	0075894
07	0075895
07	0075896
07	0075897
07	0075898
07	0075899
07	0075900
07	0075901
07	0075902
07	0075903
07	0075904
07	0075905
07	0075906
07	0075907
07	0075908
07	0075909
07	0075910
07	0075911
07	0075912
07	0075913
07	0075914
07	0075915
07	0075916
07	0075917
07	0075918
07	0075919
07	0075920
07	0075921
07	0075922
07	0075923
07	0075924
07	0075925
07	0075926
07	0075927
07	0075928
07	0075929
07	0075930
07	0075931
07	0075932
07	0075933
07	0075934
07	0075935
07	0075936
07	0075937
07	0075938
07	0075939
07	0075940
07	0075941
07	0075942
07	0075943
07	0075944
07	0075945
07	0075946
07	0075947
07	0075948
07	0075949
07	0075950
07	0075951
07	0075952
07	0075953
07	0075954
07	0075955
07	0075956
07	0075957
07	0075958
07	0075959
07	0075960
07	0075961
07	0075962
07	0075963
07	0075964
07	0075965
07	0075966
07	0075967
07	0075968
07	0075969
07	0075970
07	0075971
07	0075972
07	0075973
07	0075974
07	0075975
07	0075976
07	0075977
07	0075978
07	0075979
07	0075980
07	0075981
07	0075982
07	0075983
07	0075984
07	0075985
07	0075986
07	0075987
07	0075988
07	0075989
07	0075990
07	0075991
07	0075992
07	0075993
07	0075994
07	0075995
07	0075996
07	0075997
07	0075998
07	0075999
07	0076000
07	0076001
07	0076002
07	0076003
07	0076004
07	0076005
07	0076006
07	0076007
07	0076008
07	0076009
07	0076010
07	0076011
07	0076012
07	0076013
07	0076014
07	0076015
07	0076016
07	0076017
07	0076018
07	0076019
07	0076020
07	0076021
07	0076022
07	0076023
07	0076024
07	0076025
07	0076026
07	0076027
07	0076028
07	0076029
07	0076030
07	0076031
07	0076032
07	0076033
07	0076034
07	0076035
07	0076036
07	0076037
07	0076038
07	0076039
07	0076040
07	0076041
07	0076042
07	0076043
07	0076044
07	0076045
07	0076046
07	0076047
07	0076048
07	0076049
07	0076050
07	0076051
07	0076052
07	0076053
07	0076054
07	0076055
07	0076056
07	0076057
07	0076058
07	0076059
07	0076060
07	0076061
07	0076062
07	0076063
07	0076064
07	0076065
07	0076066
07	0076067
07	0076068
07	0076069
07	0076070
07	0076071
07	0076072
07	0076073
07	0076074
07	0076075
07	0076076
07	0076077
07	0076078
07	0076079
07	0076080
07	0076081
07	0076082
07	0076083
07	0076084
07	0076085
07	0076086
07	0076087
07	0076088
07	0076089
07	0076090
07	0076091
07	0076092
07	0076093
07	0076094
07	0076095
07	0076096
07	0076097
07	0076098
07	0076099
07	0076100
07	0076101
07	0076102
07	0076103
07	0076104
07	0076105
07	0076106
07	0076107
07	0076108
07	0076109
07	0076110
07	0076111
07	0076112
07	0076113
07	0076114
07	0076115
07	0076116
07	0076117
07	0076118
07	0076119
07	0076120
07	0076121
07	0076122
07	0076123
07	0076124
07	0076125
07	0076126
07	0076127
07	0076128
07	0076129
07	0076130
07	0076131
07	0076132
07	0076133
07	0076134
07	0076135
07	0076136
07	0076137
07	0076138
07	0076139
07	0076140
07	0076141
07	0076142
07	0076143
07	0076144
07	0076145
07	0076146
07	0076147
07	0076148
07	0076149
07	0076150
07	0076151
07	0076152
07	0076153
07	0076154
07	0076155
07	0076156
07	0076157
07	0076158
07	0076159
07	0076160
07	0076161
07	0076162
07	0076163
07	0076164
07	0076165
07	0076166
07	0076167
07	0076168
07	0076169
07	0076170
07	0076171
07	0076172
07	0076173
07	0076174
07	0076175
07	0076176
07	0076177
07	0076178
07	0076179
07	0076180
07	0076181
07	0076182
07	0076183
07	0076184
07	0076185
07	0076186
07	0076187
07	0076188
07	0076189
07	0076190
07	0076191
07	0076192
07	0076193
07	0076194
07	0076195
07	0076196
07	0076197
07	0076198
07	0076199
07	0076200
07	0076201
07	0076202
07	0076203
07	0076204
07	0076205
07	0076206
07	0076207
07	0076208
07	0076209
07	0076210
07	0076211
07	0076212
07	0076213
07	0076214
07	0076215
07	0076216
07	0076217
07	0076218
07	0076219
07	0076220
07	0076221
07	0076222
07	0076223
07	0076224
07	0076225
07	0076226
07	0076227
07	0076228
07	0076229
07	0076230
07	0076231
07	0076232
07	0076233
07	0076234
07	0076235
07	0076236
07	0076237
07	0076238
07	0076239
07	0076240
07	0076241
07	0076242
07	0076243
07	0076244
07	0076245
07	0076246
07	0076247
07	0076248
07	0076249
07	0076250
07	0076251
07	0076252
07	0076253
07	0076254
07	0076255
07	0076256
07	0076257
07	0076258
07	0076259
07	0076260
07	0076261
07	0076262
07	0076263
07	0076264
07	0076265
07	0076266
07	0076267
07	0076268
07	0076269
07	0076270
07	0076271
07	0076272
07	0076273
07	0076274
07	0076275
07	0076276
07	0076277
07	0076278
07	0076279
07	0076280
07	0076281
07	0076282
07	0076283
07	0076284
07	0076285
07	0076286
07	0076287
07	0076288
07	0076289
07	0076290
07	0076291
07	0076292
07	0076293
07	0076294
07	0076295
07	0076296
07	0076297
07	0076298
07	0076299
07	0076300
07	0076301
07	0076302
07	0076303
07	0076304
07	0076305
07	0076306
07	0076307
07	0076308
07	0076309
07	0076310
07	0076311
07	0076312
07	0076313
07	0076314
07	0076315
07	0076316
07	0076317
07	0076318
07	0076319
07	0076320
07	0076321
07	0076322
07	0076323
07	0076324
07	0076325
07	0076326
07	0076327
07	0076328
07	0076329
07	0076330
07	0076331
07	0076332
07	0076333
07	0076334
07	0076335
07	0076336
07	0076337
07	0076338
07	0076339
07	0076340
07	0076341
07	0076342
07	0076343
07	0076344
07	0076345
07	0076346
07	0076347
07	0076348
07	0076349
07	0076350
07	0076351
07	0076352
07	0076353
07	0076354
07	0076355
07	0076356
07	0076357
07	0076358
07	0076359
07	0076360
07	0076361
07	0076362
07	0076363
07	0076364
07	0076365
07	0076366
07	0076367
07	0076368
07	0076369
07	0076370
07	0076371
07	0076372
07	0076373
07	0076374
07	0076375
07	0076376
07	0076377
07	0076378
07	0076379
07	0076380
07	0076381
07	0076382
07	0076383
07	0076384
07	0076385
07	0076386
07	0076387
07	0076388
07	0076389
07	0076390
07	0076391
07	0076392
07	0076393
07	0076394
07	0076395
07	0076396
07	0076397
07	0076398
07	0076399
07	0076400
07	0076401
07	0076402
07	0076403
07	0076404
07	0076405
07	0076406
07	0076407
07	0076408
07	0076409
07	0076410
07	0076411
07	0076412
07	0076413
07	0076414
07	0076415
07	0076416
07	0076417
07	0076418
07	0076419
07	0076420
07	0076421
07	0076422
07	0076423
07	0076424
07	0076425
07	0076426
07	0076427
07	0076428
07	0076429
07	0076430
07	0076431
07	0076432
07	0076433
07	0076434
07	0076435
07	0076436
07	0076437
07	0076438
07	0076439
07	0076440
07	0076441
07	0076442
07	0076443
07	0076444
07	0076445
07	0076446
07	0076447
07	0076448
07	0076449
07	0076450
07	0076451
07	0076452
07	0076453
07	0076454
07	0076455
07	0076456
07	0076457
07	0076458
07	0076459
07	0076460
07	0076461
07	0076462
07	0076463
07	0076464
07	0076465
07	0076466
07	0076467
07	0076468
07	0076469
07	0076470
07	0076471
07	0076472
07	0076473
07	0076474
07	0076475
07	0076476
07	0076477
07	0076478
07	0076479
07	0076480
07	0076481
07	0076482
07	0076483
07	0076484
07	0076485
07	0076486
07	0076487
07	0076488
07	0076489
07	0076490
07	0076491
07	0076492
07	0076493
07	0076494
07	0076495
07	0076496
07	0076497
07	0076498
07	0076499
07	0076500
07	0076501
07	0076502
07	0076503
07	0076504
07	0076505
07	0076506
07	0076507
07	0076508
07	0076509
07	0076510
07	0076511
07	0076512
07	0076513
07	0076514
07	0076515
07	0076516
07	0076517
07	0076518
07	0076519
07	0076520
07	0076521
07	0076522
07	0076523
07	0076524
07	0076525
07	0076526
07	0076527
07	0076528
07	0076529
07	0076530
07	0076531
07	0076532
07	0076533
07	0076534
07	0076535
07	0076536
07	0076537
07	0076538
07	0076539
07	0076540
07	0076541
07	0076542
07	0076543
07	0076544
07	0076545
07	0076546
07	0076547
07	0076548
07	0076549
07	0076550
07	0076551
07	0076552
07	0076553
07	0076554
07	0076555
07	0076556
07	0076557
07	0076558
07	0076559
07	0076560
07	0076561
07	0076562
07	0076563
07	0076564
07	0076565
07	0076566
07	0076567
07	0076568
07	0076569
07	0076570
07	0076571
07	0076572
07	0076573
07	0076574
07	0076575
07	0076576
07	0076577
07	0076578
07	0076579
07	0076580
07	0076581
07	0076582
07	0076583
07	0076584
07	0076585
07	0076586
07	0076587
07	0076588
07	0076589
07	0076590
07	0076591
07	0076592
07	0076593
07	0076594
07	0076595
07	0076596
07	0076597
07	0076598
07	0076599
07	0076600
07	0076601
07	0076602
07	0076603
07	0076604
07	0076605
07	0076606
07	0076607
07	0076608
07	0076609
07	0076610
07	0076611
07	0076612
07	0076613
07	0076614
07	0076615
07	0076616
07	0076617
07	0076618
07	0076620
07	0076621
07	0076622
07	0076623
07	0076624
07	0076625
07	0076626
07	0076627
07	0076628
07	0076629
07	0076630
07	0076631
07	0076632
07	0076633
07	0076634
07	0076635
07	0076636
07	0076637
07	0076638
07	0076639
07	0076640
07	0076641
07	0076642
07	0076643
07	0076644
07	0076645
07	0076646
07	0076647
07	0076648
07	0076649
07	0076650
07	0076651
07	0076652
07	0076653
07	0076654
07	0076655
07	0076656
07	0076657
07	0076658
07	0076659
07	0076660
07	0076661
07	0076662
07	0076663
07	0076664
07	0076665
07	0076666
07	0076667
07	0076668
07	0076669
07	0076670
07	0076671
07	0076672
07	0076673
07	0076674
07	0076675
07	0076676
07	0076677
07	0076678
07	0076679
07	0076680
07	0076681
07	0076682
07	0076683
07	0076684
07	0076685
07	0076686
07	0076687
07	0076688
07	0076689
07	0076690
07	0076691
07	0076692
07	0076693
07	0076694
07	0076695
07	0076696
07	0076697
07	0076698
07	0076699
07	0076700
07	0076701
07	0076702
07	0076703
07	0076704
07	0076705
07	0076706
07	0076707
07	0076708
07	0076709
07	0076710
07	0076711
07	0076712
07	0076713
07	0076714
07	0076715
07	0076716
07	0076717
07	0076718
07	0076719
07	0076720
07	0076721
07	0076722
07	0076723
07	0076724
07	0076725
07	0076726
07	0076727
07	0076728
07	0076729
07	0076730
07	0076731
07	0076732
07	0076733
07	0076734
07	0076735
07	0076736
07	0076737
07	0076738
07	0076739
07	0076740
07	0076741
07	0076742
07	0076743
07	0076744
07	0076745
07	0076746
07	0076747
07	0076748
07	0076749
07	0076750
07	0076751
07	0076752
07	0076753
07	0076754
07	0076755
07	0076756
07	0076757
07	0076758
07	0076759
07	0076760
07	0076761
07	0076762
07	0076763
07	0076764
07	0076765
07	0076766
07	0076767
07	0076768
07	0076769
07	0076770
07	0076771
07	0076772
07	0076773
07	0076774
07	0076775
07	0076776
07	0076777
07	0076778
07	0076779
07	0076780
07	0076781
07	0076782
07	0076783
07	0076784
07	0076785
07	0076786
07	0076787
07	0076788
07	0076789
07	0076790
07	0076791
07	0076792
07	0076793
07	0076794
07	0076795
07	0076796
07	0076797
07	0076798
07	0076799
07	0076800
07	0076801
07	0076802
07	0076803
07	0076804
07	0076805
07	0076806
07	0076807
07	0076808
07	0076809
07	0076810
07	0076811
07	0076812
07	0076813
07	0076814
07	0076815
07	0076816
07	0076817
07	0076818
07	0076819
07	0076820
07	0076821
07	0076822
07	0076823
07	0076824
07	0076825
07	0076826
07	0076827
07	0076828
07	0076829
07	0076830
07	0076831
07	0076832
07	0076833
07	0076834
07	0076835
07	0076836
07	0076837
07	0076838
07	0076839
07	0076840
07	0076841
07	0076842
07	0076843
07	0076844
07	0076845
07	0076846
07	0076847
07	0076848
07	0076849
07	0076850
07	0076851
07	0076852
07	0076853
07	0076854
07	0076855
07	0076856
07	0076857
07	0076858
07	0076859
07	0076860
07	0076861
07	0076862
07	0076863
07	0076864
07	0076865
07	0076866
07	0076867
07	0076868
07	0076869
07	0076870
07	0076871
07	0076872
07	0076873
07	0076874
07	0076875
07	0076876
07	0076877
07	0076878
07	0076879
07	0076880
07	0076881
07	0076882
07	0076883
07	0076884
07	0076885
07	0076886
07	0076887
07	0076888
07	0076889
07	0076890
07	0076891
07	0076892
07	0076893
07	0076894
07	0076895
07	0076896
07	0076897
07	0076898
07	0076899
07	0076900
07	0076901
07	0076902
07	0076903
07	0076904
07	0076905
07	0076906
07	0076907
07	0076908
07	0076909
07	0076910
07	0076911
07	0076912
07	0076913
07	0076914
07	0076915
07	0076916
07	0076917
07	0076918
07	0076919
07	0076920
07	0076921
07	0076922
07	0076923
07	0076924
07	0076925
07	0076926
07	0076927
07	0076928
07	0076929
07	0076930
07	0076931
07	0076932
07	0076933
07	0076934
07	0076935
07	0076936
07	0076937
07	0076938
07	0076939
07	0076940
07	0076941
07	0076942
07	0076943
07	0076944
07	0076945
07	0076946
07	0076947
07	0076948
07	0076949
07	0076950
07	0076951
07	0076952
07	0076953
07	0076954
07	0076955
07	0076956
07	0076957
07	0076958
07	0076959
07	0076960
07	0076961
07	0076962
07	0076963
07	0076964
07	0076965
07	0076966
07	0076967
07	0076968
07	0076969
07	0076970
07	0076971
07	0076972
07	0076973
07	0076974
07	0076975
07	0076976
07	0076977
07	0076978
07	0076979
07	0076980
07	0076981
07	0076982
07	0076983
07	0076984
07	0076985
07	0076986
07	0076987
07	0076988
07	0076989
07	0076990
07	0076991
07	0076992
07	0076993
07	0076994
07	0076995
07	0076996
07	0076997
07	0076998
07	0076999
07	0077000
07	0077001
07	0077002
07	0077003
07	0077004
07	0077005
07	0077006
07	0077007
07	0077008
07	0077009
07	0077010
07	0077011
07	0077012
07	0077013
07	0077014
07	0077015
07	0077016
07	0077017
07	0077018
07	0077019
07	0077020
07	0077021
07	0077022
07	0077023
07	0077024
07	0077025
07	0077026
07	0077027
07	0077028
07	0077029
07	0077030
07	0077031
07	0077032
07	0077033
07	0077034
07	0077035
07	0077036
07	0077037
07	0077038
07	0077039
07	0077040
07	0077041
07	0077042
07	0077043
07	0077044
07	0077045
07	0077046
07	0077047
07	0077048
07	0077049
07	0077050
07	0077051
07	0077052
07	0077053
07	0077054
07	0077055
07	0077056
07	0077057
07	0077058
08	0077059
08	0077060
08	0077061
08	0077062
08	0077063
08	0077064
08	0077065
08	0077066
08	0077067
08	0077068
08	0077069
08	0077070
08	0077071
08	0077072
08	0077073
08	0077074
08	0077075
08	0077076
08	0077077
08	0077078
08	0077079
08	0077080
08	0077081
08	0077082
08	0077083
08	0077084
08	0077085
08	0077086
08	0077087
08	0077088
08	0077089
08	0077090
08	0077091
08	0077092
08	0077093
08	0077094
08	0077095
08	0077096
08	0077097
08	0077098
08	0077099
08	0077100
08	0077101
08	0077102
08	0077103
08	0077104
08	0077105
08	0077106
08	0077107
08	0077108
08	0077109
08	0077110
08	0077111
08	0077112
08	0077113
08	0077114
08	0077115
08	0077116
08	0077117
08	0077118
08	0077119
08	0077120
08	0077121
08	0077122
08	0077123
08	0077124
08	0077125
08	0077126
08	0077127
08	0077128
08	0077129
08	0077130
08	0077131
08	0077132
08	0077133
08	0077134
08	0077135
08	0077136
08	0077137
08	0077138
08	0077139
08	0077140
08	0077141
08	0077142
08	0077143
08	0077144
08	0077145
08	0077146
08	0077147
08	0077148
08	0077149
08	0077150
08	0077151
08	0077152
08	0077153
08	0077154
08	0077155
08	0077156
08	0077157
08	0077158
08	0077159
08	0077160
08	0077161
08	0077162
08	0077163
08	0077164
08	0077165
08	0077166
08	0077167
08	0077168
08	0077169
08	0077170
08	0077171
08	0077172
08	0077173
08	0077174
08	0077175
08	0077176
08	0077177
08	0077178
08	0077179
08	0077180
08	0077181
08	0077182
08	0077183
08	0077184
08	0077185
08	0077186
08	0077187
08	0077188
08	0077189
08	0077190
08	0077191
08	0077192
08	0077193
08	0077194
08	0077195
08	0077196
08	0077197
08	0077198
08	0077199
08	0077200
08	0077201
08	0077202
08	0077203
08	0077204
08	0077205
08	0077206
08	0077207
08	0077208
08	0077209
08	0077210
08	0077211
08	0077212
08	0077213
08	0077214
08	0077215
08	0077216
08	0077217
08	0077218
08	0077219
08	0077220
08	0077221
08	0077222
08	0077223
08	0077224
08	0077225
08	0077226
08	0077227
08	0077228
08	0077229
08	0077230
08	0077231
08	0077232
08	0077233
08	0077234
08	0077235
08	0077236
08	0077237
08	0077238
08	0077239
08	0077240
08	0077241
08	0077242
08	0077243
08	0077244
08	0077245
08	0077246
08	0077247
08	0077248
08	0077249
08	0077250
08	0077251
08	0077252
08	0077253
08	0077254
08	0077255
08	0077256
08	0077257
08	0077258
08	0077259
08	0077260
08	0077261
08	0077262
08	0077263
08	0077264
08	0077265
08	0077266
08	0077267
08	0077268
08	0077269
08	0077270
08	0077271
08	0077272
08	0077273
08	0077274
08	0077275
08	0077276
08	0077277
08	0077278
08	0077279
08	0077280
08	0077281
08	0077282
08	0077283
08	0077284
08	0077285
08	0077286
08	0077287
08	0077288
08	0077289
08	0077290
08	0077291
08	0077292
08	0077293
08	0077294
08	0077295
08	0077296
08	0077297
08	0077298
08	0077299
08	0077300
08	0077301
08	0077302
08	0077303
08	0077304
08	0077305
08	0077306
08	0077307
08	0077308
08	0077309
08	0077310
08	0077311
08	0077312
08	0077313
08	0077314
08	0077315
08	0077316
08	0077317
08	0077318
08	0077319
08	0077320
08	0077321
08	0077322
08	0077323
08	0077324
08	0077325
08	0077326
08	0077327
08	0077328
08	0077329
08	0077330
08	0077331
08	0077332
08	0077333
08	0077334
08	0077335
08	0077336
08	0077337
08	0077338
08	0077339
08	0077340
08	0077341
08	0077342
08	0077343
08	0077344
08	0077345
08	0077346
08	0077347
08	0077348
08	0077349
08	0077350
08	0077351
08	0077352
08	0077353
08	0077354
08	0077355
08	0077356
08	0077357
08	0077358
08	0077359
08	0077360
08	0077361
08	0077362
08	0077363
08	0077364
08	0077365
08	0077366
08	0077367
08	0077368
08	0077370
08	0077371
08	0077372
08	0077373
08	0077374
08	0077375
08	0077376
08	0077377
08	0077378
08	0077379
08	0077380
08	0077381
08	0077382
08	0077383
08	0077384
08	0077385
08	0077386
08	0077387
08	0077388
08	0077389
08	0077390
08	0077391
08	0077392
08	0077393
08	0077394
08	0077395
08	0077396
08	0077397
08	0077398
08	0077399
08	0077400
08	0077401
08	0077402
08	0077403
08	0077404
08	0077405
08	0077406
08	0077407
08	0077408
08	0077409
08	0077410
08	0077411
08	0077412
08	0077413
08	0077414
08	0077415
08	0077416
08	0077417
08	0077418
08	0077419
08	0077420
08	0077421
08	0077422
08	0077423
08	0077424
08	0077425
08	0077426
08	0077427
08	0077428
08	0077429
08	0077430
08	0077431
08	0077432
08	0077433
08	0077434
08	0077435
08	0077436
08	0077437
08	0077438
08	0077439
08	0077440
08	0077441
08	0077442
08	0077443
08	0077444
08	0077445
08	0077446
08	0077447
08	0077448
08	0077449
08	0077450
08	0077451
08	0077452
08	0077453
08	0077454
08	0077455
08	0077456
08	0077457
08	0077458
08	0077459
08	0077460
08	0077461
08	0077462
08	0077463
08	0077464
08	0077465
08	0077466
08	0077467
08	0077468
08	0077469
08	0077470
08	0077471
08	0077472
08	0077473
08	0077474
08	0077475
08	0077476
08	0077477
08	0077478
08	0077479
08	0077480
08	0077481
08	0077482
08	0077483
08	0077484
08	0077485
08	0077486
08	0077487
08	0077488
08	0077489
08	0077490
08	0077491
08	0077492
08	0077493
08	0077494
08	0077495
08	0077496
08	0077497
08	0077498
08	0077499
08	0077500
08	0077501
08	0077502
08	0077503
08	0077504
08	0077505
08	0077506
08	0077507
08	0077508
08	0077509
08	0077510
08	0077511
08	0077512
08	0077513
08	0077514
08	0077515
08	0077516
08	0077517
08	0077518
08	0077519
08	0077520
08	0077521
08	0077522
08	0077523
08	0077524
08	0077525
08	0077526
08	0077527
08	0077528
08	0077529
08	0077530
08	0077531
08	0077532
08	0077533
08	0077534
08	0077535
08	0077536
08	0077537
08	0077538
08	0077539
08	0077540
08	0077541
08	0077542
08	0077543
08	0077544
08	0077545
08	0077546
08	0077547
08	0077548
08	0077549
08	0077550
08	0077551
08	0077552
08	0077553
08	0077554
08	0077555
08	0077556
08	0077557
08	0077558
08	0077559
08	0077560
08	0077561
08	0077562
08	0077563
08	0077564
08	0077565
08	0077566
08	0077567
08	0077568
08	0077569
08	0077570
08	0077571
08	0077572
08	0077573
08	0077574
08	0077575
08	0077576
08	0077577
08	0077578
08	0077579
08	0077580
08	0077581
08	0077582
08	0077583
08	0077584
08	0077585
08	0077586
08	0077587
08	0077588
08	0077589
08	0077590
08	0077591
08	0077592
08	0077593
08	0077594
08	0077595
08	0077596
08	0077597
08	0077598
08	0077599
08	0077600
08	0077601
08	0077602
08	0077603
08	0077604
08	0077605
08	0077606
08	0077607
08	0077608
08	0077609
08	0077610
08	0077611
08	0077612
08	0077613
08	0077614
08	0077615
08	0077616
08	0077617
08	0077618
08	0077619
08	0077620
08	0077621
08	0077622
08	0077623
08	0077624
08	0077625
08	0077626
08	0077627
08	0077628
08	0077629
08	0077630
08	0077631
08	0077632
08	0077633
08	0077634
08	0077635
08	0077636
08	0077637
08	0077638
08	0077639
08	0077640
08	0077641
08	0077642
08	0077643
08	0077644
08	0077645
08	0077646
08	0077647
08	0077648
08	0077649
08	0077650
08	0077651
08	0077652
08	0077653
08	0077654
08	0077655
08	0077656
08	0077657
08	0077658
08	0077659
08	0077660
08	0077661
08	0077662
08	0077663
08	0077664
08	0077665
08	0077666
08	0077667
08	0077668
08	0077669
08	0077670
08	0077671
08	0077672
08	0077673
08	0077674
08	0077675
08	0077676
08	0077677
08	0077678
08	0077679
08	0077680
08	0077681
08	0077682
08	0077683
08	0077684
08	0077685
08	0077686
08	0077687
08	0077688
08	0077689
08	0077690
08	0077691
08	0077692
08	0077693
08	0077694
08	0077695
08	0077696
08	0077697
08	0077698
08	0077699
08	0077700
08	0077701
08	0077702
08	0077703
08	0077704
08	0077705
08	0077706
08	0077707
08	0077708
08	0077709
08	0077710
08	0077711
08	0077712
08	0077713
08	0077714
08	0077715
08	0077716
08	0077718
08	0077719
08	0077720
08	0077721
08	0077722
08	0077723
08	0077724
08	0077725
08	0077726
08	0077727
08	0077728
08	0077729
08	0077730
08	0077731
08	0077732
08	0077733
08	0077734
08	0077735
08	0077736
08	0077737
08	0077738
08	0077739
08	0077740
08	0077741
08	0077742
08	0077743
08	0077744
08	0077745
08	0077746
08	0077747
08	0077748
08	0077749
08	0077750
08	0077751
08	0077752
08	0077753
08	0077754
08	0077755
08	0077756
08	0077757
08	0077758
08	0077759
08	0077760
08	0077761
08	0077762
08	0077763
08	0077764
08	0077765
08	0077766
08	0077767
08	0077768
08	0077769
08	0077770
08	0077771
08	0077772
08	0077773
08	0077774
08	0077775
08	0077776
08	0077777
08	0077778
08	0077779
08	0077780
08	0077781
08	0077782
08	0077783
08	0077784
08	0077785
08	0077786
08	0077787
08	0077788
08	0077789
08	0077790
08	0077791
08	0077792
08	0077793
08	0077794
08	0077795
08	0077796
08	0077797
08	0077798
08	0077799
08	0077800
08	0077801
08	0077802
08	0077803
08	0077804
08	0077805
08	0077806
08	0077807
08	0077808
08	0077809
08	0077810
08	0077811
08	0077812
08	0077813
08	0077814
08	0077815
08	0077816
08	0077817
08	0077818
08	0077819
08	0077820
08	0077821
08	0077822
08	0077823
08	0077824
08	0077825
08	0077826
08	0077827
08	0077828
08	0077829
08	0077830
08	0077831
08	0077832
08	0077833
08	0077834
08	0077835
08	0077836
08	0077837
08	0077838
08	0077839
08	0077840
08	0077841
08	0077842
08	0077843
08	0077844
08	0077845
08	0077846
08	0077847
08	0077848
08	0077849
08	0077850
08	0077851
08	0077852
08	0077853
08	0077854
08	0077855
08	0077856
08	0077857
08	0077858
08	0077859
08	0077860
08	0077861
08	0077862
08	0077863
08	0077864
08	0077865
08	0077866
08	0077867
08	0077868
08	0077869
08	0077870
08	0077871
08	0077872
08	0077873
08	0077874
08	0077875
08	0077876
08	0077877
08	0077878
08	0077879
08	0077880
08	0077881
08	0077882
08	0077883
08	0077884
08	0077885
08	0077886
08	0077887
08	0077888
08	0077889
08	0077890
08	0077891
08	0077892
08	0077893
08	0077894
08	0077895
08	0077896
08	0077897
08	0077898
08	0077899
08	0077900
08	0077901
08	0077902
08	0077903
08	0077904
08	0077905
08	0077906
08	0077907
08	0077908
08	0077909
08	0077910
08	0077911
08	0077912
08	0077913
08	0077914
08	0077915
08	0077916
08	0077917
08	0077918
08	0077919
08	0077920
08	0077921
08	0077922
08	0077923
08	0077924
08	0077925
08	0077926
08	0077927
08	0077928
08	0077929
08	0077930
08	0077931
08	0077932
08	0077933
08	0077934
08	0077935
08	0077936
08	0077937
08	0077938
08	0077939
08	0077940
08	0077941
08	0077942
08	0077943
08	0077944
08	0077945
08	0077946
08	0077947
08	0077948
08	0077949
08	0077950
08	0077951
08	0077952
08	0077953
08	0077954
08	0077955
08	0077956
08	0077957
08	0077958
08	0077959
08	0077960
08	0077961
08	0077962
08	0077963
08	0077964
08	0077965
08	0077966
08	0077967
08	0077968
08	0077969
08	0077970
08	0077971
08	0077972
08	0077973
08	0077974
08	0077975
08	0077976
08	0077977
08	0077978
08	0077979
08	0077980
08	0077981
08	0077982
08	0077983
08	0077984
08	0077985
08	0077986
08	0077987
08	0077988
08	0077989
08	0077990
08	0077991
08	0077992
08	0077993
08	0077994
08	0077995
08	0077996
08	0077997
08	0077998
08	0077999
08	0078000
08	0078001
08	0078002
08	0078003
08	0078004
08	0078005
08	0078006
08	0078007
08	0078008
08	0078009
08	0078010
08	0078011
08	0078012
08	0078013
08	0078014
08	0078015
08	0078016
08	0078017
08	0078018
08	0078019
08	0078020
08	0078021
08	0078022
08	0078023
08	0078024
08	0078025
08	0078026
08	0078027
08	0078028
08	0078029
08	0078030
08	0078031
08	0078032
08	0078033
08	0078034
08	0078035
08	0078036
08	0078037
08	0078038
08	0078039
08	0078040
08	0078041
08	0078042
08	0078043
08	0078044
08	0078045
08	0078046
08	0078047
08	0078048
08	0078049
08	0078050
08	0078051
08	0078052
08	0078053
08	0078054
08	0078055
08	0078056
08	0078057
08	0078058
08	0078059
08	0078060
08	0078061
08	0078062
08	0078063
08	0078064
08	0078065
08	0078066
08	0078067
08	0078068
08	0078069
08	0078070
08	0078071
08	0078072
08	0078073
08	0078074
08	0078075
08	0078076
08	0078077
08	0078078
08	0078079
08	0078080
08	0078081
08	0078082
08	0078083
08	0078084
08	0078085
08	0078086
08	0078087
08	0078088
08	0078089
08	0078090
08	0078091
08	0078092
08	0078093
08	0078094
08	0078095
08	0078096
08	0078097
08	0078098
08	0078099
08	0078100
08	0078101
08	0078102
08	0078103
08	0078104
08	0078105
08	0078106
08	0078107
08	0078108
08	0078109
08	0078110
08	0078111
08	0078112
08	0078113
08	0078114
08	0078115
08	0078116
08	0078117
08	0078118
08	0078119
08	0078120
08	0078121
08	0078122
08	0078123
08	0078124
08	0078125
08	0078126
08	0078127
08	0078128
08	0078129
08	0078130
08	0078131
08	0078132
08	0078133
08	0078134
08	0078135
08	0078136
08	0078137
08	0078138
08	0078139
08	0078140
08	0078141
08	0078142
08	0078143
08	0078144
08	0078145
08	0078146
08	0078147
08	0078148
08	0078149
08	0078150
08	0078151
08	0078152
08	0078153
08	0078154
08	0078155
08	0078156
08	0078157
08	0078158
08	0078159
08	0078160
08	0078161
08	0078162
08	0078163
08	0078164
08	0078165
08	0078166
08	0078167
08	0078168
08	0078169
08	0078170
08	0078171
08	0078172
08	0078173
08	0078174
08	0078175
08	0078176
08	0078177
08	0078178
08	0078179
08	0078180
08	0078181
08	0078182
08	0078183
08	0078184
08	0078185
08	0078186
08	0078187
08	0078188
08	0078189
08	0078190
08	0078191
08	0078192
08	0078193
08	0078194
08	0078195
08	0078196
08	0078197
08	0078198
08	0078199
08	0078200
08	0078201
08	0078202
08	0078203
08	0078204
08	0078205
08	0078206
08	0078207
08	0078208
08	0078209
08	0078210
08	0078211
08	0078212
08	0078213
08	0078214
08	0078215
08	0078216
08	0078217
08	0078218
08	0078219
08	0078220
08	0078221
08	0078222
08	0078223
08	0078224
08	0078225
08	0078226
08	0078227
08	0078228
08	0078229
08	0078230
08	0078231
08	0078232
08	0078233
08	0078234
08	0078235
08	0078236
08	0078237
08	0078238
08	0078239
08	0078240
08	0078241
08	0078242
08	0078243
08	0078244
08	0078245
08	0078246
08	0078247
08	0078248
08	0078249
08	0078250
08	0078251
08	0078252
08	0078253
08	0078254
08	0078255
08	0078256
08	0078257
08	0078258
08	0078259
08	0078260
08	0078261
08	0078262
08	0078263
08	0078264
08	0078265
08	0078266
08	0078267
08	0078268
08	0078269
08	0078270
08	0078271
08	0078272
08	0078274
08	0078275
08	0078276
08	0078277
08	0078278
08	0078279
08	0078280
08	0078281
08	0078282
08	0078283
08	0078284
08	0078285
08	0078286
08	0078287
08	0078288
08	0078289
08	0078290
08	0078291
08	0078292
08	0078293
08	0078294
08	0078295
08	0078296
08	0078297
08	0078298
08	0078299
08	0078300
08	0078301
08	0078302
08	0078303
08	0078304
08	0078305
08	0078306
08	0078307
08	0078308
08	0078309
08	0078310
08	0078311
08	0078312
08	0078313
08	0078314
08	0078315
08	0078316
08	0078317
08	0078318
08	0078319
08	0078320
08	0078321
08	0078322
08	0078323
08	0078324
08	0078325
08	0078326
08	0078327
08	0078328
08	0078329
08	0078330
08	0078331
08	0078332
08	0078333
08	0078334
08	0078335
08	0078336
08	0078337
08	0078338
08	0078339
08	0078340
08	0078341
08	0078342
08	0078343
08	0078344
08	0078345
08	0078346
08	0078347
08	0078348
08	0078349
08	0078350
08	0078351
08	0078352
08	0078353
08	0078354
08	0078355
08	0078356
08	0078357
08	0078358
08	0078359
08	0078360
08	0078361
08	0078362
08	0078363
08	0078364
08	0078365
08	0078366
08	0078367
08	0078368
08	0078369
08	0078370
08	0078371
08	0078372
08	0078373
08	0078374
08	0078375
08	0078376
08	0078377
08	0078378
08	0078379
08	0078380
08	0078381
08	0078382
08	0078383
08	0078384
08	0078385
08	0078386
08	0078387
08	0078388
08	0078389
08	0078390
08	0078391
08	0078392
08	0078393
08	0078394
08	0078395
08	0078396
08	0078397
08	0078398
08	0078399
08	0078400
08	0078401
08	0078402
08	0078403
08	0078404
08	0078405
08	0078406
08	0078407
08	0078408
08	0078409
08	0078410
08	0078411
08	0078412
08	0078413
08	0078414
08	0078415
08	0078416
08	0078417
08	0078418
08	0078419
08	0078420
08	0078421
08	0078422
08	0078423
08	0078424
08	0078425
08	0078426
08	0078427
08	0078428
08	0078429
08	0078430
08	0078431
08	0078432
08	0078433
08	0078434
08	0078435
08	0078436
08	0078437
08	0078438
08	0078439
08	0078440
08	0078441
08	0078442
08	0078444
08	0078445
08	0078446
08	0078447
08	0078448
08	0078449
08	0078450
08	0078451
08	0078452
08	0078453
08	0078454
08	0078455
08	0078456
08	0078457
08	0078458
08	0078459
08	0078460
08	0078461
08	0078462
08	0078463
08	0078464
08	0078465
08	0078466
08	0078467
08	0078468
08	0078469
08	0078470
08	0078471
08	0078472
08	0078473
08	0078474
08	0078475
08	0078476
08	0078477
08	0078478
08	0078479
08	0078480
08	0078481
08	0078482
08	0078483
08	0078484
08	0078485
08	0078486
08	0078487
08	0078488
08	0078489
08	0078490
08	0078491
08	0078492
08	0078493
08	0078494
08	0078495
08	0078496
08	0078497
08	0078498
08	0078499
08	0078500
08	0078501
08	0078502
08	0078503
08	0078504
08	0078505
08	0078506
08	0078507
08	0078508
08	0078509
08	0078510
08	0078511
08	0078512
08	0078513
08	0078514
08	0078515
08	0078516
08	0078517
08	0078518
08	0078519
08	0078520
08	0078521
08	0078522
08	0078523
08	0078524
08	0078525
08	0078526
08	0078527
08	0078528
08	0078529
08	0078530
08	0078531
08	0078532
08	0078533
08	0078534
08	0078535
08	0078536
08	0078537
08	0078538
08	0078539
08	0078540
08	0078541
08	0078542
08	0078543
08	0078544
08	0078545
08	0078546
08	0078547
08	0078548
08	0078549
08	0078550
08	0078551
08	0078552
08	0078553
08	0078554
08	0078555
08	0078556
08	0078557
08	0078558
08	0078559
08	0078560
08	0078561
08	0078562
08	0078563
08	0078564
08	0078565
08	0078566
08	0078567
08	0078568
08	0078569
08	0078570
08	0078571
08	0078572
08	0078573
08	0078574
08	0078575
08	0078576
08	0078577
08	0078578
08	0078579
08	0078580
08	0078581
08	0078582
08	0078583
08	0078584
08	0078585
08	0078586
08	0078587
08	0078588
08	0078589
08	0078590
08	0078591
08	0078592
08	0078593
08	0078594
08	0078595
08	0078596
08	0078597
08	0078598
08	0078599
08	0078600
08	0078601
08	0078602
08	0078603
08	0078604
08	0078605
08	0078606
08	0078607
08	0078608
08	0078609
08	0078610
08	0078611
08	0078612
08	0078613
08	0078614
08	0078615
08	0078616
08	0078617
08	0078618
08	0078619
08	0078620
08	0078621
08	0078622
08	0078623
08	0078624
08	0078625
08	0078626
08	0078627
08	0078628
08	0078629
08	0078630
08	0078631
08	0078632
08	0078633
08	0078634
08	0078635
08	0078636
08	0078637
08	0078638
08	0078639
08	0078640
08	0078641
08	0078642
08	0078643
08	0078644
08	0078645
08	0078646
08	0078647
08	0078648
08	0078649
08	0078650
08	0078651
08	0078652
08	0078653
08	0078654
08	0078655
08	0078656
08	0078657
08	0078658
08	0078659
08	0078660
08	0078661
08	0078662
08	0078663
08	0078664
08	0078665
08	0078666
08	0078667
08	0078668
08	0078669
08	0078670
08	0078671
08	0078672
08	0078673
08	0078674
08	0078675
08	0078676
08	0078677
08	0078678
08	0078679
08	0078680
08	0078681
08	0078682
08	0078683
08	0078684
08	0078685
08	0078686
08	0078687
08	0078688
08	0078689
08	0078690
08	0078691
08	0078692
08	0078693
08	0078694
08	0078695
08	0078696
08	0078697
08	0078698
08	0078699
08	0078700
08	0078701
08	0078702
08	0078703
08	0078704
08	0078705
08	0078706
08	0078707
08	0078708
08	0078709
08	0078710
08	0078711
08	0078712
08	0078713
08	0078714
08	0078715
08	0078716
08	0078717
08	0078718
08	0078719
08	0078720
08	0078721
08	0078722
08	0078723
08	0078724
08	0078725
08	0078726
08	0078727
08	0078728
08	0078729
08	0078730
08	0078731
08	0078732
08	0078733
08	0078734
08	0078735
08	0078736
08	0078737
08	0078738
08	0078739
08	0078740
08	0078741
08	0078742
08	0078743
08	0078744
08	0078745
08	0078746
08	0078747
08	0078748
08	0078749
08	0078750
08	0078751
08	0078752
08	0078753
08	0078754
08	0078755
08	0078756
08	0078757
08	0078758
08	0078759
08	0078760
08	0078761
08	0078762
08	0078763
08	0078764
08	0078765
08	0078766
08	0078767
08	0078768
08	0078769
08	0078770
08	0078771
08	0078772
08	0078773
08	0078774
08	0078775
08	0078776
08	0078777
08	0078778
08	0078779
08	0078780
08	0078781
08	0078782
08	0078783
08	0078784
08	0078785
08	0078786
08	0078787
08	0078788
08	0078789
08	0078790
08	0078791
08	0078792
08	0078793
08	0078794
08	0078795
08	0078796
08	0078797
08	0078798
08	0078799
08	0078800
08	0078801
08	0078802
08	0078803
08	0078804
08	0078805
08	0078806
08	0078807
08	0078808
08	0078809
08	0078810
08	0078811
08	0078812
08	0078813
08	0078814
08	0078815
08	0078816
08	0078817
08	0078818
08	0078819
08	0078820
08	0078821
08	0078822
08	0078823
08	0078824
08	0078825
08	0078826
08	0078827
08	0078828
08	0078829
08	0078830
08	0078831
08	0078832
08	0078833
08	0078834
08	0078835
08	0078836
08	0078837
08	0078838
08	0078839
08	0078840
08	0078841
08	0078842
08	0078843
08	0078844
08	0078845
08	0078846
08	0078847
08	0078848
08	0078849
08	0078850
08	0078851
08	0078852
08	0078853
08	0078854
08	0078855
08	0078856
08	0078857
08	0078858
08	0078859
08	0078860
08	0078861
08	0078862
08	0078863
08	0078864
08	0078865
08	0078866
08	0078867
08	0078868
08	0078869
08	0078870
08	0078871
08	0078872
08	0078873
08	0078874
08	0078875
08	0078876
08	0078877
08	0078878
08	0078879
08	0078880
08	0078881
08	0078882
08	0078883
08	0078884
08	0078885
08	0078886
08	0078888
08	0078889
08	0078890
08	0078891
08	0078892
08	0078893
08	0078894
08	0078895
08	0078896
08	0078897
08	0078898
08	0078899
08	0078900
08	0078901
08	0078902
08	0078903
08	0078904
08	0078905
08	0078906
08	0078907
08	0078908
08	0078909
08	0078910
08	0078911
08	0078912
08	0078913
08	0078914
08	0078915
08	0078916
08	0078917
08	0078918
08	0078919
08	0078920
08	0078921
08	0078922
08	0078923
08	0078924
08	0078925
08	0078926
08	0078927
08	0078928
08	0078929
08	0078930
08	0078931
08	0078932
08	0078933
08	0078934
08	0078935
08	0078936
08	0078937
08	0078938
08	0078939
08	0078940
08	0078941
08	0078942
08	0078943
08	0078944
08	0078945
08	0078946
08	0078947
08	0078948
08	0078949
08	0078950
08	0078951
08	0078952
08	0078953
08	0078954
08	0078955
08	0078956
08	0078957
08	0078958
08	0078959
08	0078960
08	0078961
08	0078962
08	0078963
08	0078964
08	0078965
08	0078966
08	0078967
08	0078968
08	0078969
08	0078970
08	0078971
08	0078972
08	0078973
08	0078974
08	0078975
08	0078976
08	0078977
08	0078978
08	0078979
08	0078980
08	0078981
08	0078982
08	0078983
08	0078984
08	0078985
08	0078986
08	0078987
08	0078988
08	0078989
08	0078990
08	0078991
08	0078992
08	0078993
08	0078994
08	0078995
08	0078996
08	0078997
08	0078998
08	0078999
08	0079000
08	0079001
08	0079002
08	0079003
08	0079004
08	0079005
08	0079006
08	0079007
08	0079009
08	0079010
08	0079011
08	0079012
08	0079014
08	0079015
08	0079016
08	0079018
08	0079019
08	0079020
08	0079021
08	0079022
08	0079023
08	0079024
08	0079025
08	0079026
08	0079027
08	0079028
08	0079029
08	0079030
08	0079031
08	0079032
08	0079033
08	0079034
08	0079035
08	0079036
08	0079037
08	0079038
08	0079039
08	0079040
08	0079041
08	0079042
08	0079043
08	0079045
08	0079046
08	0079047
08	0079048
08	0079049
08	0079050
08	0079051
08	0079052
08	0079053
08	0079054
08	0079055
08	0079056
08	0079057
08	0079058
08	0079059
08	0079060
08	0079061
08	0079062
08	0079063
08	0079064
08	0079065
08	0079066
08	0079067
08	0079068
08	0079069
08	0079070
08	0079071
08	0079072
08	0079073
08	0079074
08	0079075
08	0079076
08	0079077
08	0079078
08	0079079
08	0079080
08	0079081
08	0079082
08	0079083
08	0079084
08	0079085
08	0079086
08	0079087
08	0079088
08	0079089
08	0079090
08	0079091
08	0079092
08	0079093
08	0079094
08	0079095
08	0079096
08	0079097
08	0079098
08	0079099
08	0079100
08	0079101
08	0079102
08	0079103
08	0079104
08	0079105
08	0079106
08	0079107
08	0079108
08	0079109
08	0079110
08	0079111
08	0079112
08	0079113
08	0079114
08	0079115
08	0079116
08	0079117
08	0079118
08	0079119
08	0079120
08	0079121
08	0079122
08	0079123
08	0079124
08	0079125
08	0079126
08	0079127
08	0079128
08	0079129
08	0079130
08	0079131
08	0079132
08	0079133
08	0079134
08	0079135
08	0079136
08	0079137
08	0079138
08	0079139
08	0079140
08	0079141
08	0079142
08	0079143
08	0079144
08	0079145
08	0079146
08	0079147
08	0079148
08	0079149
08	0079150
08	0079151
08	0079152
08	0079153
08	0079154
08	0079155
08	0079156
08	0079157
08	0079158
08	0079159
08	0079160
08	0079161
08	0079162
08	0079163
08	0079164
08	0079165
08	0079166
08	0079167
08	0079168
08	0079169
08	0079170
08	0079171
08	0079172
08	0079173
08	0079174
08	0079175
08	0079176
08	0079177
08	0079178
08	0079179
08	0079180
08	0079181
08	0079182
08	0079183
08	0079184
08	0079185
08	0079186
08	0079187
08	0079188
08	0079189
08	0079190
08	0079191
08	0079192
08	0079193
08	0079194
08	0079195
08	0079196
08	0079197
08	0079198
08	0079199
08	0079200
08	0079201
08	0079202
08	0079203
08	0079204
08	0079205
08	0079206
08	0079207
08	0079208
08	0079209
08	0079210
08	0079211
08	0079212
08	0079213
08	0079214
08	0079215
08	0079216
08	0079217
08	0079218
08	0079219
08	0079220
08	0079221
08	0079222
08	0079223
08	0079224
08	0079225
08	0079226
08	0079227
08	0079228
08	0079229
08	0079230
08	0079231
08	0079232
08	0079233
08	0079234
08	0079235
08	0079236
08	0079237
08	0079238
08	0079239
08	0079240
08	0079241
08	0079242
08	0079243
08	0079244
08	0079245
08	0079246
08	0079247
08	0079248
08	0079249
08	0079250
08	0079251
08	0079252
08	0079253
08	0079254
08	0079255
08	0079256
08	0079257
08	0079258
08	0079259
08	0079260
08	0079261
08	0079262
08	0079263
08	0079264
08	0079265
08	0079266
08	0079267
08	0079268
08	0079269
08	0079270
08	0079271
08	0079272
08	0079273
08	0079274
08	0079275
08	0079276
08	0079277
08	0079278
08	0079279
08	0079280
08	0079281
08	0079282
08	0079283
08	0079284
08	0079285
08	0079286
08	0079287
08	0079288
08	0079289
08	0079290
08	0079291
08	0079292
08	0079293
08	0079294
08	0079295
08	0079296
08	0079297
08	0079298
08	0079299
08	0079300
08	0079301
08	0079302
08	0079303
08	0079304
08	0079305
08	0079306
08	0079307
08	0079308
08	0079309
08	0079310
08	0079311
08	0079312
08	0079313
08	0079314
08	0079315
08	0079316
08	0079317
08	0079318
08	0079319
08	0079320
08	0079321
08	0079322
08	0079323
08	0079324
08	0079325
08	0079326
08	0079327
08	0079328
08	0079329
08	0079330
08	0079331
08	0079332
08	0079333
08	0079334
08	0079335
08	0079336
08	0079337
08	0079338
08	0079339
08	0079340
08	0079341
08	0079342
08	0079343
08	0079344
08	0079345
08	0079346
08	0079347
08	0079348
08	0079349
08	0079350
08	0079351
08	0079352
08	0079353
08	0079354
08	0079355
08	0079356
08	0079357
08	0079358
08	0079359
08	0079360
08	0079361
08	0079362
08	0079363
08	0079364
08	0079365
08	0079366
08	0079367
08	0079368
08	0079369
08	0079370
08	0079371
08	0079372
08	0079373
08	0079374
08	0079375
08	0079376
08	0079377
08	0079378
08	0079379
08	0079380
08	0079381
08	0079382
08	0079383
08	0079384
08	0079385
08	0079386
08	0079387
08	0079388
08	0079389
08	0079390
08	0079391
08	0079392
08	0079393
08	0079394
08	0079395
08	0079396
08	0079397
08	0079398
08	0079399
08	0079400
08	0079401
08	0079402
08	0079403
08	0079404
08	0079405
08	0079406
08	0079407
08	0079408
08	0079409
08	0079410
08	0079411
08	0079412
08	0079413
08	0079414
08	0079415
08	0079416
08	0079417
08	0079418
08	0079419
08	0079420
08	0079421
08	0079422
08	0079423
08	0079424
08	0079425
08	0079426
08	0079427
08	0079428
08	0079429
08	0079430
08	0079431
08	0079432
08	0079433
08	0079434
08	0079435
08	0079436
08	0079437
08	0079438
08	0079439
08	0079440
08	0079441
08	0079442
08	0079443
08	0079444
08	0079445
08	0079446
08	0079447
08	0079448
08	0079449
08	0079450
08	0079451
08	0079452
08	0079453
08	0079454
08	0079455
08	0079456
08	0079457
08	0079458
08	0079459
08	0079460
08	0079461
08	0079462
08	0079463
08	0079464
08	0079465
08	0079466
08	0079467
08	0079468
08	0079469
08	0079470
08	0079471
08	0079472
08	0079473
08	0079474
08	0079475
08	0079476
08	0079477
08	0079478
08	0079479
08	0079480
08	0079481
08	0079482
08	0079483
08	0079484
08	0079485
08	0079486
08	0079487
08	0079488
08	0079489
08	0079490
08	0079491
08	0079492
08	0079493
08	0079494
08	0079495
08	0079496
08	0079497
08	0079498
08	0079499
08	0079500
08	0079501
08	0079502
08	0079503
08	0079504
08	0079505
08	0079506
08	0079507
08	0079508
08	0079509
08	0079510
08	0079511
08	0079512
08	0079513
08	0079514
08	0079515
08	0079516
08	0079517
08	0079518
08	0079519
08	0079520
08	0079521
08	0079522
08	0079523
08	0079524
08	0079525
08	0079526
08	0079527
08	0079528
08	0079529
08	0079530
08	0079531
08	0079532
08	0079533
08	0079534
08	0079535
08	0079536
08	0079537
08	0079538
08	0079539
08	0079540
08	0079541
08	0079542
08	0079543
08	0079544
08	0079545
08	0079546
08	0079547
08	0079548
08	0079549
08	0079550
08	0079551
08	0079552
08	0079553
08	0079554
08	0079555
08	0079556
08	0079557
08	0079558
08	0079559
08	0079560
08	0079561
08	0079562
08	0079563
08	0079564
08	0079565
08	0079566
08	0079567
08	0079568
08	0079569
08	0079570
08	0079571
08	0079572
08	0079573
08	0079574
08	0079575
08	0079576
08	0079577
08	0079578
08	0079579
08	0079580
08	0079581
08	0079582
08	0079583
08	0079584
08	0079585
08	0079586
08	0079587
08	0079588
08	0079589
08	0079590
08	0079591
08	0079592
08	0079593
08	0079594
08	0079595
08	0079596
08	0079597
08	0079598
08	0079599
08	0079600
08	0079601
08	0079602
08	0079603
08	0079604
08	0079605
08	0079606
08	0079607
08	0079608
08	0079609
08	0079610
08	0079611
08	0079612
08	0079613
08	0079614
08	0079615
08	0079616
08	0079617
08	0079618
08	0079619
08	0079620
08	0079621
08	0079622
08	0079623
08	0079624
08	0079625
08	0079626
08	0079627
08	0079628
08	0079629
08	0079630
08	0079631
08	0079632
08	0079633
08	0079634
08	0079635
08	0079636
08	0079637
08	0079638
08	0079639
08	0079640
08	0079641
08	0079642
08	0079643
08	0079644
08	0079645
08	0079646
08	0079647
08	0079648
08	0079649
08	0079650
08	0079651
08	0079652
08	0079653
08	0079654
08	0079655
08	0079656
08	0079657
08	0079658
08	0079659
08	0079660
08	0079661
08	0079662
08	0079663
08	0079664
08	0079665
08	0079666
08	0079667
08	0079668
08	0079669
08	0079670
08	0079671
08	0079672
08	0079673
08	0079674
08	0079675
08	0079676
08	0079677
08	0079678
08	0079679
08	0079680
08	0079681
08	0079682
08	0079683
08	0079684
08	0079685
08	0079686
08	0079687
08	0079688
08	0079689
08	0079690
08	0079691
08	0079692
08	0079693
08	0079694
08	0079695
08	0079696
08	0079697
08	0079698
08	0079699
08	0079700
08	0079701
08	0079702
08	0079703
08	0079704
08	0079705
08	0079706
08	0079707
08	0079708
08	0079709
08	0079710
08	0079711
08	0079712
08	0079713
08	0079714
08	0079715
08	0079716
08	0079717
08	0079718
08	0079719
08	0079720
08	0079721
08	0079722
08	0079723
08	0079724
08	0079725
08	0079726
08	0079727
08	0079728
08	0079729
08	0079730
08	0079731
08	0079732
08	0079733
08	0079734
08	0079735
08	0079736
08	0079737
08	0079738
08	0079739
08	0079740
08	0079741
08	0079742
08	0079743
08	0079744
08	0079745
08	0079746
08	0079747
08	0079748
08	0079749
08	0079750
08	0079751
08	0079752
08	0079753
08	0079754
08	0079755
08	0079756
08	0079757
08	0079758
08	0079759
08	0079760
08	0079761
08	0079762
08	0079763
08	0079764
08	0079765
08	0079766
08	0079767
08	0079768
08	0079769
08	0079770
08	0079771
08	0079772
08	0079773
08	0079774
08	0079775
08	0079776
08	0079777
08	0079778
08	0079779
08	0079780
08	0079781
08	0079782
08	0079783
08	0079784
08	0079785
08	0079786
08	0079787
08	0079788
08	0079789
08	0079790
08	0079791
08	0079792
08	0079793
08	0079794
08	0079795
08	0079796
08	0079797
08	0079798
08	0079799
08	0079800
08	0079801
08	0079802
08	0079803
08	0079804
08	0079805
08	0079806
08	0079807
08	0079808
08	0079809
08	0079810
08	0079811
08	0079812
08	0079813
08	0079814
08	0079815
08	0079816
08	0079817
08	0079818
08	0079819
08	0079820
08	0079821
08	0079822
08	0079823
08	0079824
08	0079825
08	0079826
08	0079827
08	0079828
08	0079829
08	0079830
08	0079831
08	0079832
08	0079833
08	0079834
08	0079835
08	0079836
08	0079837
08	0079838
08	0079839
08	0079840
08	0079841
08	0079842
08	0079843
08	0079844
08	0079845
08	0079846
08	0079847
08	0079848
08	0079849
08	0079850
08	0079851
08	0079852
08	0079853
08	0079854
08	0079855
08	0079856
08	0079857
08	0079858
08	0079859
08	0079860
08	0079861
08	0079862
08	0079863
08	0079864
08	0079865
08	0079866
08	0079867
08	0079868
08	0079869
08	0079870
08	0079871
08	0079872
08	0079873
08	0079874
08	0079875
08	0079876
08	0079877
08	0079878
08	0079879
08	0079880
08	0079881
08	0079882
08	0079883
08	0079884
08	0079885
08	0079886
08	0079887
08	0079888
08	0079889
08	0079890
08	0079891
08	0079892
08	0079893
08	0079894
08	0079895
08	0079896
08	0079897
08	0079898
08	0079899
08	0079900
08	0079901
08	0079902
08	0079903
08	0079904
08	0079905
08	0079906
08	0079907
08	0079908
08	0079909
08	0079910
08	0079911
08	0079912
08	0079913
08	0079914
08	0079915
08	0079916
08	0079917
08	0079918
08	0079919
08	0079920
08	0079921
08	0079922
08	0079923
08	0079924
08	0079925
08	0079926
08	0079927
08	0079928
08	0079929
08	0079930
08	0079931
08	0079932
08	0079933
08	0079934
08	0079935
08	0079936
08	0079937
08	0079938
08	0079939
08	0079940
08	0079941
08	0079942
08	0079943
08	0079944
08	0079945
08	0079946
08	0079947
08	0079948
08	0079949
08	0079950
08	0079951
08	0079952
08	0079953
08	0079954
08	0079955
08	0079956
08	0079957
08	0079958
08	0079959
08	0079960
08	0079961
08	0079962
08	0079963
08	0079964
08	0079965
08	0079966
08	0079967
08	0079968
08	0079969
08	0079970
08	0079971
08	0079972
08	0079973
08	0079974
08	0079975
08	0079976
08	0079977
08	0079978
08	0079979
08	0079980
08	0079981
08	0079982
08	0079983
08	0079984
08	0079985
08	0079986
08	0079987
08	0079988
08	0079989
08	0079990
08	0079991
08	0079992
08	0079993
08	0079994
08	0079995
08	0079996
08	0079997
08	0079998
08	0079999
08	0080000
08	0080001
08	0080002
08	0080003
08	0080004
08	0080005
08	0080006
08	0080007
08	0080008
08	0080009
08	0080010
08	0080011
08	0080012
08	0080013
08	0080014
08	0080015
08	0080016
08	0080017
08	0080018
08	0080019
08	0080020
08	0080021
08	0080022
08	0080023
08	0080024
08	0080025
08	0080026
08	0080027
08	0080028
08	0080029
08	0080030
08	0080031
08	0080032
08	0080033
08	0080034
08	0080035
08	0080036
08	0080037
08	0080038
08	0080039
08	0080040
08	0080041
08	0080042
08	0080043
08	0080044
08	0080045
08	0080046
08	0080047
08	0080048
08	0080049
08	0080050
08	0080051
08	0080052
08	0080053
08	0080054
08	0080055
08	0080056
08	0080057
08	0080058
08	0080059
08	0080060
08	0080061
08	0080062
08	0080063
08	0080064
08	0080065
08	0080066
08	0080067
08	0080068
08	0080069
08	0080070
08	0080071
08	0080072
08	0080073
08	0080074
08	0080075
08	0080076
08	0080077
08	0080078
08	0080079
08	0080080
08	0080081
08	0080082
08	0080083
08	0080084
08	0080085
08	0080086
08	0080087
08	0080088
08	0080089
08	0080090
08	0080091
08	0080092
08	0080093
08	0080094
08	0080095
08	0080096
08	0080097
08	0080098
08	0080099
08	0080100
08	0080101
08	0080102
08	0080103
08	0080104
08	0080105
08	0080106
08	0080107
08	0080108
08	0080109
08	0080110
08	0080111
08	0080112
08	0080113
08	0080114
08	0080115
08	0080116
08	0080117
08	0080118
08	0080119
08	0080120
08	0080121
08	0080122
08	0080123
08	0080124
08	0080125
08	0080126
08	0080127
08	0080128
08	0080129
08	0080130
08	0080131
08	0080132
08	0080133
08	0080134
08	0080135
08	0080136
08	0080137
08	0080138
08	0080139
08	0080140
08	0080141
08	0080142
08	0080143
08	0080144
08	0080145
08	0080146
08	0080147
08	0080148
08	0080149
08	0080150
08	0080151
08	0080152
08	0080153
08	0080154
08	0080155
08	0080156
08	0080157
08	0080158
08	0080159
08	0080160
08	0080161
08	0080162
08	0080163
08	0080164
08	0080165
08	0080166
08	0080167
08	0080168
08	0080169
08	0080170
08	0080171
08	0080172
08	0080173
08	0080174
08	0080175
08	0080176
08	0080177
08	0080178
08	0080179
08	0080180
08	0080181
08	0080182
08	0080183
08	0080184
08	0080185
08	0080186
08	0080187
08	0080188
08	0080189
08	0080190
08	0080191
08	0080192
08	0080193
08	0080194
08	0080195
08	0080196
08	0080197
08	0080198
08	0080199
08	0080200
08	0080201
08	0080202
08	0080203
08	0080204
08	0080205
08	0080206
08	0080207
08	0080208
08	0080209
08	0080210
08	0080211
08	0080212
08	0080213
08	0080214
08	0080215
08	0080217
08	0080218
08	0080219
08	0080220
08	0080221
08	0080222
08	0080223
08	0080224
08	0080225
08	0080226
08	0080227
08	0080228
08	0080229
08	0080230
08	0080231
08	0080232
08	0080233
08	0080234
08	0080235
08	0080236
08	0080237
08	0080238
08	0080239
08	0080240
08	0080241
08	0080242
08	0080243
08	0080244
08	0080245
08	0080246
08	0080247
08	0080248
08	0080249
08	0080250
08	0080251
08	0080252
08	0080253
08	0080254
08	0080255
08	0080256
08	0080257
08	0080258
08	0080259
08	0080260
08	0080261
08	0080262
08	0080263
08	0080264
08	0080265
08	0080266
08	0080267
08	0080268
08	0080269
08	0080270
08	0080271
08	0080272
08	0080273
08	0080274
08	0080275
08	0080276
08	0080277
08	0080278
08	0080279
08	0080280
08	0080281
08	0080282
08	0080283
08	0080284
08	0080285
08	0080286
08	0080287
08	0080288
08	0080289
08	0080290
08	0080291
08	0080292
08	0080293
08	0080294
08	0080295
08	0080296
08	0080297
08	0080298
08	0080299
08	0080300
08	0080301
08	0080302
08	0080303
08	0080304
08	0080305
08	0080306
08	0080307
08	0080308
08	0080309
08	0080310
08	0080311
08	0080312
08	0080313
08	0080314
08	0080315
08	0080316
08	0080317
08	0080318
08	0080319
08	0080320
08	0080321
08	0080322
08	0080323
08	0080324
08	0080325
08	0080326
08	0080327
08	0080328
08	0080329
08	0080330
08	0080331
08	0080332
08	0080333
08	0080334
08	0080335
08	0080336
08	0080337
08	0080338
08	0080339
08	0080340
08	0080341
08	0080342
08	0080343
08	0080344
08	0080346
08	0080347
08	0080348
08	0080349
08	0080350
08	0080351
08	0080352
08	0080353
08	0080354
08	0080355
08	0080356
08	0080357
08	0080358
08	0080359
08	0080360
08	0080361
08	0080362
08	0080363
08	0080364
08	0080365
08	0080366
08	0080367
08	0080368
08	0080369
08	0080370
08	0080371
08	0080372
08	0080373
08	0080374
08	0080375
08	0080376
08	0080377
08	0080378
08	0080379
08	0080380
08	0080381
08	0080382
08	0080383
08	0080384
08	0080385
08	0080386
08	0080387
08	0080388
08	0080389
08	0080390
08	0080391
08	0080392
08	0080393
08	0080394
08	0080395
08	0080396
08	0080397
08	0080398
08	0080399
08	0080400
08	0080401
08	0080402
08	0080403
08	0080404
08	0080405
08	0080406
08	0080407
08	0080408
08	0080409
08	0080410
08	0080411
08	0080412
08	0080413
08	0080414
08	0080415
08	0080416
08	0080417
08	0080418
08	0080419
08	0080420
08	0080421
08	0080422
08	0080423
08	0080424
08	0080425
08	0080426
08	0080427
08	0080428
08	0080429
08	0080430
08	0080431
08	0080432
08	0080433
08	0080434
08	0080435
08	0080436
08	0080437
08	0080438
08	0080439
08	0080440
08	0080441
08	0080442
08	0080443
08	0080444
08	0080445
08	0080446
08	0080447
08	0080448
08	0080449
08	0080450
08	0080451
08	0080452
08	0080453
08	0080454
08	0080455
08	0080456
08	0080457
08	0080458
08	0080459
08	0080460
08	0080461
08	0080462
08	0080463
08	0080464
08	0080465
08	0080466
08	0080467
08	0080468
08	0080469
08	0080470
08	0080471
08	0080472
08	0080473
08	0080474
08	0080475
08	0080476
08	0080477
08	0080478
08	0080479
08	0080480
08	0080481
08	0080482
08	0080483
08	0080484
08	0080485
08	0080486
08	0080487
08	0080488
08	0080489
08	0080490
08	0080491
08	0080492
08	0080493
08	0080494
08	0080495
08	0080496
08	0080497
08	0080498
08	0080499
08	0080500
08	0080501
08	0080502
08	0080503
08	0080504
08	0080505
08	0080506
08	0080507
08	0080508
08	0080509
08	0080510
08	0080511
08	0080512
08	0080513
08	0080514
08	0080515
08	0080516
08	0080517
08	0080518
08	0080519
08	0080520
08	0080521
08	0080522
08	0080523
08	0080524
08	0080525
08	0080526
08	0080527
08	0080528
08	0080529
08	0080530
08	0080531
08	0080532
08	0080533
08	0080534
08	0080535
08	0080536
08	0080537
08	0080538
08	0080539
08	0080540
08	0080541
08	0080542
08	0080543
08	0080544
08	0080545
08	0080546
08	0080547
08	0080548
08	0080549
08	0080550
08	0080551
08	0080552
08	0080553
08	0080554
08	0080555
08	0080556
08	0080557
08	0080558
08	0080559
08	0080560
08	0080561
08	0080562
08	0080563
08	0080564
08	0080565
08	0080566
08	0080567
08	0080568
08	0080569
08	0080570
08	0080571
08	0080572
08	0080573
08	0080574
08	0080575
08	0080576
08	0080577
08	0080578
08	0080579
08	0080580
08	0080581
08	0080582
08	0080583
08	0080584
08	0080585
08	0080586
08	0080587
08	0080588
08	0080589
08	0080590
08	0080591
08	0080592
08	0080593
08	0080594
08	0080595
08	0080596
08	0080597
08	0080598
08	0080599
08	0080600
08	0080601
08	0080602
08	0080603
08	0080604
08	0080605
08	0080606
08	0080607
08	0080608
08	0080609
08	0080610
08	0080611
08	0080612
08	0080613
08	0080614
08	0080615
08	0080616
08	0080617
08	0080618
08	0080619
08	0080620
08	0080621
08	0080622
08	0080623
08	0080624
08	0080625
08	0080626
08	0080627
08	0080628
08	0080629
08	0080630
08	0080631
08	0080632
08	0080633
08	0080634
08	0080635
08	0080636
08	0080637
08	0080638
08	0080639
08	0080640
08	0080641
08	0080642
08	0080643
08	0080644
08	0080645
08	0080646
08	0080647
08	0080648
08	0080649
08	0080650
08	0080651
08	0080652
08	0080653
08	0080654
08	0080655
08	0080656
08	0080657
08	0080658
08	0080659
08	0080660
08	0080661
08	0080662
08	0080663
08	0080664
08	0080665
08	0080666
08	0080667
08	0080668
08	0080669
08	0080670
08	0080671
08	0080672
08	0080673
08	0080674
08	0080675
08	0080676
08	0080677
08	0080678
08	0080679
08	0080680
08	0080681
08	0080682
08	0080683
08	0080684
08	0080685
08	0080686
08	0080687
08	0080688
08	0080689
08	0080690
08	0080691
08	0080692
08	0080693
08	0080694
08	0080695
08	0080696
08	0080697
08	0080698
08	0080699
08	0080700
08	0080701
08	0080702
08	0080703
08	0080704
08	0080705
08	0080706
08	0080707
08	0080708
08	0080709
08	0080710
08	0080711
08	0080712
08	0080713
08	0080714
08	0080715
08	0080716
08	0080717
08	0080718
08	0080719
08	0080720
08	0080721
08	0080722
08	0080723
08	0080724
08	0080725
08	0080726
08	0080727
08	0080728
08	0080729
08	0080730
08	0080731
08	0080732
08	0080733
08	0080734
08	0080735
08	0080736
08	0080737
08	0080738
08	0080739
08	0080740
08	0080741
08	0080742
08	0080743
08	0080744
08	0080745
08	0080746
08	0080747
08	0080748
08	0080749
08	0080750
08	0080751
08	0080752
08	0080753
08	0080754
08	0080755
08	0080756
08	0080757
08	0080758
08	0080759
08	0080760
08	0080761
08	0080762
08	0080763
08	0080764
08	0080765
08	0080766
08	0080767
08	0080768
08	0080769
08	0080770
08	0080771
08	0080772
08	0080773
08	0080774
08	0080775
08	0080776
08	0080777
08	0080778
08	0080779
08	0080780
08	0080781
08	0080782
08	0080783
08	0080784
08	0080785
08	0080786
08	0080787
08	0080788
08	0080789
08	0080790
08	0080791
08	0080792
08	0080793
08	0080794
08	0080795
08	0080796
08	0080797
08	0080798
08	0080799
08	0080800
08	0080801
08	0080802
08	0080803
08	0080804
08	0080805
08	0080806
08	0080807
08	0080808
08	0080809
08	0080810
08	0080811
08	0080812
08	0080813
08	0080814
08	0080815
08	0080816
08	0080817
08	0080818
08	0080819
08	0080820
08	0080821
08	0080822
08	0080823
08	0080824
08	0080825
08	0080826
08	0080827
08	0080828
08	0080829
08	0080830
08	0080831
08	0080832
08	0080833
08	0080834
08	0080835
08	0080836
08	0080837
08	0080838
08	0080839
08	0080840
08	0080841
08	0080842
08	0080843
08	0080844
08	0080845
08	0080846
08	0080847
08	0080848
08	0080849
08	0080850
08	0080851
08	0080852
08	0080853
08	0080854
08	0080855
08	0080856
08	0080857
08	0080858
08	0080859
08	0080860
08	0080861
08	0080862
08	0080863
08	0080864
08	0080865
08	0080866
08	0080867
08	0080868
08	0080869
08	0080870
08	0080871
08	0080872
08	0080873
08	0080874
08	0080875
08	0080876
08	0080877
08	0080878
08	0080879
08	0080880
08	0080881
08	0080882
08	0080883
08	0080884
08	0080885
08	0080886
08	0080887
08	0080888
08	0080889
08	0080890
08	0080891
08	0080892
08	0080893
08	0080894
08	0080895
08	0080896
08	0080897
08	0080898
08	0080899
08	0080900
08	0080901
08	0080902
08	0080903
08	0080904
08	0080905
08	0080906
08	0080907
08	0080908
08	0080909
08	0080910
08	0080911
08	0080912
08	0080913
08	0080914
08	0080915
08	0080916
08	0080917
08	0080918
08	0080919
08	0080920
08	0080921
08	0080922
08	0080923
08	0080924
08	0080925
08	0080926
08	0080927
08	0080928
08	0080929
08	0080930
08	0080931
08	0080932
08	0080933
08	0080934
08	0080935
08	0080936
08	0080937
08	0080938
08	0080939
08	0080940
08	0080941
08	0080942
08	0080943
08	0080944
08	0080945
08	0080946
08	0080947
08	0080948
08	0080949
08	0080950
08	0080951
08	0080952
08	0080953
08	0080954
08	0080955
08	0080956
08	0080957
08	0080958
08	0080959
08	0080960
08	0080961
08	0080962
08	0080963
08	0080964
08	0080965
08	0080966
08	0080967
08	0080968
08	0080969
08	0080970
08	0080971
08	0080972
08	0080973
08	0080974
08	0080975
08	0080976
08	0080977
08	0080978
08	0080979
08	0080980
08	0080981
08	0080982
08	0080983
08	0080984
08	0080985
08	0080986
08	0080987
08	0080988
08	0080989
08	0080990
08	0080991
08	0080992
08	0080993
08	0080994
08	0080995
08	0080996
08	0080997
08	0080998
08	0080999
08	0081000
08	0081001
08	0081002
08	0081003
08	0081004
08	0081005
08	0081006
08	0081007
08	0081008
08	0081009
08	0081010
08	0081011
08	0081012
08	0081013
08	0081014
08	0081015
08	0081016
08	0081017
08	0081018
08	0081019
08	0081020
08	0081021
08	0081022
08	0081023
08	0081024
08	0081025
08	0081026
08	0081027
08	0081028
08	0081029
08	0081030
08	0081031
08	0081032
08	0081033
08	0081034
08	0081035
08	0081036
08	0081037
08	0081038
08	0081039
08	0081040
08	0081041
08	0081042
08	0081043
08	0081044
08	0081045
08	0081046
08	0081047
08	0081048
08	0081049
08	0081050
08	0081051
08	0081052
08	0081053
08	0081054
08	0081055
08	0081056
08	0081057
08	0081058
08	0081059
08	0081060
08	0081061
08	0081062
08	0081063
08	0081064
08	0081065
08	0081066
08	0081067
08	0081068
08	0081069
08	0081070
08	0081071
08	0081072
08	0081073
08	0081074
08	0081075
08	0081076
08	0081077
08	0081078
08	0081079
08	0081080
08	0081081
08	0081082
08	0081083
08	0081084
08	0081085
08	0081086
08	0081087
08	0081088
08	0081089
08	0081090
08	0081091
08	0081092
08	0081093
08	0081094
08	0081095
08	0081096
08	0081097
08	0081098
08	0081099
08	0081100
08	0081101
08	0081102
08	0081103
08	0081104
08	0081105
08	0081106
08	0081107
08	0081108
08	0081109
08	0081110
08	0081111
08	0081112
08	0081113
08	0081114
08	0081115
08	0081116
08	0081117
08	0081118
08	0081119
08	0081120
08	0081121
08	0081122
08	0081123
08	0081124
08	0081125
08	0081126
08	0081127
08	0081128
08	0081129
08	0081130
08	0081131
08	0081132
08	0081133
08	0081134
08	0081135
08	0081136
08	0081137
08	0081138
08	0081139
08	0081140
08	0081141
08	0081142
08	0081143
08	0081144
08	0081145
08	0081146
08	0081147
08	0081148
08	0081149
08	0081150
08	0081151
08	0081152
08	0081153
08	0081154
08	0081155
08	0081156
08	0081157
08	0081158
08	0081159
08	0081160
08	0081161
08	0081162
08	0081163
08	0081164
08	0081165
08	0081166
08	0081167
08	0081168
08	0081169
08	0081170
08	0081171
08	0081172
08	0081173
08	0081174
08	0081175
08	0081176
08	0081177
08	0081178
08	0081179
08	0081180
08	0081181
08	0081182
08	0081183
08	0081184
08	0081185
08	0081186
08	0081187
08	0081188
08	0081189
08	0081190
08	0081191
08	0081192
08	0081193
08	0081194
08	0081195
08	0081196
08	0081197
08	0081198
08	0081199
08	0081200
08	0081201
08	0081202
08	0081203
08	0081204
08	0081205
08	0081206
08	0081207
08	0081208
08	0081209
08	0081210
08	0081211
08	0081212
08	0081213
08	0081214
08	0081215
08	0081216
08	0081217
08	0081218
08	0081219
08	0081220
08	0081221
08	0081222
08	0081223
08	0081224
08	0081225
08	0081226
08	0081227
08	0081228
08	0081229
08	0081230
08	0081231
08	0081232
08	0081233
08	0081234
08	0081235
08	0081236
08	0081237
08	0081238
08	0081239
08	0081240
08	0081241
08	0081242
08	0081243
08	0081244
08	0081245
08	0081246
08	0081247
08	0081248
08	0081249
08	0081250
08	0081251
08	0081252
08	0081253
08	0081254
08	0081255
08	0081256
08	0081257
08	0081258
08	0081259
08	0081260
08	0081261
08	0081262
08	0081263
08	0081264
08	0081265
08	0081266
08	0081267
08	0081268
08	0081269
08	0081270
08	0081271
08	0081272
08	0081273
08	0081274
08	0081275
08	0081276
08	0081277
08	0081278
08	0081279
08	0081280
08	0081281
08	0081282
08	0081283
08	0081284
08	0081285
08	0081286
08	0081287
08	0081288
08	0081289
08	0081290
08	0081291
08	0081292
08	0081293
08	0081294
08	0081295
08	0081296
08	0081297
08	0081298
08	0081299
08	0081300
08	0081301
08	0081302
08	0081303
08	0081304
08	0081305
08	0081306
08	0081307
08	0081308
08	0081309
08	0081310
08	0081311
08	0081312
08	0081313
08	0081314
08	0081315
08	0081316
08	0081317
08	0081318
08	0081319
08	0081320
08	0081321
08	0081322
08	0081323
08	0081324
08	0081325
08	0081326
08	0081327
08	0081328
08	0081329
08	0081330
08	0081331
08	0081332
08	0081333
08	0081334
08	0081335
08	0081336
08	0081337
08	0081338
08	0081339
08	0081340
08	0081341
08	0081342
08	0081343
08	0081344
08	0081345
08	0081346
08	0081347
08	0081348
08	0081349
08	0081350
08	0081351
08	0081352
08	0081353
08	0081354
08	0081355
08	0081356
08	0081357
08	0081358
08	0081359
08	0081360
08	0081361
08	0081362
08	0081363
08	0081364
08	0081365
08	0081366
08	0081367
08	0081368
08	0081369
08	0081370
08	0081371
08	0081372
08	0081373
08	0081374
08	0081375
08	0081376
08	0081377
08	0081378
08	0081379
08	0081380
08	0081381
08	0081382
08	0081383
08	0081384
08	0081385
08	0081386
08	0081387
08	0081388
08	0081389
08	0081390
08	0081391
08	0081392
08	0081393
08	0081394
08	0081396
08	0081397
08	0081398
08	0081399
08	0081400
08	0081401
08	0081402
08	0081403
08	0081404
08	0081405
08	0081406
08	0081407
08	0081408
08	0081409
08	0081410
08	0081411
08	0081412
08	0081413
08	0081414
08	0081415
08	0081416
08	0081417
08	0081418
08	0081419
08	0081420
08	0081421
08	0081422
08	0081423
08	0081424
08	0081425
08	0081426
08	0081427
08	0081428
08	0081429
08	0081430
08	0081431
08	0081432
08	0081433
08	0081434
08	0081435
08	0081436
08	0081437
08	0081438
08	0081439
08	0081440
08	0081441
08	0081442
08	0081443
08	0081444
08	0081445
08	0081446
08	0081447
08	0081448
08	0081449
08	0081450
08	0081451
08	0081452
08	0081453
08	0081454
08	0081455
08	0081456
08	0081457
08	0081458
08	0081459
08	0081460
08	0081461
08	0081462
08	0081463
08	0081464
08	0081465
08	0081466
08	0081467
08	0081468
08	0081469
08	0081470
08	0081471
08	0081472
08	0081473
08	0081474
08	0081475
08	0081476
08	0081477
08	0081478
08	0081479
08	0081480
08	0081481
08	0081482
08	0081483
08	0081484
08	0081485
08	0081486
08	0081487
08	0081488
08	0081489
08	0081490
08	0081491
08	0081492
08	0081493
08	0081494
08	0081495
08	0081496
08	0081497
08	0081498
08	0081499
08	0081500
08	0081501
08	0081502
08	0081503
08	0081504
08	0081505
08	0081506
08	0081507
08	0081508
08	0081509
08	0081510
08	0081511
08	0081512
08	0081513
08	0081514
08	0081515
08	0081516
08	0081517
08	0081518
08	0081519
08	0081520
08	0081521
08	0081522
08	0081523
08	0081524
08	0081525
08	0081526
08	0081527
08	0081528
08	0081529
08	0081530
08	0081531
08	0081532
08	0081533
08	0081534
08	0081535
08	0081536
08	0081537
08	0081538
08	0081539
08	0081540
08	0081541
08	0081542
08	0081543
08	0081544
08	0081545
08	0081546
08	0081547
08	0081548
08	0081549
08	0081550
08	0081551
08	0081552
08	0081553
08	0081554
08	0081555
08	0081556
08	0081557
08	0081558
08	0081559
08	0081560
08	0081561
08	0081562
08	0081563
08	0081564
08	0081565
08	0081566
08	0081567
08	0081568
08	0081569
08	0081570
08	0081571
08	0081572
08	0081573
08	0081574
08	0081575
08	0081576
08	0081577
08	0081578
08	0081579
08	0081580
08	0081581
08	0081582
08	0081583
08	0081584
08	0081585
08	0081586
08	0081587
08	0081588
08	0081589
08	0081590
08	0081591
08	0081592
08	0081593
08	0081594
08	0081595
08	0081596
08	0081597
08	0081598
08	0081599
08	0081600
08	0081601
08	0081602
08	0081603
08	0081604
08	0081605
08	0081606
08	0081607
08	0081608
08	0081609
08	0081610
08	0081611
08	0081612
08	0081613
08	0081614
08	0081615
08	0081616
08	0081617
08	0081618
08	0081619
08	0081620
08	0081621
08	0081622
08	0081623
08	0081624
08	0081625
08	0081626
08	0081627
08	0081628
08	0081629
08	0081630
08	0081631
08	0081632
08	0081633
08	0081634
08	0081635
08	0081636
08	0081637
08	0081638
08	0081639
08	0081640
08	0081641
08	0081642
08	0081643
08	0081644
08	0081645
08	0081646
08	0081647
08	0081648
08	0081649
08	0081650
08	0081651
08	0081652
08	0081653
08	0081654
08	0081655
08	0081656
08	0081657
08	0081658
08	0081659
08	0081660
08	0081661
08	0081662
08	0081663
08	0081664
08	0081665
08	0081666
08	0081667
08	0081668
08	0081669
08	0081670
08	0081671
08	0081672
08	0081673
08	0081674
08	0081675
08	0081676
08	0081677
08	0081678
08	0081679
08	0081680
08	0081681
08	0081682
08	0081683
08	0081684
08	0081685
08	0081686
08	0081687
08	0081688
08	0081689
08	0081690
08	0081691
08	0081692
08	0081693
08	0081694
08	0081695
08	0081696
08	0081697
08	0081698
08	0081699
08	0081700
08	0081701
08	0081702
08	0081703
08	0081704
08	0081705
08	0081706
08	0081707
08	0081708
08	0081709
08	0081710
08	0081711
08	0081712
08	0081713
08	0081714
08	0081715
08	0081716
08	0081717
08	0081718
08	0081719
08	0081720
08	0081721
08	0081722
08	0081723
08	0081724
08	0081725
08	0081726
08	0081727
08	0081728
08	0081729
08	0081730
08	0081731
08	0081732
08	0081733
08	0081734
08	0081735
08	0081736
08	0081737
08	0081738
08	0081739
08	0081740
08	0081741
08	0081742
08	0081743
08	0081744
08	0081745
08	0081746
08	0081747
08	0081748
08	0081749
08	0081750
08	0081751
08	0081752
08	0081753
08	0081754
08	0081755
08	0081756
08	0081757
08	0081758
08	0081759
08	0081760
08	0081761
08	0081762
08	0081763
08	0081764
08	0081765
08	0081766
08	0081767
08	0081768
08	0081769
08	0081770
08	0081771
08	0081772
08	0081773
08	0081774
08	0081775
08	0081776
08	0081777
08	0081778
08	0081779
08	0081780
08	0081781
08	0081782
08	0081783
08	0081784
08	0081785
08	0081786
08	0081787
08	0081788
08	0081789
08	0081790
08	0081791
08	0081792
08	0081793
08	0081794
08	0081795
08	0081796
08	0081797
08	0081798
08	0081799
08	0081800
08	0081801
08	0081802
08	0081803
08	0081804
08	0081805
08	0081806
08	0081807
08	0081808
08	0081809
08	0081810
08	0081811
08	0081812
08	0081813
08	0081814
08	0081815
08	0081816
08	0081817
08	0081818
08	0081819
08	0081820
08	0081821
08	0081822
08	0081823
08	0081824
08	0081825
08	0081826
08	0081827
08	0081828
08	0081829
08	0081830
08	0081831
08	0081832
08	0081833
08	0081834
08	0081835
08	0081836
08	0081837
08	0081838
08	0081839
08	0081840
08	0081841
08	0081842
08	0081843
08	0081844
08	0081845
08	0081846
08	0081847
08	0081848
08	0081849
08	0081850
08	0081851
08	0081852
08	0081853
08	0081854
08	0081855
08	0081856
08	0081857
08	0081858
08	0081859
08	0081860
08	0081861
08	0081862
08	0081863
08	0081864
08	0081865
08	0081866
08	0081867
08	0081868
08	0081869
08	0081870
08	0081871
08	0081872
08	0081873
08	0081874
08	0081875
08	0081876
08	0081877
08	0081878
08	0081879
08	0081880
08	0081881
08	0081882
08	0081883
08	0081884
08	0081885
08	0081886
08	0081887
08	0081888
08	0081889
08	0081890
08	0081891
08	0081892
08	0081893
08	0081894
08	0081895
08	0081896
08	0081897
08	0081898
08	0081899
08	0081900
08	0081901
08	0081902
08	0081903
08	0081904
08	0081905
08	0081906
08	0081907
08	0081908
08	0081909
08	0081910
08	0081911
08	0081912
08	0081913
08	0081914
08	0081915
08	0081916
08	0081917
08	0081918
08	0081919
08	0081920
08	0081921
08	0081922
08	0081923
08	0081924
08	0081925
08	0081926
08	0081927
08	0081928
08	0081929
08	0081930
08	0081931
08	0081932
08	0081933
08	0081934
08	0081935
08	0081936
08	0081937
08	0081938
08	0081939
08	0081940
08	0081941
08	0081942
08	0081943
08	0081944
08	0081945
08	0081946
08	0081947
08	0081948
08	0081949
08	0081950
08	0081951
08	0081952
08	0081953
08	0081954
08	0081955
08	0081956
08	0081957
08	0081958
08	0081959
08	0081960
08	0081961
08	0081962
08	0081963
08	0081964
08	0081965
08	0081966
08	0081967
08	0081968
08	0081969
08	0081970
08	0081971
08	0081972
08	0081973
08	0081974
08	0081975
08	0081976
08	0081977
08	0081978
08	0081979
08	0081980
08	0081981
08	0081982
08	0081983
08	0081984
08	0081985
08	0081986
08	0081987
08	0081988
08	0081989
08	0081990
08	0081991
08	0081992
08	0081993
08	0081994
08	0081995
08	0081996
08	0081997
08	0081998
08	0081999
08	0082000
08	0082001
08	0082002
08	0082003
08	0082004
08	0082005
08	0082006
08	0082007
08	0082008
08	0082009
08	0082010
08	0082011
08	0082012
08	0082013
08	0082014
08	0082015
08	0082016
08	0082017
08	0082018
08	0082019
08	0082020
08	0082021
08	0082022
08	0082023
08	0082024
08	0082025
08	0082026
08	0082027
08	0082028
08	0082029
08	0082030
08	0082031
08	0082032
08	0082033
08	0082034
08	0082035
08	0082036
08	0082037
08	0082038
08	0082039
08	0082040
08	0082041
08	0082042
08	0082043
08	0082044
08	0082045
08	0082046
08	0082047
08	0082048
08	0082049
08	0082050
08	0082051
08	0082052
08	0082053
08	0082054
08	0082055
08	0082056
08	0082057
08	0082058
08	0082059
08	0082060
08	0082061
08	0082062
08	0082063
08	0082064
08	0082065
08	0082066
08	0082067
08	0082068
08	0082069
08	0082070
08	0082071
08	0082072
08	0082073
08	0082074
08	0082075
08	0082076
08	0082077
08	0082078
08	0082079
08	0082080
08	0082081
08	0082082
08	0082083
08	0082084
08	0082085
08	0082086
08	0082087
08	0082088
08	0082089
08	0082090
08	0082091
08	0082092
08	0082093
08	0082094
08	0082095
08	0082096
08	0082097
08	0082098
08	0082099
08	0082100
08	0082101
08	0082102
08	0082103
08	0082104
08	0082105
08	0082106
08	0082107
08	0082108
08	0082109
08	0082110
08	0082111
08	0082112
08	0082113
08	0082114
08	0082115
08	0082116
08	0082117
08	0082118
08	0082119
08	0082120
08	0082121
08	0082122
08	0082123
08	0082124
08	0082125
08	0082126
08	0082127
08	0082128
08	0082129
08	0082130
08	0082131
08	0082132
08	0082133
08	0082134
08	0082135
08	0082136
08	0082137
08	0082138
08	0082139
08	0082140
08	0082141
08	0082142
08	0082143
08	0082144
08	0082145
08	0082146
08	0082147
08	0082148
08	0082149
08	0082150
08	0082151
08	0082152
08	0082153
08	0082154
08	0082155
08	0082156
08	0082157
08	0082158
08	0082159
08	0082161
08	0082162
08	0082163
08	0082164
08	0082165
08	0082166
08	0082167
08	0082168
08	0082169
08	0082170
08	0082171
08	0082172
08	0082173
08	0082174
08	0082175
08	0082176
08	0082177
08	0082178
08	0082179
08	0082180
08	0082181
08	0082182
08	0082183
08	0082184
08	0082185
08	0082186
08	0082187
08	0082188
08	0082189
08	0082190
08	0082191
08	0082193
08	0082194
08	0082195
08	0082196
08	0082197
08	0082198
08	0082199
08	0082200
08	0082201
08	0082202
08	0082203
08	0082204
08	0082205
08	0082206
08	0082207
08	0082208
08	0082209
08	0082210
08	0082211
08	0082212
08	0082213
08	0082214
08	0082215
08	0082216
08	0082217
08	0082218
08	0082219
08	0082220
08	0082221
08	0082222
08	0082223
08	0082224
08	0082225
08	0082226
08	0082227
08	0082228
08	0082229
08	0082230
08	0082231
08	0082232
08	0082233
08	0082234
08	0082235
08	0082236
08	0082237
08	0082238
08	0082239
08	0082240
08	0082241
08	0082242
08	0082243
08	0082244
08	0082245
08	0082246
08	0082247
08	0082248
08	0082249
08	0082250
08	0082251
08	0082252
08	0082253
08	0082254
08	0082255
08	0082256
08	0082257
08	0082258
08	0082259
08	0082260
08	0082261
08	0082262
08	0082263
08	0082264
08	0082265
08	0082266
08	0082267
08	0082268
08	0082269
08	0082270
08	0082271
08	0082272
08	0082273
08	0082274
08	0082275
08	0082276
08	0082277
08	0082278
08	0082279
08	0082280
08	0082281
08	0082282
08	0082283
08	0082284
08	0082285
08	0082286
08	0082287
08	0082288
08	0082289
08	0082290
08	0082291
08	0082292
08	0082293
08	0082294
08	0082295
08	0082296
08	0082297
08	0082298
08	0082299
08	0082300
08	0082301
08	0082302
08	0082303
08	0082304
08	0082305
08	0082306
08	0082307
08	0082308
08	0082309
08	0082310
08	0082311
08	0082312
08	0082313
08	0082314
08	0082315
08	0082316
08	0082317
08	0082318
08	0082319
08	0082320
08	0082321
08	0082322
08	0082323
08	0082324
08	0082325
08	0082326
08	0082327
08	0082328
08	0082329
08	0082330
08	0082331
08	0082332
08	0082333
08	0082334
08	0082335
08	0082336
08	0082337
08	0082338
08	0082339
08	0082340
08	0082341
08	0082342
08	0082343
08	0082344
08	0082345
08	0082346
08	0082347
08	0082348
08	0082349
08	0082350
08	0082351
08	0082352
08	0082353
08	0082354
08	0082355
08	0082356
08	0082357
08	0082358
08	0082359
08	0082360
08	0082361
08	0082362
08	0082363
08	0082364
08	0082365
08	0082366
08	0082367
08	0082368
08	0082369
08	0082370
08	0082371
08	0082372
08	0082373
08	0082374
08	0082375
08	0082376
08	0082377
08	0082378
08	0082379
08	0082380
08	0082381
08	0082382
08	0082383
08	0082384
08	0082385
08	0082386
08	0082387
08	0082388
08	0082389
08	0082390
08	0082391
08	0082392
08	0082393
08	0082394
08	0082395
08	0082396
08	0082397
08	0082398
08	0082399
08	0082400
08	0082401
08	0082402
08	0082403
08	0082404
08	0082405
08	0082406
08	0082407
08	0082408
08	0082409
08	0082410
08	0082411
08	0082412
08	0082413
08	0082414
08	0082415
08	0082416
08	0082417
08	0082418
08	0082419
08	0082420
08	0082421
08	0082422
08	0082423
08	0082424
08	0082425
08	0082426
08	0082427
08	0082428
08	0082429
08	0082430
08	0082431
08	0082432
08	0082433
08	0082434
08	0082435
08	0082436
08	0082437
08	0082438
08	0082439
08	0082440
08	0082441
08	0082442
08	0082443
08	0082444
08	0082445
08	0082446
08	0082447
08	0082448
08	0082449
08	0082450
08	0082451
08	0082452
08	0082453
08	0082454
08	0082455
08	0082456
08	0082457
08	0082458
08	0082459
08	0082460
08	0082461
08	0082462
08	0082463
08	0082464
08	0082465
08	0082466
08	0082467
08	0082468
08	0082469
08	0082470
08	0082471
08	0082472
08	0082473
08	0082474
08	0082475
08	0082476
08	0082477
08	0082478
08	0082479
08	0082480
08	0082481
08	0082482
08	0082483
08	0082484
08	0082485
08	0082486
08	0082487
08	0082488
08	0082489
08	0082490
08	0082491
08	0082492
08	0082493
08	0082494
08	0082495
08	0082496
08	0082497
08	0082498
08	0082499
08	0082500
08	0082501
08	0082502
08	0082503
08	0082504
08	0082505
08	0082506
08	0082507
08	0082508
08	0082509
08	0082510
08	0082511
08	0082512
08	0082513
08	0082514
08	0082515
08	0082516
08	0082517
08	0082518
08	0082519
08	0082520
08	0082521
08	0082522
08	0082523
08	0082524
08	0082525
08	0082526
08	0082527
08	0082528
08	0082529
08	0082530
08	0082531
08	0082532
08	0082533
08	0082534
08	0082535
08	0082536
08	0082537
08	0082538
08	0082539
08	0082540
08	0082541
08	0082542
08	0082543
08	0082544
08	0082545
08	0082546
08	0082547
08	0082548
08	0082549
08	0082550
08	0082551
08	0082552
08	0082553
08	0082554
08	0082555
08	0082556
08	0082557
08	0082558
08	0082559
08	0082560
08	0082561
08	0082562
08	0082563
08	0082564
08	0082565
08	0082566
08	0082567
08	0082568
08	0082569
08	0082570
08	0082571
08	0082572
08	0082573
08	0082574
08	0082575
08	0082576
08	0082577
08	0082578
08	0082579
08	0082580
08	0082581
08	0082582
08	0082583
08	0082584
08	0082585
08	0082586
08	0082587
08	0082588
08	0082589
08	0082590
08	0082591
08	0082592
08	0082593
08	0082594
08	0082595
08	0082596
08	0082597
08	0082598
08	0082599
08	0082600
08	0082601
08	0082602
08	0082603
08	0082604
08	0082605
08	0082606
08	0082607
08	0082608
08	0082609
08	0082610
08	0082611
08	0082612
08	0082613
08	0082614
08	0082615
08	0082616
08	0082617
08	0082618
08	0082619
08	0082620
08	0082621
08	0082622
08	0082623
08	0082624
08	0082625
08	0082626
08	0082627
08	0082628
08	0082629
08	0082630
08	0082631
08	0082632
08	0082633
08	0082634
08	0082635
08	0082636
08	0082637
08	0082638
08	0082639
08	0082640
08	0082641
08	0082642
08	0082643
08	0082644
08	0082645
08	0082646
08	0082647
08	0082648
08	0082649
08	0082650
08	0082651
08	0082652
08	0082653
08	0082654
08	0082655
08	0082656
08	0082657
08	0082658
08	0082659
08	0082660
08	0082661
08	0082662
08	0082663
08	0082664
08	0082665
08	0082666
08	0082667
08	0082668
08	0082669
08	0082670
08	0082671
08	0082672
08	0082673
08	0082674
08	0082675
08	0082676
08	0082677
08	0082678
08	0082679
08	0082680
08	0082681
08	0082682
08	0082683
08	0082684
08	0082685
08	0082686
08	0082687
08	0082688
08	0082689
08	0082690
08	0082691
08	0082692
08	0082693
08	0082694
08	0082695
08	0082696
08	0082697
08	0082698
08	0082699
08	0082700
08	0082701
08	0082702
08	0082703
08	0082704
08	0082705
08	0082706
08	0082707
08	0082708
08	0082709
08	0082710
08	0082711
08	0082712
08	0082713
08	0082714
08	0082715
08	0082716
08	0082717
08	0082718
08	0082719
08	0082720
08	0082721
08	0082722
08	0082723
08	0082724
08	0082725
08	0082726
08	0082727
08	0082728
08	0082729
08	0082730
08	0082731
08	0082732
08	0082733
08	0082734
08	0082735
08	0082736
08	0082737
08	0082738
08	0082739
08	0082740
08	0082741
08	0082742
08	0082743
08	0082744
08	0082745
08	0082746
08	0082747
08	0082748
08	0082749
08	0082750
08	0082751
08	0082752
08	0082753
08	0082754
08	0082755
08	0082756
08	0082757
08	0082758
08	0082759
08	0082760
08	0082761
08	0082762
08	0082763
08	0082764
08	0082765
08	0082766
08	0082767
08	0082768
08	0082769
08	0082770
08	0082771
08	0082772
08	0082773
08	0082774
08	0082775
08	0082776
08	0082777
08	0082778
08	0082779
08	0082780
08	0082781
08	0082782
08	0082783
08	0082784
08	0082785
08	0082786
08	0082787
08	0082788
08	0082789
08	0082790
08	0082791
08	0082792
08	0082793
08	0082794
08	0082795
08	0082796
08	0082797
08	0082798
08	0082799
08	0082800
08	0082801
08	0082802
08	0082803
08	0082804
08	0082805
08	0082806
08	0082807
08	0082808
08	0082809
08	0082810
08	0082811
08	0082812
08	0082813
08	0082814
08	0082815
08	0082816
08	0082817
08	0082818
08	0082819
08	0082820
08	0082821
08	0082822
08	0082823
08	0082824
08	0082825
08	0082826
08	0082827
08	0082828
08	0082829
08	0082830
08	0082831
08	0082832
08	0082833
08	0082834
08	0082835
08	0082836
08	0082837
08	0082838
08	0082839
08	0082840
08	0082841
08	0082842
08	0082843
08	0082844
08	0082845
08	0082846
08	0082847
08	0082848
08	0082849
08	0082850
08	0082851
08	0082852
08	0082853
08	0082854
08	0082855
08	0082856
08	0082857
08	0082858
08	0082859
08	0082860
08	0082861
08	0082862
08	0082863
08	0082864
08	0082865
08	0082866
08	0082867
08	0082868
08	0082869
08	0082870
08	0082871
08	0082872
08	0082873
08	0082874
08	0082875
08	0082876
08	0082877
08	0082878
08	0082879
08	0082880
08	0082881
08	0082882
08	0082883
08	0082884
08	0082885
08	0082886
08	0082887
08	0082888
08	0082889
08	0082890
08	0082891
08	0082892
08	0082893
08	0082894
08	0082895
08	0082896
08	0082897
08	0082898
08	0082899
08	0082900
08	0082901
08	0082902
08	0082903
08	0082904
08	0082905
08	0082906
08	0082907
08	0082908
08	0082909
08	0082910
08	0082911
08	0082912
08	0082913
08	0082914
08	0082915
08	0082916
08	0082917
08	0082918
08	0082919
08	0082920
08	0082921
08	0082922
08	0082923
08	0082924
08	0082925
08	0082926
08	0082927
08	0082928
08	0082929
08	0082930
08	0082931
08	0082932
08	0082933
08	0082934
08	0082935
08	0082936
08	0082937
08	0082938
08	0082939
08	0082940
08	0082941
08	0082942
08	0082943
08	0082944
08	0082945
08	0082946
08	0082947
08	0082948
08	0082949
08	0082950
08	0082951
08	0082952
08	0082953
08	0082954
08	0082955
08	0082956
08	0082957
08	0082958
08	0082959
08	0082960
08	0082961
08	0082962
08	0082963
08	0082964
08	0082965
08	0082966
08	0082967
08	0082968
08	0082969
08	0082970
08	0082971
08	0082972
08	0082973
08	0082974
08	0082975
08	0082976
08	0082977
08	0082978
08	0082979
08	0082980
08	0082981
08	0082982
08	0082983
08	0082984
08	0082985
08	0082986
08	0082987
08	0082988
08	0082989
08	0082990
08	0082991
08	0082992
08	0082993
08	0082994
08	0082995
08	0082996
08	0082997
08	0082998
08	0082999
08	0083000
08	0083001
08	0083002
08	0083003
08	0083004
08	0083005
08	0083006
08	0083007
08	0083008
08	0083009
08	0083010
08	0083011
08	0083012
08	0083013
08	0083014
08	0083015
08	0083016
08	0083017
08	0083018
08	0083019
08	0083020
08	0083021
08	0083022
08	0083023
08	0083024
08	0083025
08	0083026
08	0083027
08	0083028
08	0083029
08	0083030
08	0083031
08	0083032
08	0083033
08	0083034
08	0083035
08	0083036
08	0083037
08	0083038
08	0083039
08	0083040
08	0083041
08	0083042
08	0083043
08	0083044
08	0083045
08	0083046
08	0083047
08	0083048
08	0083049
08	0083050
08	0083051
08	0083052
08	0083053
08	0083054
08	0083055
08	0083056
08	0083057
08	0083058
08	0083059
08	0083060
08	0083061
08	0083062
08	0083063
08	0083064
08	0083065
08	0083066
08	0083067
08	0083068
08	0083069
08	0083070
08	0083071
08	0083072
08	0083073
08	0083074
08	0083075
08	0083076
08	0083077
08	0083078
08	0083079
08	0083080
08	0083081
08	0083082
08	0083083
08	0083084
08	0083085
08	0083086
08	0083087
08	0083088
08	0083089
08	0083090
08	0083091
08	0083092
08	0083093
08	0083094
08	0083095
08	0083096
08	0083097
08	0083098
08	0083099
08	0083100
08	0083101
08	0083102
08	0083103
08	0083104
08	0083105
08	0083106
08	0083107
08	0083108
08	0083109
08	0083110
08	0083111
08	0083112
08	0083113
08	0083114
08	0083115
08	0083116
08	0083117
08	0083118
08	0083119
08	0083120
08	0083121
08	0083122
08	0083123
08	0083124
08	0083125
08	0083126
08	0083127
08	0083128
08	0083129
08	0083130
08	0083131
08	0083132
08	0083133
08	0083134
08	0083135
08	0083136
08	0083137
08	0083138
08	0083139
08	0083140
08	0083141
08	0083142
08	0083143
08	0083144
08	0083145
08	0083146
08	0083147
08	0083148
08	0083149
08	0083150
08	0083151
08	0083152
08	0083153
08	0083154
08	0083155
08	0083156
08	0083157
08	0083158
08	0083159
08	0083160
08	0083161
08	0083162
08	0083163
08	0083164
08	0083165
08	0083166
08	0083167
08	0083168
08	0083169
08	0083170
08	0083171
08	0083172
08	0083173
08	0083174
08	0083175
08	0083176
08	0083177
08	0083178
08	0083179
08	0083180
08	0083181
08	0083182
08	0083183
08	0083184
08	0083185
08	0083186
08	0083187
08	0083188
08	0083189
08	0083190
08	0083191
08	0083192
08	0083193
08	0083194
08	0083195
08	0083196
08	0083197
08	0083198
08	0083199
08	0083200
08	0083201
08	0083202
08	0083203
08	0083204
08	0083205
08	0083206
08	0083207
08	0083208
08	0083209
08	0083210
08	0083211
08	0083212
08	0083213
08	0083214
08	0083215
08	0083216
08	0083217
08	0083218
08	0083219
08	0083220
08	0083221
08	0083222
08	0083223
08	0083224
08	0083225
08	0083226
08	0083227
08	0083228
08	0083229
08	0083230
08	0083231
08	0083232
08	0083233
08	0083234
08	0083235
08	0083236
08	0083237
08	0083238
08	0083239
08	0083240
08	0083241
08	0083242
08	0083243
08	0083244
08	0083245
08	0083246
08	0083247
08	0083248
08	0083249
08	0083250
08	0083251
08	0083252
08	0083253
08	0083254
08	0083255
08	0083256
08	0083257
08	0083258
08	0083259
08	0083260
08	0083261
08	0083262
08	0083263
08	0083264
08	0083265
08	0083266
08	0083267
08	0083268
08	0083269
08	0083270
08	0083271
08	0083272
08	0083273
08	0083274
08	0083275
08	0083276
08	0083277
08	0083278
08	0083279
08	0083280
08	0083281
08	0083282
08	0083283
08	0083284
08	0083285
08	0083286
08	0083287
08	0083288
08	0083289
08	0083290
08	0083291
08	0083292
08	0083293
08	0083294
08	0083295
08	0083296
08	0083297
08	0083298
08	0083299
08	0083300
08	0083301
08	0083302
08	0083303
08	0083304
08	0083305
08	0083306
08	0083307
08	0083308
08	0083309
08	0083310
08	0083311
08	0083312
08	0083313
08	0083314
08	0083315
08	0083316
08	0083317
08	0083318
08	0083319
08	0083320
08	0083321
08	0083322
08	0083323
08	0083324
08	0083325
08	0083326
08	0083327
08	0083328
08	0083329
08	0083330
08	0083331
08	0083332
08	0083333
08	0083334
08	0083335
08	0083336
08	0083337
08	0083338
08	0083339
08	0083340
08	0083341
08	0083342
08	0083343
08	0083344
08	0083345
08	0083346
08	0083347
08	0083348
08	0083349
08	0083350
08	0083351
08	0083352
08	0083353
08	0083354
08	0083355
08	0083356
08	0083357
08	0083358
08	0083359
08	0083360
08	0083361
08	0083362
08	0083363
08	0083364
08	0083365
08	0083366
08	0083367
08	0083368
08	0083369
08	0083370
08	0083371
08	0083372
08	0083373
08	0083374
08	0083375
08	0083376
08	0083377
08	0083378
08	0083379
08	0083380
08	0083381
08	0083382
08	0083383
08	0083384
08	0083385
08	0083386
08	0083387
08	0083388
08	0083389
08	0083390
08	0083391
08	0083392
08	0083393
08	0083394
08	0083395
08	0083396
08	0083397
08	0083398
08	0083399
08	0083400
08	0083401
08	0083402
08	0083403
08	0083404
08	0083405
08	0083406
08	0083407
08	0083408
08	0083409
08	0083410
08	0083411
08	0083412
08	0083413
08	0083414
08	0083415
08	0083416
08	0083417
08	0083418
08	0083419
08	0083420
08	0083421
08	0083422
08	0083423
08	0083424
08	0083425
08	0083426
08	0083427
08	0083428
08	0083430
08	0083431
08	0083432
08	0083433
08	0083434
08	0083435
08	0083436
08	0083437
08	0083438
08	0083439
08	0083440
08	0083441
08	0083442
08	0083443
08	0083444
08	0083445
08	0083446
08	0083447
08	0083448
08	0083449
08	0083450
08	0083451
08	0083452
08	0083453
08	0083454
08	0083455
08	0083456
08	0083457
08	0083458
08	0083459
08	0083460
08	0083461
08	0083462
08	0083463
08	0083464
08	0083465
08	0083466
08	0083467
08	0083468
08	0083469
08	0083470
08	0083471
08	0083472
08	0083473
08	0083474
08	0083475
08	0083476
08	0083477
08	0083478
08	0083479
08	0083480
08	0083481
08	0083482
08	0083483
08	0083484
08	0083485
08	0083486
08	0083487
08	0083488
08	0083489
08	0083490
08	0083491
08	0083492
08	0083493
08	0083494
08	0083495
08	0083496
08	0083497
08	0083498
08	0083499
08	0083500
08	0083501
08	0083502
08	0083503
08	0083504
08	0083505
08	0083506
08	0083507
08	0083508
08	0083509
08	0083510
08	0083511
08	0083512
08	0083513
08	0083514
08	0083515
08	0083516
08	0083517
08	0083518
08	0083519
08	0083520
08	0083521
08	0083522
08	0083523
08	0083524
08	0083525
08	0083526
08	0083527
08	0083528
08	0083529
08	0083530
08	0083531
08	0083532
08	0083533
08	0083534
08	0083535
08	0083536
08	0083537
08	0083538
08	0083539
08	0083540
08	0083541
08	0083542
08	0083543
08	0083544
08	0083545
08	0083546
08	0083547
08	0083548
08	0083549
08	0083550
08	0083551
08	0083552
08	0083553
08	0083554
08	0083555
08	0083556
08	0083557
08	0083558
08	0083559
08	0083560
08	0083561
08	0083562
08	0083563
08	0083564
08	0083565
08	0083566
08	0083567
08	0083568
08	0083569
08	0083570
08	0083571
08	0083572
08	0083573
08	0083574
08	0083575
08	0083576
08	0083577
08	0083578
08	0083579
08	0083580
08	0083581
08	0083582
08	0083583
08	0083584
08	0083585
08	0083586
08	0083587
08	0083588
08	0083589
08	0083590
08	0083591
08	0083592
08	0083593
08	0083594
08	0083595
08	0083596
08	0083597
08	0083598
08	0083599
08	0083600
08	0083601
08	0083602
08	0083603
08	0083604
08	0083605
08	0083606
08	0083607
08	0083608
08	0083609
08	0083610
08	0083611
08	0083612
08	0083613
08	0083614
08	0083615
08	0083616
08	0083617
08	0083618
08	0083619
08	0083620
08	0083621
08	0083622
08	0083623
08	0083624
08	0083625
08	0083626
08	0083627
08	0083628
08	0083629
08	0083630
08	0083631
08	0083632
08	0083633
08	0083634
08	0083635
08	0083636
08	0083637
08	0083638
08	0083639
08	0083640
08	0083641
08	0083642
08	0083643
08	0083644
08	0083645
08	0083646
08	0083647
08	0083648
08	0083649
08	0083650
08	0083651
08	0083652
08	0083653
08	0083654
08	0083655
08	0083656
08	0083657
08	0083658
08	0083659
08	0083660
08	0083661
08	0083662
08	0083663
08	0083664
08	0083665
08	0083666
08	0083667
08	0083668
08	0083669
08	0083670
08	0083671
08	0083672
08	0083673
08	0083674
08	0083675
08	0083676
08	0083677
08	0083678
08	0083679
08	0083680
08	0083681
08	0083682
08	0083683
08	0083684
08	0083685
08	0083686
08	0083687
08	0083688
08	0083689
08	0083690
08	0083691
08	0083692
08	0083693
08	0083694
08	0083695
08	0083696
08	0083697
08	0083698
08	0083699
08	0083700
08	0083701
08	0083702
08	0083703
08	0083704
08	0083705
08	0083706
08	0083707
08	0083708
08	0083709
08	0083710
08	0083711
08	0083712
08	0083713
08	0083714
08	0083715
08	0083716
08	0083717
08	0083718
08	0083719
08	0083720
08	0083721
08	0083722
08	0083723
08	0083724
08	0083725
08	0083726
08	0083727
08	0083728
08	0083729
08	0083730
08	0083731
08	0083732
08	0083733
08	0083734
08	0083735
08	0083736
08	0083737
08	0083738
08	0083739
08	0083740
08	0083741
08	0083742
08	0083743
08	0083744
08	0083745
08	0083746
08	0083747
08	0083748
08	0083749
08	0083750
08	0083751
08	0083752
08	0083753
08	0083754
08	0083755
08	0083756
08	0083757
08	0083758
08	0083759
08	0083760
08	0083761
08	0083762
08	0083763
08	0083764
08	0083765
08	0083766
08	0083767
08	0083768
08	0083769
08	0083770
08	0083771
08	0083772
08	0083773
08	0083774
08	0083775
08	0083776
08	0083777
08	0083778
08	0083779
08	0083780
08	0083781
08	0083782
08	0083783
08	0083784
08	0083785
08	0083786
08	0083787
08	0083788
08	0083789
08	0083790
08	0083791
08	0083792
08	0083793
08	0083794
08	0083795
08	0083796
08	0083797
08	0083798
08	0083799
08	0083800
08	0083801
08	0083802
08	0083803
08	0083804
08	0083805
08	0083806
08	0083807
08	0083808
08	0083809
08	0083810
08	0083811
08	0083812
08	0083813
08	0083814
08	0083815
08	0083816
08	0083817
08	0083818
08	0083819
08	0083820
08	0083821
08	0083822
08	0083823
08	0083824
08	0083825
08	0083826
08	0083827
08	0083828
08	0083829
08	0083830
08	0083831
08	0083832
08	0083833
08	0083834
08	0083835
08	0083836
08	0083837
08	0083838
08	0083839
08	0083840
08	0083841
08	0083842
08	0083843
08	0083844
08	0083845
08	0083846
08	0083847
08	0083848
08	0083849
08	0083850
08	0083851
08	0083852
08	0083853
08	0083854
08	0083855
08	0083856
08	0083857
08	0083858
08	0083859
08	0083860
08	0083861
08	0083862
08	0083863
08	0083864
08	0083865
08	0083866
08	0083867
08	0083868
08	0083869
08	0083870
08	0083871
08	0083872
08	0083873
08	0083874
08	0083875
08	0083876
08	0083877
08	0083878
08	0083879
08	0083880
08	0083881
08	0083882
08	0083883
08	0083884
08	0083885
08	0083886
08	0083887
08	0083888
08	0083889
08	0083890
08	0083891
08	0083892
08	0083893
08	0083894
08	0083895
08	0083896
08	0083897
08	0083898
08	0083899
08	0083900
08	0083901
08	0083902
08	0083903
08	0083904
08	0083905
08	0083906
08	0083907
08	0083908
08	0083909
08	0083910
08	0083911
08	0083912
08	0083913
08	0083914
08	0083915
08	0083916
08	0083917
08	0083918
08	0083919
08	0083920
08	0083921
08	0083922
08	0083923
08	0083924
08	0083925
08	0083926
08	0083927
08	0083928
08	0083929
08	0083930
08	0083931
08	0083932
08	0083933
08	0083934
08	0083935
08	0083936
08	0083937
08	0083938
08	0083939
08	0083940
08	0083941
08	0083942
08	0083943
08	0083944
08	0083945
08	0083946
08	0083947
08	0083948
08	0083949
08	0083950
08	0083951
08	0083952
08	0083953
08	0083954
08	0083955
08	0083956
08	0083957
08	0083958
08	0083959
08	0083960
08	0083961
08	0083962
08	0083963
08	0083964
08	0083965
08	0083966
08	0083967
08	0083968
08	0083969
08	0083970
08	0083971
08	0083972
08	0083973
08	0083974
08	0083975
08	0083976
08	0083977
08	0083978
08	0083979
08	0083980
08	0083981
08	0083982
08	0083983
08	0083984
08	0083985
08	0083986
08	0083987
08	0083988
08	0083989
08	0083990
08	0083991
08	0083992
08	0083993
08	0083994
08	0083995
08	0083996
08	0083997
08	0083998
08	0083999
08	0084000
08	0084001
08	0084002
08	0084003
08	0084004
08	0084005
08	0084006
08	0084007
08	0084008
08	0084009
08	0084010
08	0084011
08	0084012
08	0084013
08	0084014
08	0084015
08	0084016
08	0084017
08	0084018
08	0084019
08	0084020
08	0084021
08	0084022
08	0084023
08	0084024
08	0084025
08	0084026
08	0084027
08	0084028
08	0084029
08	0084030
08	0084031
08	0084032
08	0084033
08	0084034
08	0084035
08	0084036
08	0084037
08	0084038
08	0084039
08	0084040
08	0084041
08	0084042
08	0084043
08	0084044
08	0084045
08	0084046
08	0084047
08	0084048
08	0084049
08	0084050
08	0084051
08	0084052
08	0084053
08	0084054
08	0084055
08	0084056
08	0084057
08	0084058
08	0084059
08	0084060
08	0084061
08	0084062
08	0084063
08	0084064
08	0084065
08	0084066
08	0084067
08	0084068
08	0084069
08	0084070
08	0084071
08	0084072
08	0084073
08	0084074
08	0084075
08	0084076
08	0084077
08	0084078
08	0084079
08	0084080
08	0084081
08	0084082
08	0084083
08	0084084
08	0084085
08	0084086
08	0084087
08	0084088
08	0084089
08	0084090
08	0084091
08	0084092
08	0084093
08	0084094
08	0084095
08	0084096
08	0084097
08	0084098
08	0084099
08	0084100
08	0084101
08	0084102
08	0084103
08	0084104
08	0084105
08	0084106
08	0084107
08	0084108
08	0084109
08	0084110
08	0084111
08	0084112
08	0084113
08	0084115
08	0084116
08	0084117
08	0084118
08	0084119
08	0084120
08	0084121
08	0084122
08	0084123
08	0084124
08	0084125
08	0084126
08	0084127
08	0084128
08	0084130
08	0084131
08	0084132
08	0084133
08	0084134
08	0084135
08	0084137
08	0084138
08	0084139
08	0084140
08	0084141
08	0084142
08	0084143
08	0084144
08	0084145
08	0084146
08	0084147
08	0084148
08	0084149
08	0084150
08	0084151
08	0084152
08	0084153
08	0084154
08	0084155
08	0084156
08	0084157
08	0084158
08	0084159
08	0084160
08	0084161
08	0084162
08	0084163
08	0084164
08	0084165
08	0084166
08	0084167
08	0084168
08	0084169
08	0084170
08	0084171
08	0084172
08	0084173
08	0084174
08	0084175
08	0084176
08	0084177
08	0084178
08	0084179
08	0084180
08	0084181
08	0084182
08	0084183
08	0084184
08	0084185
08	0084186
08	0084187
08	0084188
08	0084189
08	0084190
08	0084191
08	0084192
08	0084193
08	0084194
08	0084195
08	0084196
08	0084197
08	0084198
08	0084199
08	0084200
08	0084201
08	0084202
08	0084203
08	0084204
08	0084205
08	0084206
08	0084207
08	0084208
08	0084209
08	0084210
08	0084211
08	0084212
08	0084213
08	0084214
08	0084215
08	0084216
08	0084217
08	0084218
08	0084219
08	0084220
08	0084221
08	0084222
08	0084223
08	0084224
08	0084225
08	0084226
08	0084227
08	0084228
08	0084229
08	0084230
08	0084231
08	0084232
08	0084233
08	0084234
08	0084235
08	0084236
08	0084237
08	0084238
08	0084239
08	0084240
08	0084241
08	0084242
08	0084243
08	0084244
08	0084245
08	0084246
08	0084247
08	0084248
08	0084249
08	0084250
08	0084251
08	0084252
08	0084253
08	0084254
08	0084255
08	0084256
08	0084257
08	0084258
08	0084259
08	0084260
08	0084261
08	0084262
08	0084263
08	0084264
08	0084265
08	0084266
08	0084267
08	0084268
08	0084269
08	0084270
08	0084271
08	0084272
08	0084273
08	0084274
08	0084275
08	0084276
08	0084277
08	0084278
08	0084279
08	0084280
08	0084281
08	0084282
08	0084283
08	0084284
08	0084285
08	0084286
08	0084287
08	0084288
08	0084289
08	0084290
08	0084291
08	0084292
08	0084293
08	0084294
08	0084295
08	0084296
08	0084297
08	0084298
08	0084299
08	0084300
08	0084301
08	0084302
08	0084303
08	0084304
08	0084305
08	0084306
08	0084307
08	0084308
08	0084309
08	0084310
08	0084311
08	0084312
08	0084313
08	0084314
08	0084315
08	0084316
08	0084317
08	0084318
08	0084319
08	0084320
08	0084321
08	0084322
08	0084323
08	0084324
08	0084325
08	0084326
08	0084327
08	0084328
08	0084329
08	0084330
08	0084331
08	0084332
08	0084333
08	0084334
08	0084335
08	0084336
08	0084337
08	0084338
08	0084339
08	0084340
08	0084341
08	0084342
08	0084343
08	0084344
08	0084345
08	0084346
08	0084347
08	0084348
08	0084349
08	0084350
08	0084351
08	0084352
08	0084353
08	0084354
08	0084355
08	0084356
08	0084357
08	0084358
08	0084359
08	0084360
08	0084361
08	0084362
08	0084363
08	0084364
08	0084365
08	0084366
08	0084367
08	0084368
08	0084369
08	0084370
08	0084371
08	0084372
08	0084373
08	0084374
08	0084375
08	0084376
08	0084377
08	0084378
08	0084379
08	0084380
08	0084381
08	0084382
08	0084383
08	0084384
08	0084385
08	0084386
08	0084387
08	0084388
08	0084389
08	0084390
08	0084391
08	0084392
08	0084393
08	0084394
08	0084395
08	0084396
08	0084397
08	0084398
08	0084399
08	0084400
08	0084401
08	0084402
08	0084403
08	0084404
08	0084405
08	0084406
08	0084407
08	0084408
08	0084409
08	0084410
08	0084411
08	0084412
08	0084413
08	0084414
08	0084415
08	0084416
08	0084417
08	0084418
08	0084419
08	0084420
08	0084421
08	0084422
08	0084423
08	0084424
08	0084425
08	0084426
08	0084427
08	0084428
08	0084429
08	0084430
08	0084431
08	0084432
08	0084433
08	0084434
08	0084435
08	0084436
08	0084437
08	0084438
08	0084439
08	0084440
08	0084441
08	0084442
08	0084443
08	0084444
08	0084445
08	0084446
08	0084447
08	0084448
08	0084449
08	0084450
08	0084451
08	0084452
08	0084453
08	0084454
08	0084455
08	0084456
08	0084457
08	0084458
08	0084459
08	0084460
08	0084461
08	0084462
08	0084463
08	0084464
08	0084465
08	0084466
08	0084467
08	0084468
08	0084469
08	0084470
08	0084471
08	0084472
08	0084473
08	0084474
08	0084475
08	0084476
08	0084477
08	0084478
08	0084479
08	0084480
08	0084481
08	0084482
08	0084483
08	0084484
08	0084485
08	0084486
08	0084487
08	0084488
08	0084489
08	0084490
08	0084491
08	0084492
08	0084493
08	0084494
08	0084495
08	0084496
08	0084497
08	0084498
08	0084499
08	0084500
08	0084501
08	0084502
08	0084503
08	0084504
08	0084505
08	0084506
08	0084507
08	0084508
08	0084509
08	0084510
08	0084511
08	0084512
08	0084513
08	0084514
08	0084515
08	0084516
08	0084517
08	0084518
08	0084519
08	0084520
08	0084521
08	0084522
08	0084523
08	0084524
08	0084525
08	0084526
08	0084527
08	0084528
08	0084529
08	0084530
08	0084531
08	0084532
08	0084533
08	0084534
08	0084535
08	0084536
08	0084537
08	0084538
08	0084539
08	0084540
08	0084541
08	0084542
08	0084543
08	0084544
08	0084545
08	0084546
08	0084547
08	0084548
08	0084549
08	0084550
08	0084551
08	0084552
08	0084553
08	0084554
08	0084555
08	0084556
08	0084557
08	0084558
08	0084559
08	0084560
08	0084561
08	0084562
08	0084563
08	0084564
08	0084565
08	0084566
08	0084567
08	0084568
08	0084569
08	0084570
08	0084571
08	0084572
08	0084573
08	0084574
08	0084575
08	0084576
08	0084577
08	0084578
08	0084579
08	0084580
08	0084581
08	0084582
08	0084583
08	0084584
08	0084585
08	0084586
08	0084587
08	0084588
08	0084589
08	0084590
08	0084591
08	0084592
08	0084593
08	0084594
08	0084595
08	0084596
08	0084597
08	0084598
08	0084599
08	0084600
08	0084601
08	0084602
08	0084603
08	0084604
08	0084605
08	0084606
08	0084607
08	0084608
08	0084609
08	0084610
08	0084611
08	0084612
08	0084613
08	0084614
08	0084615
08	0084616
08	0084617
08	0084618
08	0084619
08	0084620
08	0084621
08	0084622
08	0084623
08	0084624
08	0084625
08	0084626
08	0084627
08	0084628
08	0084629
08	0084630
08	0084631
08	0084632
08	0084633
08	0084634
08	0084635
08	0084636
08	0084637
08	0084638
08	0084639
08	0084640
08	0084641
08	0084642
08	0084643
08	0084644
08	0084645
08	0084646
08	0084647
08	0084648
08	0084649
08	0084650
08	0084651
08	0084652
08	0084653
08	0084654
08	0084655
08	0084656
08	0084657
08	0084658
08	0084659
08	0084660
08	0084661
08	0084662
08	0084663
08	0084664
08	0084665
08	0084666
08	0084667
08	0084668
08	0084669
08	0084670
08	0084671
08	0084672
08	0084673
08	0084674
08	0084675
08	0084676
08	0084677
08	0084678
08	0084679
08	0084680
08	0084681
08	0084682
08	0084683
08	0084684
08	0084685
08	0084686
08	0084687
08	0084688
08	0084689
08	0084690
08	0084691
08	0084692
08	0084693
08	0084694
08	0084695
08	0084696
08	0084697
08	0084698
08	0084699
08	0084700
08	0084701
08	0084702
08	0084703
08	0084704
08	0084705
08	0084706
08	0084707
08	0084708
08	0084709
08	0084710
08	0084711
08	0084712
08	0084713
08	0084714
08	0084715
08	0084716
08	0084717
08	0084718
08	0084719
08	0084720
08	0084721
08	0084722
08	0084723
08	0084724
08	0084725
08	0084726
08	0084727
08	0084728
08	0084729
08	0084730
08	0084731
08	0084732
08	0084733
08	0084734
08	0084735
08	0084736
08	0084737
08	0084738
08	0084739
08	0084740
08	0084741
08	0084742
08	0084743
08	0084744
08	0084745
08	0084746
08	0084747
08	0084748
08	0084749
08	0084750
08	0084751
08	0084752
08	0084753
08	0084754
08	0084755
08	0084756
08	0084757
08	0084758
08	0084759
08	0084760
08	0084761
08	0084762
08	0084763
08	0084764
08	0084765
08	0084766
08	0084767
08	0084768
08	0084769
08	0084770
08	0084771
08	0084772
08	0084773
08	0084774
08	0084775
08	0084776
08	0084777
08	0084778
08	0084779
08	0084780
08	0084781
08	0084782
08	0084783
08	0084784
08	0084785
08	0084786
08	0084787
08	0084788
08	0084789
08	0084790
08	0084791
08	0084792
08	0084793
08	0084794
08	0084795
08	0084796
08	0084797
08	0084798
08	0084799
08	0084800
08	0084801
08	0084802
08	0084803
08	0084804
08	0084805
08	0084806
08	0084807
08	0084808
08	0084809
08	0084810
08	0084811
08	0084812
08	0084813
08	0084814
08	0084815
08	0084816
08	0084817
08	0084818
08	0084819
08	0084820
08	0084821
08	0084822
08	0084823
08	0084824
08	0084825
08	0084826
08	0084827
08	0084828
08	0084829
08	0084830
08	0084831
08	0084832
08	0084833
08	0084834
08	0084835
08	0084836
08	0084837
08	0084838
08	0084839
08	0084840
08	0084841
08	0084842
08	0084843
08	0084844
08	0084845
08	0084846
08	0084847
08	0084848
08	0084849
08	0084850
08	0084851
08	0084852
08	0084853
08	0084854
08	0084855
08	0084856
08	0084857
08	0084858
08	0084859
08	0084860
08	0084861
08	0084862
08	0084863
08	0084864
08	0084865
08	0084866
08	0084867
08	0084868
08	0084869
08	0084870
08	0084871
08	0084872
08	0084873
08	0084874
08	0084875
08	0084876
08	0084877
08	0084878
08	0084879
08	0084880
08	0084881
08	0084882
08	0084883
08	0084884
08	0084885
08	0084886
08	0084887
08	0084888
08	0084889
08	0084890
08	0084891
08	0084892
08	0084893
08	0084894
08	0084895
08	0084896
08	0084897
08	0084898
08	0084899
08	0084900
08	0084901
08	0084902
08	0084903
08	0084904
08	0084905
08	0084906
08	0084907
08	0084908
08	0084909
08	0084910
08	0084911
08	0084912
08	0084913
08	0084914
08	0084915
08	0084916
08	0084917
08	0084918
08	0084919
08	0084920
08	0084921
08	0084922
08	0084923
08	0084924
08	0084925
08	0084926
08	0084927
08	0084928
08	0084929
08	0084930
08	0084931
08	0084932
08	0084933
08	0084934
08	0084935
08	0084936
08	0084937
08	0084938
08	0084939
08	0084940
08	0084941
08	0084942
08	0084943
08	0084944
08	0084945
08	0084946
08	0084947
08	0084948
08	0084949
08	0084950
08	0084951
08	0084952
08	0084953
08	0084954
08	0084955
08	0084956
08	0084957
08	0084958
08	0084959
08	0084960
08	0084961
08	0084962
08	0084963
08	0084964
08	0084965
08	0084966
08	0084967
08	0084968
08	0084969
08	0084970
08	0084971
08	0084972
08	0084973
08	0084974
08	0084975
08	0084976
08	0084977
08	0084978
08	0084979
08	0084980
08	0084981
08	0084982
08	0084983
08	0084984
08	0084985
08	0084986
08	0084987
08	0084988
08	0084989
08	0084990
08	0084991
08	0084992
08	0084993
08	0084994
08	0084995
08	0084996
08	0084997
08	0084998
08	0084999
08	0085000
08	0085001
08	0085002
08	0085003
08	0085004
08	0085005
08	0085006
08	0085007
08	0085008
08	0085009
08	0085011
08	0085012
08	0085013
08	0085014
08	0085015
08	0085016
08	0085017
08	0085018
08	0085019
08	0085020
08	0085021
08	0085022
08	0085023
08	0085024
08	0085025
08	0085026
08	0085027
08	0085028
08	0085029
08	0085030
08	0085031
08	0085032
08	0085033
08	0085034
08	0085035
08	0085036
08	0085037
08	0085038
08	0085039
08	0085040
08	0085041
08	0085042
08	0085043
08	0085044
08	0085045
08	0085046
08	0085047
08	0085048
08	0085049
08	0085050
08	0085051
08	0085052
08	0085053
08	0085054
08	0085055
08	0085056
08	0085057
08	0085058
08	0085059
08	0085060
08	0085061
08	0085062
08	0085063
08	0085064
08	0085065
08	0085066
08	0085067
08	0085068
08	0085069
08	0085070
08	0085071
08	0085072
08	0085073
08	0085074
08	0085075
08	0085076
08	0085077
08	0085078
08	0085079
08	0085080
08	0085081
08	0085082
08	0085083
08	0085084
08	0085085
08	0085086
08	0085087
08	0085088
08	0085089
08	0085090
08	0085091
08	0085092
08	0085093
08	0085094
08	0085095
08	0085096
08	0085097
08	0085098
08	0085099
08	0085100
08	0085101
08	0085102
08	0085103
08	0085104
08	0085105
08	0085106
08	0085107
08	0085108
08	0085109
08	0085110
08	0085111
08	0085112
08	0085113
08	0085114
08	0085115
08	0085116
08	0085117
08	0085118
08	0085119
08	0085120
08	0085121
08	0085122
08	0085123
08	0085124
08	0085125
08	0085126
08	0085127
08	0085128
08	0085129
08	0085130
08	0085131
08	0085132
08	0085133
08	0085134
08	0085135
08	0085136
08	0085137
08	0085138
08	0085139
08	0085140
08	0085141
08	0085142
08	0085143
08	0085144
08	0085145
08	0085146
08	0085147
08	0085148
08	0085149
08	0085150
08	0085151
08	0085152
08	0085153
08	0085154
08	0085155
08	0085156
08	0085157
08	0085158
08	0085159
08	0085160
08	0085161
08	0085162
08	0085163
08	0085164
08	0085165
08	0085166
08	0085167
08	0085168
08	0085169
08	0085170
08	0085171
08	0085172
08	0085173
08	0085174
08	0085175
08	0085176
08	0085177
08	0085178
08	0085179
08	0085180
08	0085181
08	0085182
08	0085183
08	0085184
08	0085185
08	0085186
08	0085187
08	0085188
08	0085189
08	0085190
08	0085191
08	0085192
08	0085193
08	0085194
08	0085195
08	0085196
08	0085197
08	0085198
08	0085199
08	0085200
08	0085201
08	0085202
08	0085203
08	0085204
08	0085205
08	0085206
08	0085207
08	0085208
08	0085209
08	0085210
08	0085211
08	0085212
08	0085213
08	0085214
08	0085215
08	0085216
08	0085217
08	0085218
08	0085219
08	0085220
08	0085221
08	0085222
08	0085223
08	0085224
08	0085225
08	0085226
08	0085227
08	0085228
08	0085229
08	0085230
08	0085231
08	0085232
08	0085233
08	0085234
08	0085235
08	0085236
08	0085237
08	0085238
08	0085239
08	0085240
08	0085241
08	0085242
08	0085243
08	0085244
08	0085245
08	0085246
08	0085247
08	0085248
08	0085249
08	0085250
08	0085251
08	0085252
08	0085253
08	0085254
08	0085255
08	0085256
08	0085257
08	0085258
08	0085259
08	0085260
08	0085261
08	0085262
08	0085263
08	0085264
08	0085265
08	0085266
08	0085267
08	0085268
08	0085269
08	0085270
08	0085271
08	0085272
08	0085273
08	0085274
08	0085275
08	0085276
08	0085277
08	0085278
08	0085279
08	0085280
08	0085281
08	0085282
08	0085283
08	0085284
08	0085285
08	0085286
08	0085287
08	0085288
08	0085289
08	0085290
08	0085291
08	0085292
08	0085293
08	0085294
08	0085295
08	0085296
08	0085297
08	0085298
08	0085299
08	0085300
08	0085301
08	0085302
08	0085303
08	0085304
08	0085305
08	0085306
08	0085307
08	0085308
08	0085309
08	0085310
08	0085311
08	0085312
08	0085313
08	0085314
08	0085315
08	0085316
08	0085317
08	0085318
08	0085319
08	0085320
08	0085321
08	0085322
08	0085323
08	0085324
08	0085325
08	0085326
08	0085327
08	0085328
08	0085329
08	0085330
08	0085331
08	0085332
08	0085333
08	0085334
08	0085335
08	0085336
08	0085337
08	0085338
08	0085339
08	0085340
08	0085341
08	0085342
08	0085343
08	0085344
08	0085345
08	0085346
08	0085347
08	0085348
08	0085349
08	0085350
08	0085351
08	0085352
08	0085353
08	0085354
08	0085355
08	0085356
08	0085357
08	0085358
08	0085359
08	0085360
08	0085361
08	0085362
08	0085363
08	0085364
08	0085365
08	0085366
08	0085367
08	0085368
08	0085369
08	0085370
08	0085371
08	0085372
08	0085373
08	0085374
08	0085375
08	0085376
08	0085377
08	0085378
08	0085379
08	0085380
08	0085381
08	0085382
08	0085383
08	0085384
08	0085385
08	0085386
08	0085387
08	0085388
08	0085389
08	0085390
08	0085391
08	0085392
08	0085393
08	0085394
08	0085395
08	0085396
08	0085397
08	0085398
08	0085399
08	0085400
08	0085401
08	0085402
08	0085403
08	0085404
08	0085405
08	0085406
08	0085407
08	0085408
08	0085409
08	0085410
08	0085411
08	0085412
08	0085413
08	0085414
08	0085415
08	0085416
08	0085417
08	0085418
08	0085419
08	0085420
08	0085421
08	0085422
08	0085423
08	0085424
08	0085425
08	0085426
08	0085427
08	0085428
08	0085429
08	0085430
08	0085431
08	0085432
08	0085433
08	0085434
08	0085435
08	0085436
08	0085437
08	0085438
08	0085439
08	0085440
08	0085441
08	0085442
08	0085443
08	0085444
08	0085445
08	0085446
08	0085447
08	0085448
08	0085449
08	0085450
08	0085451
08	0085452
08	0085453
08	0085454
08	0085455
08	0085456
08	0085457
08	0085458
08	0085459
08	0085460
08	0085461
08	0085462
08	0085463
08	0085464
08	0085465
08	0085466
08	0085467
08	0085469
08	0085470
08	0085471
08	0085472
08	0085473
08	0085474
08	0085475
08	0085476
08	0085477
08	0085478
08	0085479
08	0085480
08	0085481
08	0085482
08	0085483
08	0085484
08	0085485
08	0085486
08	0085487
08	0085488
08	0085489
08	0085490
08	0085491
08	0085492
08	0085493
08	0085494
08	0085495
08	0085496
08	0085497
08	0085498
08	0085499
08	0085500
08	0085501
08	0085502
08	0085503
08	0085504
08	0085505
08	0085506
08	0085507
08	0085508
08	0085509
08	0085510
08	0085511
08	0085512
08	0085513
08	0085514
08	0085515
08	0085516
08	0085517
08	0085518
08	0085519
08	0085520
08	0085521
08	0085522
08	0085523
08	0085524
08	0085525
08	0085526
08	0085527
08	0085528
08	0085529
08	0085530
08	0085531
08	0085532
08	0085533
08	0085534
08	0085535
08	0085536
08	0085537
08	0085538
08	0085539
08	0085540
08	0085541
08	0085542
08	0085543
08	0085544
08	0085545
08	0085546
08	0085547
08	0085548
08	0085549
08	0085550
08	0085551
08	0085552
08	0085553
08	0085554
08	0085555
08	0085556
08	0085557
08	0085558
08	0085559
08	0085560
08	0085561
08	0085562
08	0085563
08	0085564
08	0085565
08	0085566
08	0085567
08	0085568
08	0085569
08	0085570
08	0085571
08	0085572
08	0085573
08	0085574
08	0085575
08	0085576
08	0085577
08	0085578
08	0085579
08	0085580
08	0085581
08	0085582
08	0085583
08	0085584
08	0085585
08	0085586
08	0085587
08	0085588
08	0085589
08	0085590
08	0085591
08	0085592
08	0085593
08	0085594
08	0085595
08	0085596
08	0085597
08	0085598
08	0085599
08	0085600
08	0085601
08	0085602
08	0085603
08	0085604
08	0085605
08	0085606
08	0085607
08	0085608
08	0085609
08	0085610
08	0085611
08	0085612
08	0085613
08	0085614
08	0085615
08	0085616
08	0085617
08	0085618
08	0085619
08	0085620
08	0085621
08	0085622
08	0085623
08	0085624
08	0085625
08	0085626
08	0085627
08	0085628
08	0085629
08	0085630
08	0085631
08	0085632
08	0085633
08	0085634
08	0085635
08	0085636
08	0085637
08	0085638
08	0085639
08	0085640
08	0085641
08	0085642
08	0085643
08	0085644
08	0085645
08	0085646
08	0085647
08	0085648
08	0085649
08	0085650
08	0085651
08	0085652
08	0085653
08	0085654
08	0085655
08	0085656
08	0085657
08	0085658
08	0085659
08	0085660
08	0085661
08	0085662
08	0085663
08	0085664
08	0085665
08	0085666
08	0085667
08	0085668
08	0085669
08	0085670
08	0085671
08	0085672
08	0085673
08	0085674
08	0085675
08	0085676
08	0085677
08	0085678
08	0085679
08	0085680
08	0085681
08	0085682
08	0085683
08	0085684
08	0085685
08	0085686
08	0085687
08	0085688
08	0085689
08	0085690
08	0085691
08	0085692
08	0085693
08	0085694
08	0085695
08	0085696
08	0085697
08	0085698
08	0085699
08	0085700
08	0085701
08	0085702
08	0085703
08	0085704
08	0085705
08	0085706
08	0085707
08	0085708
08	0085709
08	0085710
08	0085711
08	0085712
08	0085713
08	0085714
08	0085715
08	0085716
08	0085717
08	0085718
08	0085719
08	0085720
08	0085721
08	0085722
08	0085723
08	0085724
08	0085725
08	0085726
08	0085727
08	0085728
08	0085729
08	0085730
08	0085731
08	0085732
08	0085733
08	0085734
08	0085735
08	0085736
08	0085737
08	0085738
08	0085739
08	0085740
08	0085741
08	0085742
08	0085744
08	0085745
08	0085746
08	0085747
08	0085748
08	0085749
08	0085750
08	0085751
08	0085752
08	0085753
08	0085754
08	0085755
08	0085756
08	0085757
08	0085758
08	0085759
08	0085760
08	0085761
08	0085762
08	0085763
08	0085764
08	0085765
08	0085766
08	0085767
08	0085768
08	0085769
08	0085770
08	0085771
08	0085772
08	0085773
08	0085774
08	0085775
08	0085776
08	0085777
08	0085778
08	0085779
08	0085780
08	0085781
08	0085782
08	0085783
08	0085784
08	0085785
08	0085786
08	0085787
08	0085788
08	0085789
08	0085790
08	0085791
08	0085792
08	0085793
08	0085794
08	0085795
08	0085796
08	0085797
08	0085798
08	0085799
08	0085800
08	0085801
08	0085802
08	0085803
08	0085804
08	0085805
08	0085806
08	0085807
08	0085808
08	0085809
08	0085810
08	0085811
08	0085812
08	0085813
08	0085814
08	0085815
08	0085816
08	0085817
08	0085818
08	0085819
08	0085820
08	0085821
08	0085822
08	0085823
08	0085824
08	0085825
08	0085826
08	0085827
08	0085828
08	0085829
08	0085830
08	0085831
08	0085832
08	0085833
08	0085834
08	0085835
08	0085836
08	0085837
08	0085838
08	0085839
08	0085840
08	0085841
08	0085842
08	0085843
08	0085844
08	0085845
08	0085846
08	0085847
08	0085848
08	0085849
08	0085850
08	0085851
08	0085852
08	0085853
08	0085854
08	0085855
08	0085856
08	0085857
08	0085858
08	0085859
08	0085860
08	0085861
08	0085862
08	0085863
08	0085864
08	0085865
08	0085866
08	0085867
08	0085868
08	0085869
08	0085870
08	0085871
08	0085872
08	0085873
08	0085874
08	0085875
08	0085876
08	0085877
08	0085878
08	0085879
08	0085880
08	0085881
08	0085882
08	0085883
08	0085884
08	0085885
08	0085886
08	0085887
08	0085888
08	0085889
08	0085890
08	0085891
08	0085892
08	0085893
08	0085894
08	0085895
08	0085896
08	0085897
08	0085898
08	0085899
08	0085900
08	0085901
08	0085902
08	0085903
08	0085904
08	0085905
08	0085906
08	0085907
08	0085908
08	0085909
08	0085910
08	0085911
08	0085912
08	0085913
08	0085914
08	0085915
08	0085916
08	0085917
08	0085918
08	0085919
08	0085920
08	0085921
08	0085922
08	0085923
08	0085924
08	0085925
08	0085926
08	0085927
08	0085928
08	0085929
08	0085930
08	0085931
08	0085932
08	0085933
08	0085934
08	0085935
08	0085936
08	0085937
08	0085938
08	0085939
08	0085940
08	0085941
08	0085942
08	0085943
08	0085944
08	0085945
08	0085946
08	0085947
08	0085948
08	0085949
08	0085950
08	0085951
08	0085952
08	0085953
08	0085954
08	0085955
08	0085956
08	0085957
08	0085958
08	0085959
08	0085960
08	0085961
08	0085962
08	0085963
08	0085964
08	0085965
08	0085966
08	0085967
08	0085968
08	0085969
08	0085970
08	0085971
08	0085972
08	0085973
08	0085974
08	0085975
08	0085976
08	0085977
08	0085978
08	0085979
08	0085980
08	0085981
08	0085982
08	0085983
08	0085984
08	0085985
08	0085986
08	0085987
08	0085988
08	0085989
08	0085990
08	0085991
08	0085992
08	0085993
08	0085994
08	0085995
08	0085996
08	0085997
08	0085998
08	0085999
08	0086000
08	0086001
08	0086002
08	0086003
08	0086004
08	0086005
08	0086006
08	0086007
08	0086008
08	0086009
08	0086010
08	0086011
08	0086012
08	0086013
08	0086014
08	0086015
08	0086016
08	0086017
08	0086018
08	0086019
08	0086020
08	0086021
08	0086022
08	0086023
08	0086024
08	0086025
08	0086026
08	0086027
08	0086028
08	0086029
08	0086030
08	0086031
08	0086032
08	0086033
08	0086034
08	0086035
08	0086036
08	0086037
08	0086038
08	0086039
08	0086040
08	0086041
08	0086042
08	0086043
08	0086044
08	0086045
08	0086046
08	0086047
08	0086048
08	0086049
08	0086050
08	0086051
08	0086052
08	0086053
08	0086054
08	0086055
08	0086056
08	0086057
08	0086058
08	0086059
08	0086060
08	0086061
08	0086062
08	0086063
08	0086064
08	0086065
08	0086066
08	0086067
08	0086068
08	0086069
08	0086070
08	0086071
08	0086072
08	0086073
08	0086074
08	0086075
08	0086076
08	0086077
08	0086078
08	0086079
08	0086080
08	0086081
08	0086082
08	0086083
08	0086084
08	0086085
08	0086086
08	0086087
08	0086088
08	0086089
08	0086090
08	0086091
08	0086092
08	0086093
08	0086094
08	0086095
08	0086096
08	0086097
08	0086098
08	0086099
08	0086100
08	0086101
08	0086102
08	0086103
08	0086104
08	0086105
08	0086106
08	0086107
08	0086108
08	0086109
08	0086110
08	0086111
08	0086112
08	0086113
08	0086114
08	0086115
08	0086116
08	0086117
08	0086118
08	0086119
08	0086120
08	0086121
08	0086122
08	0086123
08	0086124
08	0086125
08	0086126
08	0086127
08	0086128
08	0086129
08	0086130
08	0086131
08	0086132
08	0086133
08	0086134
08	0086135
08	0086136
08	0086137
08	0086138
08	0086139
08	0086140
08	0086141
08	0086142
08	0086143
08	0086144
08	0086145
08	0086146
08	0086147
08	0086148
08	0086149
08	0086150
08	0086151
08	0086152
08	0086153
08	0086154
08	0086155
08	0086156
08	0086157
08	0086158
08	0086159
08	0086160
08	0086161
08	0086162
08	0086163
08	0086164
08	0086165
08	0086166
08	0086167
08	0086168
08	0086169
08	0086170
08	0086171
08	0086172
08	0086173
08	0086174
08	0086175
08	0086176
08	0086177
08	0086178
08	0086179
08	0086180
08	0086181
08	0086182
08	0086183
08	0086184
08	0086185
08	0086186
08	0086187
08	0086188
08	0086189
08	0086190
08	0086191
08	0086192
08	0086193
08	0086194
08	0086195
08	0086196
08	0086197
08	0086198
08	0086199
08	0086200
08	0086201
08	0086202
08	0086203
08	0086204
08	0086205
08	0086206
08	0086207
08	0086208
08	0086209
08	0086210
08	0086211
08	0086212
08	0086213
08	0086214
08	0086215
08	0086216
08	0086217
08	0086218
08	0086219
08	0086220
08	0086221
08	0086222
08	0086223
08	0086224
08	0086225
08	0086226
08	0086227
08	0086228
08	0086229
08	0086230
08	0086231
08	0086232
08	0086233
08	0086234
08	0086235
08	0086236
08	0086237
08	0086238
08	0086239
08	0086240
08	0086241
08	0086242
08	0086243
08	0086244
08	0086245
08	0086246
08	0086247
08	0086248
08	0086249
08	0086250
08	0086251
08	0086252
08	0086253
08	0086254
08	0086255
08	0086256
08	0086257
08	0086258
08	0086259
08	0086260
08	0086261
08	0086262
08	0086263
08	0086264
08	0086265
08	0086266
08	0086267
08	0086268
08	0086269
08	0086270
08	0086271
08	0086272
08	0086273
08	0086274
08	0086275
08	0086276
08	0086277
08	0086278
08	0086279
08	0086280
08	0086281
08	0086282
08	0086283
08	0086284
08	0086285
08	0086286
08	0086287
08	0086288
08	0086289
08	0086290
08	0086291
08	0086292
08	0086293
08	0086294
08	0086295
08	0086296
08	0086297
08	0086298
08	0086299
08	0086300
08	0086301
08	0086302
08	0086303
08	0086304
08	0086305
08	0086306
08	0086307
08	0086308
08	0086309
08	0086310
08	0086311
08	0086312
08	0086313
08	0086314
08	0086315
08	0086316
08	0086317
08	0086318
08	0086319
08	0086320
08	0086321
08	0086322
08	0086323
08	0086324
08	0086325
08	0086326
08	0086327
08	0086328
08	0086329
08	0086330
08	0086331
08	0086332
08	0086333
08	0086334
08	0086335
08	0086336
08	0086337
08	0086338
08	0086339
08	0086340
08	0086341
08	0086342
08	0086343
08	0086344
08	0086345
08	0086346
08	0086347
08	0086348
08	0086349
08	0086350
08	0086351
08	0086352
08	0086353
08	0086354
08	0086355
08	0086356
08	0086357
08	0086358
08	0086359
08	0086360
08	0086361
08	0086362
08	0086363
08	0086364
08	0086365
08	0086366
08	0086367
08	0086368
08	0086369
08	0086370
08	0086371
08	0086372
08	0086373
08	0086374
08	0086375
08	0086376
08	0086377
08	0086378
08	0086379
08	0086380
08	0086381
08	0086382
08	0086383
08	0086384
08	0086385
08	0086386
08	0086387
08	0086388
08	0086389
08	0086390
08	0086391
08	0086392
08	0086393
08	0086394
08	0086395
08	0086396
08	0086397
08	0086398
08	0086399
08	0086400
08	0086401
08	0086402
08	0086403
08	0086404
08	0086405
08	0086406
08	0086407
08	0086408
08	0086409
08	0086410
08	0086411
08	0086412
08	0086413
08	0086414
08	0086415
08	0086416
08	0086417
08	0086418
08	0086419
08	0086420
08	0086421
08	0086422
08	0086423
08	0086424
08	0086425
08	0086426
08	0086427
08	0086428
08	0086429
08	0086430
08	0086431
08	0086432
08	0086433
08	0086434
08	0086435
08	0086436
08	0086437
08	0086438
08	0086439
08	0086440
08	0086441
08	0086442
08	0086443
08	0086444
08	0086445
08	0086446
08	0086447
08	0086448
08	0086449
08	0086450
08	0086451
08	0086452
08	0086453
08	0086454
08	0086455
08	0086456
08	0086457
08	0086458
08	0086459
08	0086460
08	0086461
08	0086462
08	0086463
08	0086464
08	0086465
08	0086466
08	0086467
08	0086468
08	0086469
08	0086470
08	0086471
08	0086472
08	0086473
08	0086474
08	0086475
08	0086476
08	0086477
08	0086478
08	0086479
08	0086480
08	0086481
08	0086482
08	0086483
08	0086484
08	0086485
08	0086486
08	0086487
08	0086488
08	0086489
08	0086490
08	0086491
08	0086492
08	0086493
08	0086494
08	0086495
08	0086496
08	0086497
08	0086498
08	0086499
08	0086500
08	0086501
08	0086502
08	0086503
08	0086504
08	0086505
08	0086506
08	0086507
08	0086508
08	0086509
08	0086510
08	0086511
08	0086512
08	0086513
08	0086514
08	0086515
08	0086516
08	0086517
08	0086518
08	0086519
08	0086520
08	0086521
08	0086522
08	0086523
08	0086524
08	0086525
08	0086526
08	0086527
08	0086528
08	0086529
08	0086530
08	0086531
08	0086532
08	0086533
08	0086534
08	0086535
08	0086536
08	0086537
08	0086538
08	0086539
08	0086540
08	0086541
08	0086542
08	0086543
08	0086544
08	0086545
08	0086546
08	0086547
08	0086548
08	0086549
08	0086550
08	0086551
08	0086552
08	0086553
08	0086554
08	0086555
08	0086556
08	0086557
08	0086558
08	0086559
08	0086560
08	0086561
08	0086562
08	0086563
08	0086564
08	0086565
08	0086566
08	0086567
08	0086568
08	0086569
08	0086570
08	0086571
08	0086572
08	0086573
08	0086574
08	0086575
08	0086576
08	0086577
08	0086578
08	0086579
08	0086580
08	0086581
08	0086582
08	0086583
08	0086584
08	0086585
08	0086586
08	0086587
08	0086588
08	0086589
08	0086590
08	0086591
08	0086592
08	0086593
08	0086594
08	0086595
08	0086596
08	0086598
08	0086599
08	0086600
08	0086601
08	0086602
08	0086603
08	0086604
08	0086605
08	0086606
08	0086607
08	0086608
08	0086609
08	0086610
08	0086611
08	0086612
08	0086613
08	0086614
08	0086615
08	0086616
08	0086617
08	0086618
08	0086619
08	0086620
08	0086621
08	0086622
08	0086623
08	0086624
08	0086625
08	0086626
08	0086627
08	0086628
08	0086629
08	0086630
08	0086631
08	0086632
08	0086633
08	0086634
08	0086635
08	0086636
08	0086637
08	0086638
08	0086639
08	0086640
08	0086641
08	0086642
08	0086643
08	0086644
08	0086645
08	0086646
08	0086647
08	0086648
08	0086649
08	0086650
08	0086651
08	0086652
08	0086653
08	0086654
08	0086655
08	0086656
08	0086657
08	0086658
08	0086659
08	0086660
08	0086661
08	0086662
08	0086663
08	0086664
08	0086665
08	0086666
08	0086667
08	0086668
08	0086669
08	0086670
08	0086671
08	0086672
08	0086673
08	0086674
08	0086675
08	0086676
08	0086677
08	0086678
08	0086679
08	0086680
08	0086681
08	0086682
08	0086683
08	0086684
08	0086685
08	0086686
08	0086687
08	0086688
08	0086689
08	0086690
13	0125219
13	0125220
13	0125221
13	0125222
13	0125223
13	0125224
13	0125225
13	0125226
13	0125227
13	0125228
13	0125229
13	0125230
13	0125231
13	0125232
13	0125233
13	0125234
13	0125235
13	0125236
13	0125237
13	0125238
13	0125239
13	0125240
13	0125241
13	0125242
13	0125243
13	0125244
13	0125245
13	0125246
13	0125247
13	0125248
13	0125249
13	0125250
13	0125251
13	0125252
13	0125253
13	0125254
13	0125255
13	0125256
13	0125257
13	0125258
13	0125259
13	0125260
13	0125261
13	0125262
13	0125263
13	0125264
13	0125265
13	0125266
13	0125267
13	0125268
13	0125269
13	0125270
13	0125271
13	0125272
13	0125273
13	0125274
13	0125275
13	0125276
13	0125277
13	0125278
13	0125279
13	0125280
13	0125281
13	0125282
13	0125283
13	0125284
13	0125285
13	0125286
13	0125287
13	0125288
13	0125289
13	0125290
13	0125291
13	0125292
13	0125293
13	0125294
13	0125295
13	0125296
13	0125297
13	0125298
13	0125299
13	0125300
13	0125301
13	0125302
13	0125303
13	0125304
13	0125305
13	0125306
13	0125307
13	0125308
13	0125309
13	0125310
13	0125311
13	0125312
13	0125313
13	0125314
13	0125315
13	0125316
13	0125317
13	0125318
13	0125319
13	0125320
13	0125321
13	0125322
13	0125323
13	0125324
13	0125325
13	0125326
13	0125327
13	0125328
13	0125329
13	0125330
13	0125331
13	0125332
13	0125333
13	0125334
13	0125335
13	0125336
13	0125337
13	0125338
13	0125339
13	0125340
13	0125341
13	0125342
13	0125343
13	0125344
13	0125345
13	0125346
13	0125347
13	0125348
13	0125349
13	0125350
13	0125351
13	0125352
13	0125353
13	0125354
13	0125355
13	0125356
13	0125357
13	0125358
13	0125359
13	0125360
13	0125361
13	0125362
13	0125363
13	0125364
13	0125365
13	0125366
13	0125367
13	0125368
13	0125369
13	0125370
13	0125371
13	0125372
13	0125373
13	0125374
13	0125375
13	0125376
13	0125377
13	0125378
13	0125379
13	0125380
13	0125381
13	0125382
13	0125383
13	0125384
13	0125385
13	0125386
13	0125387
13	0125388
13	0125389
13	0125390
13	0125391
13	0125392
13	0125393
13	0125394
13	0125395
13	0125396
13	0125397
13	0125398
13	0125399
13	0125400
13	0125401
13	0125402
13	0125403
13	0125404
13	0125405
13	0125406
13	0125407
13	0125408
13	0125409
13	0125410
13	0125411
13	0125412
13	0125413
13	0125414
13	0125415
13	0125416
13	0125417
13	0125418
13	0125419
13	0125420
13	0125421
13	0125422
13	0125423
13	0125424
13	0125425
13	0125426
13	0125427
13	0125428
13	0125429
13	0125430
13	0125431
13	0125432
13	0125433
13	0125434
13	0125435
13	0125436
13	0125437
13	0125438
13	0125439
13	0125440
13	0125441
13	0125442
13	0125443
13	0125444
13	0125445
13	0125446
13	0125447
13	0125448
13	0125449
13	0125450
13	0125451
13	0125452
13	0125453
13	0125454
13	0125455
13	0125456
13	0125457
13	0125458
13	0125459
13	0125460
13	0125461
13	0125462
13	0125463
13	0125464
13	0125465
13	0125466
13	0125467
13	0125468
13	0125469
13	0125470
13	0125471
13	0125472
13	0125473
13	0125474
13	0125475
13	0125476
13	0125477
13	0125478
13	0125479
13	0125480
13	0125481
13	0125482
13	0125483
13	0125484
13	0125485
13	0125486
13	0125487
13	0125488
13	0125489
13	0125490
13	0125491
13	0125492
13	0125493
13	0125494
13	0125495
13	0125496
13	0125497
13	0125498
13	0125499
13	0125500
13	0125501
13	0125502
13	0125503
13	0125504
13	0125505
13	0125506
13	0125507
13	0125508
13	0125509
13	0125510
13	0125511
13	0125512
13	0125513
13	0125514
13	0125515
13	0125516
13	0125517
13	0125518
13	0125519
13	0125520
13	0125521
13	0125522
13	0125523
13	0125524
13	0125525
13	0125526
13	0125527
13	0125528
13	0125529
13	0125530
13	0125531
13	0125532
13	0125533
13	0125534
13	0125535
13	0125536
13	0125537
13	0125538
13	0125539
13	0125540
13	0125541
13	0125542
13	0125543
13	0125544
13	0125545
13	0125546
13	0125547
13	0125548
13	0125549
13	0125550
13	0125551
13	0125552
13	0125553
13	0125554
13	0125555
13	0125556
13	0125557
13	0125558
13	0125559
13	0125560
13	0125561
13	0125562
13	0125563
13	0125564
13	0125565
13	0125566
13	0125567
13	0125568
13	0125569
13	0125570
13	0125571
13	0125572
13	0125573
13	0125574
13	0125575
13	0125576
13	0125577
13	0125578
13	0125579
13	0125580
13	0125581
13	0125582
13	0125583
13	0125584
13	0125585
13	0125586
13	0125587
13	0125588
13	0125589
13	0125590
13	0125591
13	0125592
13	0125593
13	0125594
13	0125595
13	0125596
13	0125597
13	0125598
13	0125599
13	0125600
13	0125601
13	0125602
13	0125603
13	0125604
13	0125605
13	0125606
13	0125607
13	0125608
13	0125609
13	0125610
13	0125611
13	0125612
13	0125613
13	0125614
13	0125615
13	0125616
13	0125617
13	0125618
13	0125619
13	0125620
13	0125621
13	0125622
13	0125623
13	0125624
13	0125625
13	0125626
13	0125627
13	0125628
13	0125629
13	0125630
13	0125631
13	0125632
13	0125633
13	0125634
13	0125635
13	0125636
13	0125637
13	0125638
13	0125639
13	0125640
13	0125641
13	0125642
13	0125643
13	0125644
13	0125645
13	0125646
13	0125647
13	0125648
13	0125649
13	0125650
13	0125651
13	0125652
13	0125653
13	0125654
13	0125655
13	0125656
13	0125657
13	0125658
13	0125659
13	0125660
13	0125661
13	0125662
13	0125663
13	0125664
13	0125665
13	0125666
13	0125667
13	0125668
13	0125669
13	0125670
13	0125671
13	0125672
13	0125673
13	0125674
13	0125675
13	0125676
13	0125677
13	0125678
13	0125679
13	0125680
13	0125681
13	0125682
13	0125683
13	0125684
13	0125685
13	0125686
13	0125687
13	0125688
13	0125689
13	0125690
13	0125691
13	0125692
13	0125693
13	0125694
13	0125695
13	0125696
13	0125697
13	0125698
13	0125699
13	0125700
13	0125701
13	0125702
13	0125703
13	0125704
13	0125705
13	0125706
13	0125707
13	0125708
13	0125709
13	0125710
13	0125711
13	0125712
13	0125713
13	0125714
13	0125715
13	0125716
13	0125717
13	0125718
13	0125719
13	0125720
13	0125721
13	0125722
13	0125723
13	0125724
13	0125725
13	0125726
13	0125727
13	0125728
13	0125729
13	0125730
13	0125731
13	0125732
13	0125733
13	0125734
13	0125735
13	0125736
13	0125737
13	0125738
13	0125739
13	0125740
13	0125741
13	0125742
13	0125743
13	0125744
13	0125745
13	0125746
13	0125747
13	0125748
13	0125749
13	0125750
13	0125751
13	0125752
13	0125753
13	0125754
13	0125755
13	0125756
13	0125757
13	0125758
13	0125759
13	0125760
13	0125761
13	0125762
13	0125763
13	0125764
13	0125765
13	0125766
13	0125767
13	0125768
13	0125769
13	0125770
13	0125771
13	0125772
13	0125773
13	0125774
13	0125775
13	0125776
13	0125777
13	0125778
13	0125779
13	0125780
13	0125782
13	0125783
13	0125784
13	0125785
13	0125786
13	0125787
13	0125788
13	0125789
13	0125790
13	0125791
13	0125792
13	0125793
13	0125794
13	0125795
13	0125796
13	0125797
13	0125798
13	0125799
13	0125800
13	0125801
13	0125802
13	0125803
13	0125804
13	0125805
13	0125806
13	0125807
13	0125808
13	0125809
13	0125810
13	0125811
13	0125812
13	0125813
13	0125814
13	0125815
13	0125816
13	0125817
13	0125818
13	0125819
13	0125820
13	0125821
13	0125822
13	0125823
13	0125824
13	0125825
13	0125826
13	0125827
13	0125828
13	0125829
13	0125830
13	0125831
13	0125832
13	0125833
13	0125834
13	0125835
13	0125836
13	0125837
13	0125838
13	0125839
13	0125840
13	0125841
13	0125842
13	0125843
13	0125844
13	0125845
13	0125846
13	0125847
13	0125848
13	0125849
13	0125850
13	0125851
13	0125852
13	0125853
13	0125854
13	0125855
13	0125856
13	0125857
13	0125858
13	0125859
13	0125860
13	0125861
13	0125862
13	0125863
13	0125864
13	0125865
13	0125866
13	0125867
13	0125868
13	0125869
13	0125870
13	0125871
13	0125872
13	0125873
13	0125874
13	0125875
13	0125876
13	0125877
13	0125878
13	0125879
13	0125880
13	0125881
13	0125882
13	0125883
13	0125884
13	0125885
13	0125886
13	0125887
13	0125888
13	0125889
13	0125890
13	0125891
13	0125892
13	0125893
13	0125894
13	0125895
13	0125896
13	0125897
13	0125898
13	0125899
13	0125900
13	0125901
13	0125902
13	0125903
13	0125904
13	0125905
13	0125906
13	0125907
13	0125908
13	0125909
13	0125910
13	0125911
13	0125912
13	0125913
13	0125914
13	0125915
13	0125916
13	0125917
13	0125918
13	0125919
13	0125920
13	0125921
13	0125922
13	0125923
13	0125924
13	0125925
13	0125926
13	0125927
13	0125928
13	0125929
13	0125930
13	0125931
13	0125932
13	0125933
13	0125934
13	0125935
13	0125936
13	0125937
13	0125938
13	0125939
13	0125940
13	0125941
13	0125942
13	0125943
13	0125944
13	0125945
13	0125946
13	0125947
13	0125948
13	0125949
13	0125950
13	0125951
13	0125952
13	0125953
13	0125954
13	0125955
13	0125956
13	0125957
13	0125958
13	0125959
13	0125960
13	0125961
13	0125962
13	0125963
13	0125964
13	0125965
13	0125966
13	0125967
13	0125968
13	0125969
13	0125970
13	0125971
13	0125972
13	0125973
13	0125974
13	0125975
13	0125976
13	0125977
13	0125978
13	0125979
13	0125980
13	0125981
13	0125982
13	0125983
13	0125984
13	0125985
13	0125986
13	0125987
13	0125988
13	0125989
13	0125990
13	0125991
13	0125992
13	0125993
13	0125994
13	0125995
13	0125996
13	0125997
13	0125998
13	0125999
13	0126000
13	0126001
13	0126002
13	0126003
13	0126004
13	0126005
13	0126006
13	0126007
13	0126008
13	0126009
13	0126010
13	0126011
13	0126012
13	0126013
13	0126014
13	0126015
13	0126016
13	0126017
13	0126018
13	0126019
13	0126020
13	0126021
13	0126022
13	0126023
13	0126024
13	0126025
13	0126026
13	0126027
13	0126028
13	0126029
13	0126030
13	0126031
13	0126032
13	0126033
13	0126034
13	0126035
13	0126036
13	0126037
13	0126038
13	0126039
13	0126040
13	0126041
13	0126042
13	0126043
13	0126044
13	0126045
13	0126046
13	0126047
13	0126048
13	0126049
13	0126050
13	0126051
13	0126052
13	0126053
13	0126054
13	0126055
13	0126056
13	0126057
13	0126058
13	0126059
13	0126060
13	0126061
13	0126062
13	0126063
13	0126064
13	0126065
13	0126066
13	0126067
13	0126068
13	0126069
13	0126070
13	0126071
13	0126072
13	0126073
13	0126074
13	0126075
13	0126076
13	0126077
13	0126078
13	0126079
13	0126080
13	0126081
13	0126082
13	0126083
13	0126084
13	0126085
13	0126086
13	0126087
13	0126088
13	0126089
13	0126090
13	0126091
13	0126092
13	0126093
13	0126094
13	0126095
13	0126096
13	0126097
13	0126098
13	0126099
13	0126100
13	0126101
13	0126102
13	0126103
13	0126104
13	0126105
13	0126106
13	0126107
13	0126108
13	0126109
13	0126110
13	0126111
